Position_Index,X_Position,Y_Position,Baseline_Offset_[N],Baseline_Slope_[N/m],Contact_Point_Offset_[m],Young's_modulus_[Pa],Contact_Point_[m],Baseline_[N],Discontinuity_Position,Discontinuity_Width_[m],Adhesion_[N],ResidualRMS_[N],Grid,Sample,Spot X,Spot Y,AFM X,AFM Y,Distance,Barcode
0,0.001546,0.00069,-3.5e-09,2.07e-05,6.74e-05,4994.13,-6.5e-08,5.6e-12,,0,0,3.03e-11,grid01,Patient7b,2915,3849,2890.4462938079046,3823.6016730782717,25.912469903766233,CTTCGATTGCGCAAGC-1
1,0.001566,0.00069,-4.4e-09,2.77e-05,6.66e-05,2826.0,-1.5e-08,2.25e-12,,0,0,1.87e-11,grid01,Patient7b,2915,3849,2878.4167303387694,3800.021513616147,44.84183203740554,CTTCGATTGCGCAAGC-1
6,0.001666,0.00069,-2.7e-09,-3.4e-05,6.29e-05,5078.12,-4.5e-08,7.82e-12,,0,0,3e-11,grid01,Patient7b,2796,3640,2818.268912993096,3682.1207163055233,34.94838887671264,TGCAACTACTGGTTGA-1
7,0.001686,0.00069,-2.2e-09,1.92e-05,6.72e-05,7565.89,-8.1e-08,7.95e-12,,0,0,4.04e-11,grid01,Patient7b,2796,3640,2806.2393495239608,3658.540556843399,15.535903631180489,TGCAACTACTGGTTGA-1
8,0.001706,0.00069,-5.9e-10,-8.9e-06,6.34e-05,7025.43,-8.5e-08,7.28e-12,,0,0,4.4e-11,grid01,Patient7b,2796,3640,2794.209786054826,3634.9603973812737,3.9229273262431468,TGCAACTACTGGTTGA-1
9,0.001726,0.00069,-5.3e-09,6.04e-05,6.29e-05,4770.15,-7.8e-08,3.3e-11,,0,0,4.08e-11,grid01,Patient7b,2796,3640,2782.1802225856914,3611.3802379191493,23.312337003975127,TGCAACTACTGGTTGA-1
10,0.001726,0.00071,3.12e-08,-0.00047,6.91e-05,2550.55,-2.8e-08,2.68e-11,,0,0,4.04e-11,grid01,Patient7b,2796,3640,2805.82129654528,3600.377298465507,29.943345633084384,TGCAACTACTGGTTGA-1
11,0.001706,0.00071,-2.6e-09,5.91e-06,6.18e-05,1586.35,-4.1e-08,4.42e-12,,0,0,3.02e-11,grid01,Patient7b,2796,3640,2817.8508600144146,3623.957457927632,19.883828411239953,TGCAACTACTGGTTGA-1
12,0.001686,0.00071,-3.4e-09,1.4e-05,6.9e-05,4502.94,-4e-08,6.44e-12,,0,0,3.96e-11,grid01,Patient7b,2796,3640,2829.8804234835493,3647.5376173897566,25.459378576139333,TGCAACTACTGGTTGA-1
13,0.001666,0.00071,-3.1e-09,6.32e-06,6.86e-05,1914.5,-2.7e-08,2.43e-12,,0,0,1.51e-11,grid01,Patient7b,2796,3640,2841.909986952684,3671.117776851881,40.68223105102504,TGCAACTACTGGTTGA-1
14,0.001646,0.00071,-3.5e-09,9.4e-06,6.44e-05,3350.75,-3e-08,1.51e-12,,0,0,1.38e-11,grid01,Patient7b,2916,3710,2853.939550421819,3694.6979363140063,46.88557871764289,TCATCCTCAGCTGCTT-1
15,0.001626,0.00071,-3.8e-09,9.31e-06,6.57e-05,3213.94,-4e-09,9.1e-13,,0,0,1.1e-11,grid01,Patient7b,2916,3710,2865.969113890954,3718.2780957761306,37.19732091622622,TCATCCTCAGCTGCTT-1
17,0.001586,0.00071,-4.1e-09,6.19e-06,6.43e-05,2853.43,-4e-08,3.59e-12,,0,0,1.33e-11,grid01,Patient7b,2916,3710,2890.0282408292233,3765.4384147003802,44.9061130414154,TCATCCTCAGCTGCTT-1
18,0.001566,0.00071,-3.7e-09,-3e-06,6.54e-05,127.483,5.69e-08,-3.5e-12,,0,0,8.49e-12,grid01,Patient7b,2915,3849,2902.057804298358,3789.0185741625046,45.009763963082904,CTTCGATTGCGCAAGC-1
19,0.001546,0.00071,9.03e-09,-0.0002,6.54e-05,10712.3,-7.8e-09,8.84e-13,,0,0,3.66e-11,grid01,Patient7b,2915,3849,2914.087367767493,3812.5987336246294,26.709238671672278,CTTCGATTGCGCAAGC-1
22,0.001586,0.00073,2.4e-09,-0.00011,6.46e-05,166.732,6.6e-08,2.16e-12,,0,0,1.54e-11,grid01,Patient7b,2916,3710,2913.669314788812,3754.435475246738,32.63885913064938,TCATCCTCAGCTGCTT-1
23,0.001606,0.00073,-5.5e-09,7.36e-06,6.34e-05,898.431,-3.8e-08,3.1e-12,,0,0,1.22e-11,grid01,Patient7b,2916,3710,2901.639751319677,3730.8553157846127,18.573429142411896,TCATCCTCAGCTGCTT-1
25,0.001646,0.00073,-5.8e-10,-7.1e-05,6.69e-05,1125.87,-6.5e-08,3.42e-12,,0,0,1.68e-11,grid01,Patient7b,2916,3710,2877.5806243814072,3683.6949968603635,34.15374769267197,TCATCCTCAGCTGCTT-1
27,0.001686,0.00073,-6.1e-09,5.35e-06,6.49e-05,18919.9,-9.3e-08,2.21e-11,,0,0,1e-10,grid01,Patient7b,2796,3640,2853.521497443138,3636.5346779361143,42.2693356158139,TGCAACTACTGGTTGA-1
28,0.001706,0.00073,-6.5e-09,7.88e-06,6.5e-05,802.079,-3.6e-08,5.85e-13,,0,0,1.07e-11,grid01,Patient7b,2796,3640,2841.491933974003,3612.9545184739895,38.82067781275283,TGCAACTACTGGTTGA-1
29,0.001726,0.00073,-6.4e-09,3.83e-06,6.61e-05,10836.3,-5e-08,1.02e-11,,0,0,9.05e-11,grid01,Patient7b,2796,3640,2829.462370504868,3589.3743590118647,44.51341324691984,TGCAACTACTGGTTGA-1
30,0.001726,0.00075,-6.7e-09,5.93e-06,6.74e-05,153.038,8.7e-09,1.31e-12,,0,0,8.39e-12,grid01,Patient7b,2917,3572,2853.1034444644565,3578.3714195582224,47.101468194422054,ATGTTGATTAGAGACT-1
31,0.001706,0.00075,-7.2e-09,1.05e-05,6.28e-05,7115.68,-7.1e-08,9.71e-12,,0,0,3.19e-11,grid01,Patient7b,2917,3572,2865.1330079335917,3601.9515790203473,43.93304664779022,ATGTTGATTAGAGACT-1
32,0.001686,0.00075,-6.5e-09,-3.5e-06,6.27e-05,1960.32,-4.4e-08,1.44e-12,,0,0,1.08e-11,grid01,Patient7b,2917,3572,2877.1625714027264,3625.531738482472,48.94616951359904,ATGTTGATTAGAGACT-1
33,0.001666,0.00075,-6.6e-09,-4.3e-06,6.77e-05,20199.3,-3.8e-08,8.39e-12,,0,0,8.25e-11,grid01,Patient7b,2916,3710,2889.192134871861,3649.1118979445964,48.7995007711942,TCATCCTCAGCTGCTT-1
34,0.001646,0.00075,1.51e-08,-0.00033,6.68e-05,8115.87,-7.3e-08,3.57e-11,,0,0,7.43e-11,grid01,Patient7b,2916,3710,2901.2216983409958,3672.6920574067217,29.43468347535477,TCATCCTCAGCTGCTT-1
35,0.001626,0.00075,-1e-08,4.98e-05,6.25e-05,5548.85,-5.4e-08,7.51e-12,,0,0,4.45e-11,grid01,Patient7b,2916,3710,2913.2512618101305,3696.272216868846,10.269398603675384,TCATCCTCAGCTGCTT-1
36,0.001606,0.00075,-7.3e-09,-2.2e-06,6.32e-05,402.873,4.38e-09,2.3e-12,,0,0,1.05e-11,grid01,Patient7b,2916,3710,2925.2808252792656,3719.852376330971,9.928300190781531,TCATCCTCAGCTGCTT-1
37,0.001586,0.00075,-9.3e-09,2.67e-05,6.42e-05,95.7486,1.25e-07,-2.4e-12,,0,0,9.94e-12,grid01,Patient7b,2916,3710,2937.3103887484003,3743.4325357930957,29.081478337348088,TCATCCTCAGCTGCTT-1
38,0.001566,0.00075,-8.3e-09,7.09e-06,6.92e-05,950.014,-4.8e-08,3.22e-12,,0,0,1.47e-11,grid01,Patient7b,2916,3710,2949.339952217535,3767.01269525522,48.445270775414826,TCATCCTCAGCTGCTT-1
40,0.001546,0.00077,-8.2e-09,1.23e-06,6.68e-05,7776.81,-4.6e-08,3.47e-12,,0,0,2.02e-11,grid01,Patient7b,3036,3780,2985.0105896462583,3779.5899152637026,37.40266954447831,CGCATGCCGAATGCGT-1
41,0.001566,0.00077,-6.8e-09,-2.2e-05,6.43e-05,98.0139,7.61e-08,2.26e-12,,0,0,1.17e-11,grid01,Patient7b,3036,3780,2972.9810261771236,3756.0097558015777,49.461508703539025,CGCATGCCGAATGCGT-1
42,0.001586,0.00077,-8.1e-09,-4.4e-06,6.48e-05,651.803,-6.6e-08,6.15e-12,,0,0,1.37e-11,grid01,Patient7b,2916,3710,2960.9514627079884,3732.4295963394534,36.8492979484572,TCATCCTCAGCTGCTT-1
43,0.001606,0.00077,-8.2e-09,-6.5e-06,6.32e-05,11800.1,-6.4e-08,1.17e-11,,0,0,5e-11,grid01,Patient7b,2916,3710,2948.9218992388537,3708.8494368773286,24.16342565369404,TCATCCTCAGCTGCTT-1
44,0.001626,0.00077,-9.3e-09,7.88e-06,6.43e-05,671.591,-1.5e-08,9.65e-13,,0,0,8.77e-12,grid01,Patient7b,2916,3710,2936.892335769719,3685.2692774152038,23.74704528903115,TCATCCTCAGCTGCTT-1
45,0.001646,0.00077,-4.1e-09,-7.3e-05,6.48e-05,54.3425,2.52e-07,-1.4e-11,,0,0,9.23e-12,grid01,Patient7b,2916,3710,2924.8627723005843,3661.689117953079,36.02809766289726,TCATCCTCAGCTGCTT-1
46,0.001666,0.00077,-7.3e-09,-2.7e-05,6.48e-05,1034.04,-7.6e-09,1.69e-12,,0,0,9.68e-12,grid01,Patient7b,2917,3572,2912.8332088314496,3638.108958490954,48.5880899108023,ATGTTGATTAGAGACT-1
47,0.001686,0.00077,-9.8e-09,7.72e-06,6.53e-05,7994.83,-6.9e-08,1.03e-11,,0,0,5.29e-11,grid01,Patient7b,2917,3572,2900.8036453623145,3614.52879902883,33.38111046546705,ATGTTGATTAGAGACT-1
48,0.001706,0.00077,-9.9e-09,6.13e-06,6.5e-05,890.983,1.53e-08,1.36e-12,,0,0,8.2e-12,grid01,Patient7b,2917,3572,2888.7740818931798,3590.948639566705,24.93682480279826,ATGTTGATTAGAGACT-1
49,0.001726,0.00077,9.13e-09,-0.00014,6.57e-05,1595.88,-1.9e-08,9.49e-13,,0,0,2.53e-11,grid01,Patient7b,2917,3572,2876.744518424045,3567.36848010458,29.722761769281554,ATGTTGATTAGAGACT-1
51,0.001706,0.00079,5.04e-09,-8.8e-05,6.54e-05,1113.8,-2.7e-08,1.17e-11,,0,0,1.96e-11,grid01,Patient7b,2917,3572,2912.4151558527683,3579.9457001130627,6.728966845456142,ATGTTGATTAGAGACT-1
52,0.001686,0.00079,-1.3e-09,6.85e-06,6.74e-05,2446.12,-4.4e-08,3.44e-12,,0,0,1.49e-11,grid01,Patient7b,2917,3572,2924.444719321903,3603.5258595751875,23.760696156356868,ATGTTGATTAGAGACT-1
53,0.001666,0.00079,2.56e-09,-5.2e-05,6.66e-05,73.8089,1.55e-07,-8.6e-12,,0,0,9.16e-12,grid01,Patient7b,2917,3572,2936.474282791038,3627.1060190373123,42.870887668352,ATGTTGATTAGAGACT-1
54,0.001646,0.00079,4.75e-09,-8.6e-05,6.76e-05,9780.26,-7.7e-08,1.81e-11,,0,0,5.42e-11,grid01,Patient7b,2916,3710,2948.503846260173,3650.686178499437,49.611976086358744,TCATCCTCAGCTGCTT-1
55,0.001626,0.00079,-1.5e-09,4.52e-06,6.91e-05,392.581,-1.8e-08,5.44e-12,,0,0,1.03e-11,grid01,Patient7b,2916,3710,2960.5334097293076,3674.2663379615615,41.8817966700415,TCATCCTCAGCTGCTT-1
56,0.001606,0.00079,-1.7e-09,6.29e-06,6.57e-05,11805.5,-6.7e-08,1.93e-11,,0,0,1.08e-10,grid01,Patient7b,2916,3710,2972.5629731984423,3697.8464974236863,42.43668523857874,TCATCCTCAGCTGCTT-1
58,0.001566,0.00079,-1.7e-09,3.37e-06,6.51e-05,1603.2,-7e-08,3.17e-12,,0,0,2.05e-11,grid01,Patient7b,3036,3780,2996.622100136712,3745.0068163479355,38.6412496148109,CGCATGCCGAATGCGT-1
59,0.001546,0.00079,1.06e-08,-0.00019,6.45e-05,1115.79,-3.3e-08,2.6e-12,,0,0,2.15e-11,grid01,Patient7b,3036,3780,3008.651663605847,3768.5869758100607,21.737143326171022,CGCATGCCGAATGCGT-1
60,0.001546,0.00081,9.34e-09,-0.00017,6.5e-05,2448.02,-3.6e-08,8.61e-12,,0,0,1.76e-11,grid01,Patient7b,3036,3780,3032.2927375654353,3757.584036356418,16.665780239306084,CGCATGCCGAATGCGT-1
61,0.001566,0.00081,-2.4e-09,6.79e-06,6.5e-05,153.29,1e-07,1.27e-12,,0,0,1.02e-11,grid01,Patient7b,3036,3780,3020.2631740963,3734.003876894293,35.658836498563225,CGCATGCCGAATGCGT-1
63,0.001606,0.00081,2.39e-07,-0.00344,6.99e-05,3896.54,-3.1e-08,4.85e-10,,0,0,7.07e-10,grid01,Patient7b,3037,3642,2996.204047158031,3686.843557970044,44.4684786743851,TCCAACTCAGCTATCT-1
64,0.001626,0.00081,-3e-09,1.08e-05,7.2e-05,2161.93,-4.1e-08,2.15e-12,,0,0,1.34e-11,grid01,Patient7b,3037,3642,2984.174483688896,3663.263398507919,41.76954655188908,TCCAACTCAGCTATCT-1
65,0.001646,0.00081,5.05e-10,-4.2e-05,6.69e-05,166.439,6.85e-08,-1.5e-12,,0,0,1.27e-11,grid01,Patient7b,3037,3642,2972.144920219761,3639.6832390457944,47.602469298313885,TCCAACTCAGCTATCT-1
66,0.001666,0.00081,-1.3e-09,-1.7e-05,6.7e-05,751.756,-3.2e-08,1.81e-13,,0,0,1.51e-11,grid01,Patient7b,2917,3572,2960.1153567506262,3616.1030795836696,45.240741128300535,ATGTTGATTAGAGACT-1
68,0.001706,0.00081,-3.2e-09,7.38e-06,6.83e-05,2249.54,-7.3e-08,4.02e-12,,0,0,1.62e-11,grid01,Patient7b,2917,3572,2936.056229812357,3568.9427606594204,14.156760873954097,ATGTTGATTAGAGACT-1
69,0.001726,0.00081,-3.3e-09,7.52e-06,6.75e-05,3309.02,-3.3e-08,4.34e-12,,0,0,3.03e-11,grid01,Patient7b,2917,3572,2924.026666343222,3545.3626011972956,20.207287043537494,ATGTTGATTAGAGACT-1
70,0.001726,0.00083,-2.9e-09,-7.7e-07,6.78e-05,3434.55,-6.6e-08,5.43e-12,,0,0,3.64e-11,grid01,Patient7b,2917,3572,2947.6677403028107,3534.3596617436533,35.613650065712996,ATGTTGATTAGAGACT-1
71,0.001706,0.00083,-3.4e-09,6.39e-06,7.12e-05,1855.29,-4.1e-08,3.22e-12,,0,0,1.8e-11,grid01,Patient7b,2917,3572,2959.6973037719454,3557.939821205778,32.97347240056259,ATGTTGATTAGAGACT-1
72,0.001686,0.00083,-1.4e-11,-4.6e-05,6.49e-05,119.847,6.25e-08,-2.5e-13,,0,0,1.38e-11,grid01,Patient7b,2917,3572,2971.72686724108,3581.519980667903,40.74577688434148,ATGTTGATTAGAGACT-1
73,0.001666,0.00083,-9.1e-10,-3.5e-05,6.46e-05,2519.35,-3e-08,3.35e-13,,0,0,1.21e-11,grid01,Patient7b,3037,3642,2983.7564307102148,3605.1001401300277,47.5172179910526,TCCAACTCAGCTATCT-1
74,0.001646,0.00083,-3.2e-09,-1.1e-06,7.07e-05,430.242,1.43e-08,-2e-12,,0,0,1.1e-11,grid01,Patient7b,3037,3642,2995.7859941793495,3628.6802995921526,31.770641844597638,TCCAACTCAGCTATCT-1
75,0.001626,0.00083,-3.6e-09,2.69e-06,6.74e-05,5201.78,-5.1e-08,6.33e-12,,0,0,3.91e-11,grid01,Patient7b,3037,3642,3007.8155576484846,3652.260459054277,22.691672512982244,TCCAACTCAGCTATCT-1
76,0.001606,0.00083,9.47e-10,-6.2e-05,6.94e-05,9910.53,-7.9e-08,1.2e-11,,0,0,5.39e-11,grid01,Patient7b,3037,3642,3019.8451211176193,3675.8406185164017,27.82985735258901,TCCAACTCAGCTATCT-1
77,0.001586,0.00083,-2.2e-09,-1.9e-05,7.15e-05,729.967,-6.9e-08,2.62e-12,,0,0,1.46e-11,grid01,Patient7b,3037,3642,3031.874684586754,3699.4207779785265,42.28641105254431,TCCAACTCAGCTATCT-1
78,0.001566,0.00083,-2.6e-09,-1.5e-05,6.65e-05,786.263,-6.1e-08,1.3e-12,,0,0,1.52e-11,grid01,Patient7b,3036,3780,3043.9042480558887,3723.0009374406513,42.20971676215839,CGCATGCCGAATGCGT-1
79,0.001546,0.00083,-2.1e-09,-2.4e-05,6.87e-05,204.19,1.23e-08,2.04e-13,,0,0,1.01e-11,grid01,Patient7b,3036,3780,3055.9338115250234,3746.581096902776,28.542848177090413,CGCATGCCGAATGCGT-1
80,0.001546,0.00085,-9.5e-11,-5.5e-05,6.8e-05,4615.99,-4.4e-08,1.28e-11,,0,0,2.77e-11,grid01,Patient7b,3036,3780,3079.574885484612,3735.5781574491334,45.6436332165761,CGCATGCCGAATGCGT-1
82,0.001586,0.00085,-4.5e-09,6.16e-06,6.69e-05,19779.9,-5e-08,1.44e-11,,0,0,1.02e-10,grid01,Patient7b,3037,3642,3055.5157585463426,3688.4178385248842,36.6569969691249,TCCAACTCAGCTATCT-1
83,0.001606,0.00085,-2.4e-09,-2.6e-05,6.63e-05,43.8793,2.87e-07,-1e-11,,0,0,9.47e-12,grid01,Patient7b,3037,3642,3043.4861950772074,3664.8376790627594,17.414288529536186,TCCAACTCAGCTATCT-1
84,0.001626,0.00085,-3.5e-09,-1.1e-05,6.95e-05,114.858,7.81e-08,9.35e-14,,0,0,8.47e-12,grid01,Patient7b,3037,3642,3031.4566316080727,3641.2575196006346,4.102450949824724,TCCAACTCAGCTATCT-1
86,0.001666,0.00085,-3.1e-09,-2.1e-05,6.45e-05,33.0587,3.02e-07,-4.1e-12,,0,0,9.64e-12,grid01,Patient7b,3037,3642,3007.3975046698033,3594.097200676385,41.30529437297465,TCCAACTCAGCTATCT-1
90,0.001726,0.00087,-4.5e-09,-6e-06,6.58e-05,529.737,-4.6e-09,2.62e-12,,0,0,1.32e-11,grid01,Patient7b,3038,3503,2994.9498882219873,3512.353782836369,32.31465760944107,TACCGAATAATTGTAA-1
91,0.001706,0.00087,-1.9e-09,-4.4e-05,6.97e-05,1709.95,-4.4e-08,1.68e-12,,0,0,1.93e-11,grid01,Patient7b,3038,3503,3006.979451691122,3535.933942298494,33.18630429278128,TACCGAATAATTGTAA-1
92,0.001686,0.00087,4.93e-09,-0.00015,6.72e-05,4979.14,-6.8e-08,7.19e-12,,0,0,3.57e-11,grid01,Patient7b,3038,3503,3019.009015160257,3559.5141017606184,43.73185485914097,TACCGAATAATTGTAA-1
93,0.001666,0.00087,-4.8e-09,-6.5e-06,6.89e-05,2031.82,-1.8e-08,-3.3e-13,,0,0,1.01e-11,grid01,Patient7b,3037,3642,3031.038578629392,3583.094261222743,43.42890513172303,TCCAACTCAGCTATCT-1
94,0.001646,0.00087,4.89e-09,-0.00016,6.38e-05,319.342,1.97e-08,9.26e-12,,0,0,1.82e-11,grid01,Patient7b,3037,3642,3043.0681420985266,3606.674420684868,26.29133399580731,TCCAACTCAGCTATCT-1
95,0.001626,0.00087,2.92e-09,-0.00012,6.98e-05,8011.42,-1.5e-07,1.16e-11,,0,0,3.39e-11,grid01,Patient7b,3037,3642,3055.0977055676613,3630.2545801469923,15.825590865059777,TCCAACTCAGCTATCT-1
96,0.001606,0.00087,-4.7e-09,-1.1e-05,7.07e-05,1405.57,-6.1e-09,-3.5e-12,,0,0,1.19e-11,grid01,Patient7b,3037,3642,3067.127269036796,3653.834739609117,23.74268413191074,TCCAACTCAGCTATCT-1
97,0.001586,0.00087,3.98e-09,-0.00014,6.7e-05,8382.74,-1.3e-07,1.65e-11,,0,0,4.38e-11,grid01,Patient7b,3037,3642,3079.156832505931,3677.414899071242,40.38602993557795,TCCAACTCAGCTATCT-1
98,0.001566,0.00087,-4.5e-09,-1.8e-05,6.55e-05,782.763,-8.2e-08,2.29e-12,,0,0,1.41e-11,grid01,Patient7b,3157,3712,3091.186395975066,3700.995058533367,48.94546306812443,CTCTAGCCCTCGGAAA-1
99,0.001546,0.00087,-9.5e-10,-7.3e-05,6.52e-05,2967.11,4.05e-09,6.29e-12,,0,0,2.18e-11,grid01,Patient7b,3157,3712,3103.2159594442005,3724.5752179954916,40.51535443475031,CTCTAGCCCTCGGAAA-1
0,0.000933,0.000611,-1.1e-08,0.000154,6.72e-05,10110.5,-5.1e-08,-4.2e-11,,0,0,1.01e-10,grid02,Patient7b,3150,4682,3144.0535310779546,4620.465648725678,45.34659046490603,AATTCGATTCGAGGAT-1
1,0.000953,0.000611,-4.7e-10,-1e-05,6.98e-05,788.56,-2.7e-08,3.64e-12,,0,0,1.38e-11,grid02,Patient7b,3151,4543,3131.997992673152,4596.956149272576,41.960236778244884,GACTAGGCCGTTAGGT-1
2,0.000973,0.000611,-2.2e-09,1.13e-05,7.02e-05,1507.15,-3.9e-08,5.56e-12,,0,0,1.74e-11,grid02,Patient7b,3151,4543,3119.94245426835,4573.446649819474,31.90213377559023,GACTAGGCCGTTAGGT-1
3,0.000993,0.000611,1.01e-10,-2.4e-05,6.94e-05,15898.3,-1e-07,1.64e-11,,0,0,6.37e-11,grid02,Patient7b,3151,4543,3107.8869158635475,4549.937150366372,32.03083102526135,GACTAGGCCGTTAGGT-1
4,0.001013,0.000611,-6.1e-10,-1.5e-05,6.91e-05,3005.85,-1.3e-07,5.9e-12,,0,0,1.74e-11,grid02,Patient7b,3151,4543,3095.8313774587455,4526.427650913271,42.25334851447763,GACTAGGCCGTTAGGT-1
5,0.001033,0.000611,5.83e-09,-0.00011,6.81e-05,82.9242,1.68e-07,-2.3e-12,,0,0,1.03e-11,grid02,Patient7b,3031,4473,3083.775839053943,4502.91815146017,44.49950599937418,TCCAAGCCTAGACACA-1
6,0.001053,0.000611,-2.3e-09,4.31e-06,7.08e-05,1563.39,-2.9e-08,1.99e-12,,0,0,1.13e-11,grid02,Patient7b,3031,4473,3071.720300649141,4479.408652007068,30.236572971464906,TCCAAGCCTAGACACA-1
7,0.001073,0.000611,7.44e-09,-0.00013,7.36e-05,3126.96,-5.5e-08,5.48e-12,,0,0,2.27e-11,grid02,Patient7b,3031,4473,3059.6647622443384,4455.899152553966,24.483422630689923,TCCAAGCCTAGACACA-1
8,0.001093,0.000611,3.8e-09,-8.1e-05,7.3e-05,95.1692,9.91e-08,-1e-13,,0,0,8.22e-12,grid02,Patient7b,3031,4473,3047.6092238395363,4432.389653100864,32.18336449396093,TCCAAGCCTAGACACA-1
9,0.001113,0.000611,-2.7e-09,5.11e-06,6.79e-05,1261.4,-4e-09,1.66e-12,,0,0,1.23e-11,grid02,Patient7b,3031,4473,3035.553685434734,4408.880153647762,47.151280410750225,TCCAAGCCTAGACACA-1
11,0.001093,0.000631,-3.2e-09,9.86e-06,7.06e-05,717.1,-1.5e-08,5.78e-12,,0,0,1.13e-11,grid02,Patient7b,3031,4473,3071.157372542094,4421.297725132137,48.019923647404816,TCCAAGCCTAGACACA-1
12,0.001073,0.000631,-3e-09,5.93e-06,7.51e-05,1993.15,-3.8e-08,2.54e-12,,0,0,1.3e-11,grid02,Patient7b,3031,4473,3083.212910946896,4444.807224585239,43.5254080853307,TCCAAGCCTAGACACA-1
13,0.001053,0.000631,3.24e-09,-8.3e-05,7.01e-05,2881.32,-3.3e-08,2.1e-12,,0,0,1.54e-11,grid02,Patient7b,3031,4473,3095.2684493516986,4468.316724038341,47.2668230228188,TCCAAGCCTAGACACA-1
14,0.001033,0.000631,-2.9e-09,2.36e-06,7.06e-05,347.597,-2.2e-08,-2.2e-13,,0,0,1.2e-11,grid02,Patient7b,3151,4543,3107.3239877565006,4491.826223491443,49.34948276461172,GACTAGGCCGTTAGGT-1
15,0.001013,0.000631,1.42e-08,-0.00024,6.86e-05,859.351,-1.6e-08,-3.7e-13,,0,0,1.9e-11,grid02,Patient7b,3151,4543,3119.379526161303,4515.335722944545,30.817784559632234,GACTAGGCCGTTAGGT-1
16,0.000993,0.000631,-4.7e-10,-3.8e-05,6.74e-05,34962.7,-4.3e-08,1.23e-11,,0,0,7.93e-11,grid02,Patient7b,3151,4543,3131.435064566105,4538.8452223976465,14.671181580807145,GACTAGGCCGTTAGGT-1
17,0.000973,0.000631,-5.1e-09,2.79e-05,7.02e-05,8694.1,-1.4e-07,8.25e-12,,0,0,3.58e-11,grid02,Patient7b,3151,4543,3143.4906029709077,4562.354721850748,15.228086569691127,GACTAGGCCGTTAGGT-1
18,0.000953,0.000631,-2.2e-09,-1.6e-05,6.9e-05,1538.55,-8.3e-08,2.26e-12,,0,0,1.61e-11,grid02,Patient7b,3151,4543,3155.54614137571,4585.864221303849,31.617858876825544,GACTAGGCCGTTAGGT-1
21,0.000953,0.000651,2.65e-09,-9.4e-05,6.7e-05,1765.55,-1e-07,1.8e-11,,0,0,2.89e-11,grid02,Patient7b,3151,4543,3179.0942900782675,4574.772293335122,31.109720738543828,GACTAGGCCGTTAGGT-1
22,0.000973,0.000651,-4.1e-09,4.32e-06,6.96e-05,17469.2,-1.1e-07,2.72e-11,,0,0,1.31e-10,grid02,Patient7b,3151,4543,3167.038751673465,4551.262793882021,13.234095991761594,GACTAGGCCGTTAGGT-1
25,0.001033,0.000651,-3.2e-10,-5.6e-05,6.88e-05,1341.7,-8e-08,6.96e-12,,0,0,1.93e-11,grid02,Patient7b,3151,4543,3130.8721364590583,4480.734295522716,47.999801877605805,GACTAGGCCGTTAGGT-1
26,0.001053,0.000651,-4.2e-09,-1e-06,7.03e-05,2107.22,-6.8e-08,3.24e-12,,0,0,1.82e-11,grid02,Patient7b,3152,4405,3118.816598054256,4457.224796069614,45.386502679727364,GATTGGGAAAGGTTGT-1
27,0.001073,0.000651,-4e-09,-5.1e-06,6.79e-05,4196.95,-4.6e-08,4.32e-12,,0,0,3.82e-11,grid02,Patient7b,3152,4405,3106.7610596494537,4433.715296616512,39.303840852454975,GATTGGGAAAGGTTGT-1
28,0.001093,0.000651,-3.8e-09,-8.5e-06,7.09e-05,171.776,5.79e-08,5.9e-13,,0,0,1.01e-11,grid02,Patient7b,3152,4405,3094.705521244651,4410.20579716341,42.19943736351511,GATTGGGAAAGGTTGT-1
30,0.001113,0.000671,7.52e-09,-0.00017,6.86e-05,453.561,-1.3e-08,5.33e-12,,0,0,1.89e-11,grid02,Patient7b,3152,4405,3106.198131542407,4375.604369741582,39.920392678183255,GATTGGGAAAGGTTGT-1
31,0.001093,0.000671,-1.6e-09,-4.4e-05,7.01e-05,90.7664,1.19e-07,-2.1e-13,,0,0,9.43e-12,grid02,Patient7b,3152,4405,3118.2536699472093,4399.1138691946835,25.12713402050632,GATTGGGAAAGGTTGT-1
33,0.001053,0.000671,-5.4e-09,6.84e-06,6.98e-05,906.689,-1.9e-08,3.99e-12,,0,0,1.19e-11,grid02,Patient7b,3152,4405,3142.3647467568135,4446.132868100887,30.988273143956807,GATTGGGAAAGGTTGT-1
34,0.001033,0.000671,-5.5e-09,6.89e-06,6.91e-05,3034.63,-2.6e-08,9.64e-12,,0,0,2.38e-11,grid02,Patient7b,3152,4405,3154.420285161616,4469.642367553989,47.4493221058036,GATTGGGAAAGGTTGT-1
35,0.001013,0.000671,-1.1e-09,-5.6e-05,7.13e-05,110.819,6.29e-08,1.93e-13,,0,0,1.13e-11,grid02,Patient7b,3151,4543,3166.475823566418,4493.151867007091,38.28591384752971,GACTAGGCCGTTAGGT-1
36,0.000993,0.000671,-5.9e-09,1.01e-05,6.95e-05,1155.69,-1e-07,7.01e-12,,0,0,1.73e-11,grid02,Patient7b,3151,4543,3178.5313619712206,4516.661366460193,27.947755180226537,GACTAGGCCGTTAGGT-1
37,0.000973,0.000671,-4.9e-09,-4.9e-06,7.15e-05,1163.0,-2.4e-08,3.45e-12,,0,0,1.34e-11,grid02,Patient7b,3151,4543,3190.5869003760226,4540.170865913295,29.11161568637461,GACTAGGCCGTTAGGT-1
38,0.000953,0.000671,-5.8e-09,5.08e-06,7.05e-05,1148.62,1.02e-08,2.28e-12,,0,0,9.58e-12,grid02,Patient7b,3151,4543,3202.642438780825,4563.680365366396,40.80488504961579,GACTAGGCCGTTAGGT-1
39,0.000933,0.000671,-5.9e-09,5.28e-06,6.77e-05,3870.52,-1.6e-07,1.49e-11,,0,0,1.63e-11,grid02,Patient7b,3271,4613,3214.697977185627,4587.189864819498,45.43101516123941,CGTCGCATGTGAGCCA-1
40,0.000933,0.000691,1e-10,-8e-05,6.97e-05,20339.9,-9.1e-08,1.65e-11,,0,0,8.4e-11,grid02,Patient7b,3271,4613,3238.246125888185,4576.097936850771,36.19265637675569,CGTCGCATGTGAGCCA-1
42,0.000973,0.000691,-2.3e-09,-4.6e-05,7.06e-05,334.787,4.41e-08,-1.7e-12,,0,0,1.06e-11,grid02,Patient7b,3151,4543,3214.1350490785803,4529.078937944567,47.42287669500909,GACTAGGCCGTTAGGT-1
43,0.000993,0.000691,-6.2e-09,4.41e-06,7.17e-05,1884.75,-9.2e-08,4.96e-12,,0,0,1.42e-11,grid02,Patient7b,3151,4543,3202.079510673778,4505.569438491466,46.450414825301145,GACTAGGCCGTTAGGT-1
45,0.001033,0.000691,-6.1e-09,5.06e-07,6.91e-05,123.881,7.01e-08,1.12e-13,,0,0,9.53e-12,grid02,Patient7b,3152,4405,3177.9684338641737,4458.550439585262,43.654940826725266,GATTGGGAAAGGTTGT-1
46,0.001053,0.000691,1.8e-09,-0.00012,6.71e-05,117.267,8.57e-08,5.19e-13,,0,0,1.49e-11,grid02,Patient7b,3152,4405,3165.912895459371,4435.04094013216,24.283939433273517,GATTGGGAAAGGTTGT-1
47,0.001073,0.000691,-5.8e-09,-6.9e-06,6.93e-05,3677.52,-1.3e-07,8.65e-12,,0,0,2.48e-11,grid02,Patient7b,3152,4405,3153.8573570545686,4411.5314406790585,4.9808531394540045,GATTGGGAAAGGTTGT-1
48,0.001093,0.000691,-4.1e-09,-3e-05,7.26e-05,60.1586,1.61e-07,-2e-12,,0,0,7.87e-12,grid02,Patient7b,3152,4405,3141.8018186497666,4388.021941225957,14.52760852234862,GATTGGGAAAGGTTGT-1
49,0.001113,0.000691,7.1e-09,-0.00018,7.18e-05,1426.65,-3.9e-08,1.48e-12,,0,0,1.94e-11,grid02,Patient7b,3152,4405,3129.7462802449645,4364.512441772855,33.888600569281586,GATTGGGAAAGGTTGT-1
51,0.001093,0.000711,-1.7e-09,-6.6e-05,6.95e-05,55.3577,1.24e-07,3.59e-12,,0,0,9.71e-12,grid02,Patient7b,3152,4405,3165.3499673523243,4376.93001325723,22.799740123071057,GATTGGGAAAGGTTGT-1
52,0.001073,0.000711,-1.6e-09,-7.1e-05,7.15e-05,1127.56,-3.1e-08,4.43e-12,,0,0,1.52e-11,grid02,Patient7b,3152,4405,3177.405505757127,4400.439512710332,18.933163671925765,GATTGGGAAAGGTTGT-1
53,0.001053,0.000711,-4.8e-09,-2.7e-05,7.13e-05,219.313,3e-08,1.15e-12,,0,0,9.73e-12,grid02,Patient7b,3152,4405,3189.461044161929,4423.9490121634335,30.793579710065618,GATTGGGAAAGGTTGT-1
54,0.001033,0.000711,-7.5e-09,8.34e-06,6.93e-05,1286.87,-7.8e-08,6.31e-12,,0,0,1.49e-11,grid02,Patient7b,3152,4405,3201.5165825667314,4447.458511616535,47.84524787140634,GATTGGGAAAGGTTGT-1
55,0.001013,0.000711,-7.2e-09,2.29e-06,7.1e-05,481.464,-3.8e-08,3.2e-12,,0,0,1.01e-11,grid02,Patient7b,3272,4475,3213.5721209715334,4470.968011069637,42.95960791334759,GGCCGGCGTCTGCTAT-1
56,0.000993,0.000711,-7.4e-09,4.23e-06,7.02e-05,1084.05,-6e-08,6.59e-12,,0,0,1.2e-11,grid02,Patient7b,3272,4475,3225.627659376336,4494.477510522739,36.893415278854306,GGCCGGCGTCTGCTAT-1
57,0.000973,0.000711,-6.6e-09,-8.7e-06,7.27e-05,1022.42,-1.7e-08,-2.5e-13,,0,0,9.48e-12,grid02,Patient7b,3272,4475,3237.683197781138,4517.987009975841,40.34679166416285,GGCCGGCGTCTGCTAT-1
59,0.000933,0.000711,-2.4e-09,-6.8e-05,7.07e-05,974.522,-5.1e-08,1.31e-12,,0,0,1.94e-11,grid02,Patient7b,3271,4613,3261.7942745907426,4565.006008882045,35.84602917531924,CGTCGCATGTGAGCCA-1
60,0.000933,0.000731,-3.8e-09,-5e-05,6.98e-05,462.436,-2.6e-08,-1.6e-12,,0,0,1.83e-11,grid02,Patient7b,3271,4613,3285.3424232933003,4553.914080913317,44.598939838035406,CGTCGCATGTGAGCCA-1
61,0.000953,0.000731,-8.6e-09,1.8e-05,6.99e-05,439.875,-4e-08,-2.3e-13,,0,0,1.56e-11,grid02,Patient7b,3272,4475,3273.2868848884978,4530.404581460216,40.65101203971979,GGCCGGCGTCTGCTAT-1
62,0.000973,0.000731,-7.5e-09,-9.1e-08,7.23e-05,941.448,2.73e-09,1.4e-12,,0,0,8.22e-12,grid02,Patient7b,3272,4475,3261.2313464836957,4506.895082007114,24.692972625547664,GGCCGGCGTCTGCTAT-1
63,0.000993,0.000731,-6.5e-09,-1.5e-05,6.96e-05,5772.98,-6.8e-08,9.42e-12,,0,0,2.53e-11,grid02,Patient7b,3272,4475,3249.175808078893,4483.385582554012,17.836040538823323,GGCCGGCGTCTGCTAT-1
64,0.001013,0.000731,-7.3e-09,-5.6e-06,6.83e-05,54.6637,2e-07,1.54e-12,,0,0,9.28e-12,grid02,Patient7b,3272,4475,3237.120269674091,4459.87608310091,27.886360732496712,GGCCGGCGTCTGCTAT-1
65,0.001033,0.000731,-7.6e-09,-1.3e-06,7.34e-05,1097.43,-4.1e-08,1.99e-12,,0,0,1.13e-11,grid02,Patient7b,3272,4475,3225.0647312692886,4436.3665836478085,44.59055074213854,GGCCGGCGTCTGCTAT-1
66,0.001053,0.000731,-7.1e-09,-9.8e-06,7.25e-05,765.594,1.11e-08,9.54e-13,,0,0,1.17e-11,grid02,Patient7b,3152,4405,3213.0091928644865,4412.857084194707,45.12070016442873,GATTGGGAAAGGTTGT-1
67,0.001073,0.000731,1.64e-08,-0.00033,7.25e-05,290.869,5.74e-09,2.52e-12,,0,0,2.06e-11,grid02,Patient7b,3152,4405,3200.953654459684,4389.347584741605,37.69905397043634,GATTGGGAAAGGTTGT-1
68,0.001093,0.000731,-1.6e-09,-8.7e-05,7.08e-05,588.708,5.59e-09,3e-13,,0,0,1.41e-11,grid02,Patient7b,3152,4405,3188.898116054882,4365.838085288503,39.4677474019912,GATTGGGAAAGGTTGT-1
69,0.001113,0.000731,-4.3e-09,-5e-05,7.35e-05,99.7686,9.26e-08,-1.7e-12,,0,0,1.17e-11,grid02,Patient7b,3152,4405,3176.8425776500794,4342.328585835401,49.45028642477988,GATTGGGAAAGGTTGT-1
72,0.001073,0.000751,1.5e-09,-0.00013,7.32e-05,332.331,-9.8e-09,3.76e-13,,0,0,1.33e-11,grid02,Patient7b,3273,4336,3224.5018031622417,4378.255656772878,47.18279207078102,AGTCGTATAAAGCAGA-1
74,0.001033,0.000751,1.07e-10,-0.00011,7.25e-05,106.447,9.56e-08,-6.8e-12,,0,0,1.04e-11,grid02,Patient7b,3272,4475,3248.6128799718463,4425.274655679082,40.30704113425216,GGCCGGCGTCTGCTAT-1
75,0.001013,0.000751,-7.6e-09,-1.3e-05,7.17e-05,506.175,-9.3e-09,2.64e-12,,0,0,1.25e-11,grid02,Patient7b,3272,4475,3260.668418376649,4448.7841551321835,20.949188832605394,GGCCGGCGTCTGCTAT-1
77,0.000973,0.000751,-9.1e-09,4.78e-06,7.44e-05,627.25,-2.3e-08,1.97e-12,,0,0,8.35e-12,grid02,Patient7b,3272,4475,3284.7794951862534,4495.803154038387,17.90866805732851,GGCCGGCGTCTGCTAT-1
78,0.000953,0.000751,1.1e-08,-0.00017,7.25e-05,1923.86,-9.5e-08,3.24e-12,,0,0,2.09e-11,grid02,Patient7b,3272,4475,3296.8350335910554,4519.312653491489,37.260720909358746,GGCCGGCGTCTGCTAT-1
81,0.000953,0.000771,-6.1e-10,-1.3e-05,7.5e-05,10418.4,-1.1e-07,1.27e-11,,0,0,5.81e-11,grid02,Patient7b,3272,4475,3320.383182293613,4508.220725522762,43.05015749708299,GGCCGGCGTCTGCTAT-1
82,0.000973,0.000771,-1.1e-09,-8.2e-06,7.09e-05,2201.27,-5.7e-08,5.27e-12,,0,0,2.09e-11,grid02,Patient7b,3272,4475,3308.3276438888106,4484.71122606966,27.582532173387186,GGCCGGCGTCTGCTAT-1
83,0.000993,0.000771,-9.7e-10,-1e-05,7.23e-05,81.1247,1.14e-07,-3.2e-12,,0,0,8.42e-12,grid02,Patient7b,3272,4475,3296.2721054840085,4461.2017266165585,20.479732162607494,GGCCGGCGTCTGCTAT-1
84,0.001013,0.000771,-2.2e-09,4.37e-06,7.06e-05,1020.6,1.98e-08,3.89e-12,,0,0,1.37e-11,grid02,Patient7b,3272,4475,3284.216567079206,4437.692227163457,28.795591773606997,GGCCGGCGTCTGCTAT-1
85,0.001033,0.000771,-2e-09,1.72e-06,7.46e-05,772.382,-1.6e-08,2.21e-12,,0,0,1.08e-11,grid02,Patient7b,3272,4475,3272.161028674404,4414.182727710355,44.61049326690085,GGCCGGCGTCTGCTAT-1
86,0.001053,0.000771,-1.8e-09,-2e-06,7.42e-05,715.216,-6e-08,3.94e-12,,0,0,1.22e-11,grid02,Patient7b,3273,4336,3260.1054902696014,4390.673228257253,41.203855830703624,AGTCGTATAAAGCAGA-1
87,0.001073,0.000771,6.56e-09,-0.00012,7.23e-05,188.55,1.86e-08,5.88e-12,,0,0,1.97e-11,grid02,Patient7b,3273,4336,3248.0499518647994,4367.163728804151,29.282592306390516,AGTCGTATAAAGCAGA-1
88,0.001093,0.000771,-2.8e-09,1.03e-05,7.09e-05,2543.66,-4.5e-08,2.94e-12,,0,0,1.66e-11,grid02,Patient7b,3273,4336,3235.994413459997,4343.654229351049,27.718694356535977,AGTCGTATAAAGCAGA-1
89,0.001113,0.000771,-1.7e-09,-8e-06,7.04e-05,1681.9,-2.4e-08,1.7e-12,,0,0,1.34e-11,grid02,Patient7b,3273,4336,3223.938875055195,4320.144729897947,37.8196397294278,AGTCGTATAAAGCAGA-1
90,0.001113,0.000791,2.07e-09,-6.3e-05,6.87e-05,9682.42,-1e-07,8.87e-12,,0,0,5.07e-11,grid02,Patient7b,3273,4336,3247.4870237577525,4309.0528019292215,27.2198382103559,AGTCGTATAAAGCAGA-1
91,0.001093,0.000791,-2e-09,-6e-06,7.03e-05,131.318,7.33e-08,-3.8e-12,,0,0,9.25e-12,grid02,Patient7b,3273,4336,3259.5425621625545,4332.562301382323,10.188204360703986,AGTCGTATAAAGCAGA-1
92,0.001073,0.000791,-2.4e-09,-1.8e-06,7.48e-05,4105.53,-6.8e-08,6.04e-12,,0,0,3.81e-11,grid02,Patient7b,3273,4336,3271.598100567357,4356.071800835425,14.758819457425187,AGTCGTATAAAGCAGA-1
93,0.001053,0.000791,3.24e-09,-7.6e-05,7.4e-05,117.867,1.11e-07,-4.9e-12,,0,0,1.81e-11,grid02,Patient7b,3273,4336,3283.653638972159,4379.581300288526,32.908803126855425,AGTCGTATAAAGCAGA-1
95,0.001013,0.000791,-2.6e-09,-2e-06,7.44e-05,4835.57,-6.6e-08,2.35e-12,,0,0,1.48e-11,grid02,Patient7b,3272,4475,3307.7647157817637,4426.60029919473,44.142971053692435,GGCCGGCGTCTGCTAT-1
96,0.000993,0.000791,4.26e-10,-4.3e-05,7.34e-05,926.34,2.99e-09,-1.8e-12,,0,0,1.6e-11,grid02,Patient7b,3272,4475,3319.820254186566,4450.109798647832,39.54382714959699,GGCCGGCGTCTGCTAT-1
97,0.000973,0.000791,-3e-09,1.03e-06,7.23e-05,1396.25,-3.1e-08,2.12e-12,,0,0,1.2e-11,grid02,Patient7b,3272,4475,3331.8757925913683,4473.6192981009335,43.93142344166818,GGCCGGCGTCTGCTAT-1
98,0.000953,0.000791,-3.1e-09,9.76e-07,7.13e-05,2464.56,-2.3e-08,2.08e-12,,0,0,1.69e-11,grid02,Patient7b,3392,4545,3343.931330996171,4497.128797554035,49.76151792239602,AGAAGGTTGTAGGTCG-1
99,0.000933,0.000791,-5.6e-10,-3.2e-05,7.55e-05,226.675,5.78e-08,7.09e-13,,0,0,9.76e-12,grid02,Patient7b,3392,4545,3355.986869400973,4520.638297007137,31.892590867915224,AGAAGGTTGTAGGTCG-1
0,-0.00017,0.001231,-5e-09,5.4e-06,7.55e-05,9325.43,-6.4e-08,1.33e-11,,0,0,1.1e-10,grid03,Patient7b,4589,5662,4568.3386613492985,5660.349456973848,15.20366837563069,GCGTCGCCAGGGTGAT-1
1,-0.00015,0.001231,-5.4e-09,8.42e-06,7.62e-05,8717.28,-6.6e-08,8.22e-12,,0,0,4.32e-11,grid03,Patient7b,4589,5662,4556.3180247314285,5636.717457248347,30.30859715077685,GCGTCGCCAGGGTGAT-1
2,-0.00013,0.001231,-5.3e-09,5.66e-06,6.91e-05,6012.71,-3.8e-08,8.71e-12,,0,0,3.74e-11,grid03,Patient7b,4589,5662,4544.297388113559,5613.085457522846,48.605801245580494,GCGTCGCCAGGGTGAT-1
3,-0.00011,0.001231,-5e-09,1.18e-06,6.86e-05,3291.33,-5.3e-08,8.99e-12,,0,0,2.03e-11,grid03,Patient7b,4469,5592,4532.2767514956895,5589.453457797345,46.451971644352525,GTTGGTCATGCTATCC-1
4,-9e-05,0.001231,-4.6e-09,-8.2e-06,7.01e-05,388.971,-2.2e-08,-2.2e-14,,0,0,1.02e-11,grid03,Patient7b,4469,5592,4520.2561148778195,5565.821458071844,42.21695064650835,GTTGGTCATGCTATCC-1
7,-3e-05,0.001231,-6.2e-09,1.23e-05,6.96e-05,330.679,4.95e-08,-9.8e-12,,0,0,8.12e-12,grid03,Patient7b,4470,5454,4484.1942050242105,5494.925458895341,31.773689594072785,TGAGCGGAAAGTGTTC-1
8,-9.6e-06,0.001231,1.94e-10,-7.7e-05,7.19e-05,53.3176,1.56e-07,3.88e-13,,0,0,8.7e-12,grid03,Patient7b,4470,5454,4472.173568406341,5471.29345916984,12.78480078995105,TGAGCGGAAAGTGTTC-1
9,1.04e-05,0.001231,-1.3e-09,-5.8e-05,7.04e-05,2860.29,-7.9e-08,3.41e-12,,0,0,2.11e-11,grid03,Patient7b,4470,5454,4460.152931788471,5447.661459444339,8.5900079372376,TGAGCGGAAAGTGTTC-1
10,1.04e-05,0.001251,-6e-09,6.04e-06,7.52e-05,2895.06,-1.1e-08,3.79e-12,,0,0,3.46e-11,grid03,Patient7b,4470,5454,4483.689160065971,5436.593590326878,16.24326230886157,TGAGCGGAAAGTGTTC-1
11,-9.6e-06,0.001251,-6.1e-09,6.74e-06,7.37e-05,1435.6,-2.4e-08,5.24e-12,,0,0,1.38e-11,grid03,Patient7b,4470,5454,4495.70979668384,5460.22559005238,19.403519912827285,TGAGCGGAAAGTGTTC-1
12,-3e-05,0.001251,1.14e-08,-0.00024,6.87e-05,2286.36,-6.1e-08,-2.6e-12,,0,0,3.18e-11,grid03,Patient7b,4470,5454,4507.73043330171,5483.857589777881,35.29310023057437,TGAGCGGAAAGTGTTC-1
14,-7e-05,0.001251,2.48e-09,-0.00012,7.05e-05,548.644,-4.8e-08,2.49e-11,,0,0,3.36e-11,grid03,Patient7b,4590,5524,4531.771706537449,5531.121589228883,43.02954489403542,GCTGGCGGCGCATGCT-1
15,-9e-05,0.001251,-2.2e-09,-5.3e-05,6.86e-05,35620.3,-1.5e-07,2.36e-11,,0,0,1.18e-10,grid03,Patient7b,4590,5524,4543.792343155319,5554.753588954383,40.714540347837975,GCTGGCGGCGCATGCT-1
16,-0.00011,0.001251,-8.6e-09,4.09e-05,6.63e-05,69.6034,1.18e-07,-1.2e-12,,0,0,9.98e-12,grid03,Patient7b,4590,5524,4555.812979773189,5578.385588679885,47.119626292963304,GCTGGCGGCGCATGCT-1
17,-0.00013,0.001251,-6e-09,-5.8e-07,6.28e-05,1230.85,-3.8e-08,2.8e-12,,0,0,1.15e-11,grid03,Patient7b,4589,5662,4567.833616391059,5602.017588405385,46.656959369661415,GCGTCGCCAGGGTGAT-1
18,-0.00015,0.001251,-6e-09,-1.3e-06,6.9e-05,314.729,-1.8e-08,1.67e-13,,0,0,9.96e-12,grid03,Patient7b,4589,5662,4579.854253008928,5625.6495881308865,27.494528980172557,GCGTCGCCAGGGTGAT-1
19,-0.00017,0.001251,-7e-09,1.16e-05,7.04e-05,1026.71,-1.5e-08,2.1e-12,,0,0,1.22e-11,grid03,Patient7b,4589,5662,4591.874889626798,5649.281587856387,9.564502828988086,GCGTCGCCAGGGTGAT-1
20,-0.00017,0.001271,-4.5e-09,-2.5e-05,6.78e-05,47.7386,1.6e-07,1.88e-12,,0,0,1.08e-11,grid03,Patient7b,4589,5662,4615.4111179042975,5638.213718738926,26.071601740531523,GCGTCGCCAGGGTGAT-1
21,-0.00015,0.001271,-4.5e-09,-2.9e-05,6.46e-05,145.218,4.58e-08,-6.7e-13,,0,0,9.83e-12,grid03,Patient7b,4589,5662,4603.3904812864275,5614.581719013426,36.34842097115933,GCGTCGCCAGGGTGAT-1
22,-0.00013,0.001271,-6.6e-09,3.2e-06,6.69e-05,3714.04,-8.2e-08,6.13e-12,,0,0,3.05e-11,grid03,Patient7b,4590,5524,4591.369844668558,5590.949719287924,49.11885269485062,GCTGGCGGCGCATGCT-1
24,-9e-05,0.001271,-8.6e-10,-7.8e-05,7.19e-05,108.785,9.42e-08,-4.6e-12,,0,0,1.2e-11,grid03,Patient7b,4590,5524,4567.3285714328185,5543.6857198369225,22.024017659270836,GCTGGCGGCGCATGCT-1
25,-7e-05,0.001271,-6.9e-09,3.73e-06,7.06e-05,115.315,6.74e-08,1.63e-12,,0,0,8.35e-12,grid03,Patient7b,4590,5524,4555.307934814949,5520.053720111421,25.611231368519988,GCTGGCGGCGCATGCT-1
27,-3e-05,0.001271,-7.6e-09,7.01e-06,7.22e-05,179.855,1.52e-08,1.49e-12,,0,0,7.36e-12,grid03,Patient7b,4470,5454,4531.2666615792095,5472.789720660419,47.00594662393032,TGAGCGGAAAGTGTTC-1
28,-9.6e-06,0.001271,8.53e-10,-2.9e-05,7.39e-05,120.709,8.46e-08,-2e-12,,0,0,8.95e-12,grid03,Patient7b,4470,5454,4519.24602496134,5449.157720934919,36.29686707469164,TGAGCGGAAAGTGTTC-1
29,1.04e-05,0.001271,1.87e-09,-4.4e-05,7.22e-05,11718.5,-1.4e-07,1.39e-11,,0,0,6.12e-11,grid03,Patient7b,4470,5454,4507.22538834347,5425.5257212094175,34.37760063135197,TGAGCGGAAAGTGTTC-1
30,1.04e-05,0.001291,-6.6e-10,-9.9e-06,7.2e-05,376.039,-2.5e-08,1.04e-12,,0,0,1.36e-11,grid03,Patient7b,4591,5385,4530.76161662097,5414.457852091957,49.18609920303398,CTTTCTGTGCGGGCTT-1
33,-5e-05,0.001291,8.28e-09,-0.00015,6.45e-05,2237.06,-3.7e-08,-1.3e-12,,0,0,3.48e-11,grid03,Patient7b,4590,5524,4566.823526474579,5485.35385126846,33.05435151779911,GCTGGCGGCGCATGCT-1
34,-7e-05,0.001291,-2e-09,2.51e-06,6.54e-05,10442.6,-8.8e-08,1.08e-11,,0,0,5.2e-11,grid03,Patient7b,4590,5524,4578.844163092448,5508.985850993961,13.720391076696911,GCTGGCGGCGCATGCT-1
35,-9e-05,0.001291,-9.4e-10,-1.5e-05,6.35e-05,6790.9,-1e-07,7.71e-12,,0,0,3.74e-11,grid03,Patient7b,4590,5524,4590.864799710318,5532.617850719462,6.353064822400098,GCTGGCGGCGCATGCT-1
36,-0.00011,0.001291,-4.2e-10,-2.5e-05,6.48e-05,2934.8,-4.6e-08,-1.7e-13,,0,0,1.4e-11,grid03,Patient7b,4590,5524,4602.885436328188,5556.249850444963,25.474046759056257,GCTGGCGGCGCATGCT-1
37,-0.00013,0.001291,-6.1e-10,-2.4e-05,6.1e-05,80926.2,-1.5e-07,1.69e-11,,0,0,1e-10,grid03,Patient7b,4590,5524,4614.906072946058,5579.881850170464,44.87700979602324,GCTGGCGGCGCATGCT-1
39,-0.00017,0.001291,-2.1e-09,-4.2e-06,5.87e-05,10993.5,-9.1e-08,7.08e-12,,0,0,2.54e-11,grid03,Patient7b,4589,5662,4638.947346181797,5627.1458496214655,44.67547023736458,GCGTCGCCAGGGTGAT-1
40,-0.00017,0.001311,-3.3e-09,1.58e-05,6.2e-05,18290.9,-5.4e-08,1.45e-11,,0,0,8.78e-11,grid03,Patient7b,4710,5594,4662.4835744592965,5616.077980504005,38.432563269963254,GCCCGATCTGTGGTCG-1
41,-0.00015,0.001311,-2.3e-09,-1.9e-06,6.17e-05,306.82,-1.8e-08,2.21e-12,,0,0,1.13e-11,grid03,Patient7b,4710,5594,4650.4629378414265,5592.445980778504,43.686158575556085,GCCCGATCTGTGGTCG-1
42,-0.00013,0.001311,-2.2e-09,-3.4e-06,6.5e-05,3657.16,8.61e-09,-1.9e-13,,0,0,1.99e-11,grid03,Patient7b,4590,5524,4638.442301223557,5568.813981053003,48.40610340719282,GCTGGCGGCGCATGCT-1
44,-9e-05,0.001311,9.65e-10,-5.5e-05,6.42e-05,4947.37,-5.7e-08,2.57e-12,,0,0,3.6e-11,grid03,Patient7b,4590,5524,4614.4010279878175,5521.549981602001,17.988497215747575,GCTGGCGGCGCATGCT-1
45,-7e-05,0.001311,9.96e-09,-0.00018,6.71e-05,1098.09,-5.8e-08,2.56e-12,,0,0,1.85e-11,grid03,Patient7b,4590,5524,4602.380391369948,5497.9179818765,21.177431644200208,GCTGGCGGCGCATGCT-1
46,-5e-05,0.001311,-2.5e-09,-2.5e-06,6.6e-05,287.31,1.56e-08,-2.5e-13,,0,0,1.24e-11,grid03,Patient7b,4590,5524,4590.3597547520785,5474.285982150999,36.466896143124195,GCTGGCGGCGCATGCT-1
49,1.04e-05,0.001311,-1.9e-09,-1.3e-05,6.56e-05,761.667,-6.2e-09,6.02e-12,,0,0,1.23e-11,grid03,Patient7b,4591,5385,4554.297844898469,5403.389982974496,30.111986097609016,CTTTCTGTGCGGGCTT-1
50,1.04e-05,0.001331,-3.2e-09,4.02e-06,6.67e-05,2689.91,-7.2e-08,4.5e-12,,0,0,2.48e-11,grid03,Patient7b,4591,5385,4577.834073175969,5392.322113857035,11.050410822047391,CTTTCTGTGCGGGCTT-1
51,-9.6e-06,0.001331,-3.1e-09,2.62e-06,6.78e-05,4121.77,7.51e-10,-1.4e-12,,0,0,3.11e-11,grid03,Patient7b,4591,5385,4589.854709793838,5415.954113582537,22.72082005652359,CTTTCTGTGCGGGCTT-1
52,-3e-05,0.001331,-3.5e-09,6.16e-06,7.21e-05,1541.37,-3.6e-09,2.22e-12,,0,0,1.26e-11,grid03,Patient7b,4591,5385,4601.875346411708,5439.586113308037,40.82662211168871,CTTTCTGTGCGGGCTT-1
53,-5e-05,0.001331,-2.8e-09,-4.9e-06,6.77e-05,7606.03,-1.3e-07,7.46e-12,,0,0,3.14e-11,grid03,Patient7b,4590,5524,4613.895983029578,5463.218113033538,47.906151953858505,GCTGGCGGCGCATGCT-1
55,-9e-05,0.001331,-3.3e-09,8.57e-07,6.66e-05,2545.38,-1.4e-07,6.63e-12,,0,0,2.61e-11,grid03,Patient7b,4590,5524,4637.937256265317,5510.48211248454,36.53397257602704,GCTGGCGGCGCATGCT-1
56,-0.00011,0.001331,-2.5e-09,-1.2e-05,6.93e-05,169.691,1.14e-08,2.13e-12,,0,0,8.97e-12,grid03,Patient7b,4590,5524,4649.957892883187,5534.114112210042,44.60131183298354,GCTGGCGGCGCATGCT-1
57,-0.00013,0.001331,-3.8e-09,5.72e-06,6.25e-05,7434.97,-8.8e-08,1.57e-11,,0,0,4.71e-11,grid03,Patient7b,4710,5594,4661.978529501057,5557.746111935542,44.13541402756846,GCCCGATCTGTGGTCG-1
58,-0.00015,0.001331,-4.7e-10,-4.6e-05,6.3e-05,4995.92,-6.1e-08,6.25e-12,,0,0,3.93e-11,grid03,Patient7b,4710,5594,4673.999166118926,5581.3781116610435,27.98308480470426,GCCCGATCTGTGGTCG-1
59,-0.00017,0.001331,-3.7e-09,3.32e-06,6.28e-05,265.021,3.36e-08,2.63e-12,,0,0,1.38e-11,grid03,Patient7b,4710,5594,4686.019802736796,5605.010111386544,19.35522211948147,GCCCGATCTGTGGTCG-1
60,-0.00017,0.001351,-3.4e-09,-2.5e-06,6.31e-05,13007.5,-7.7e-08,1.61e-11,,0,0,7.15e-11,grid03,Patient7b,4710,5594,4709.5560310142955,5593.942242269083,0.328401813024002,GCCCGATCTGTGGTCG-1
61,-0.00015,0.001351,-3.6e-09,-5.9e-07,6.06e-05,1764.07,-5.1e-08,4.51e-12,,0,0,1.92e-11,grid03,Patient7b,4710,5594,4697.5353943964255,5570.310242543583,19.635328872914375,GCCCGATCTGTGGTCG-1
62,-0.00013,0.001351,-8.1e-10,-4.1e-05,6.95e-05,235.608,1.84e-08,2.11e-12,,0,0,1.03e-11,grid03,Patient7b,4710,5594,4685.514757778556,5546.678242818081,39.08244818904109,GCCCGATCTGTGGTCG-1
64,-9e-05,0.001351,-2e-09,-2.7e-05,6.31e-05,2965.65,-1e-07,5.04e-12,,0,0,2.52e-11,grid03,Patient7b,4711,5456,4661.473484542817,5499.4142433670795,48.309988360736405,AGGATAAAGTCGGGAT-1
65,-7e-05,0.001351,-4.3e-09,6.27e-06,6.34e-05,4615.66,-2.5e-08,4.41e-12,,0,0,2.96e-11,grid03,Patient7b,4711,5456,4649.452847924947,5475.782243641578,47.420373218559035,AGGATAAAGTCGGGAT-1
68,-9.6e-06,0.001351,-4.3e-09,4.65e-06,6.63e-05,321.897,-1.5e-08,1.85e-12,,0,0,1.13e-11,grid03,Patient7b,4591,5385,4613.390938071338,5404.886244465075,21.966478484090832,CTTTCTGTGCGGGCTT-1
69,1.04e-05,0.001351,-4.4e-09,4.06e-06,6.23e-05,14180.4,-8.3e-08,1.54e-11,,0,0,6.97e-11,grid03,Patient7b,4591,5385,4601.370301453468,5381.2542447395745,8.087766848213908,CTTTCTGTGCGGGCTT-1
70,1.04e-05,0.001371,-3.2e-09,-1.7e-05,6.12e-05,895.217,-7.5e-08,2.45e-12,,0,0,1.57e-11,grid03,Patient7b,4591,5385,4624.906529730968,5370.186375622114,27.140981679145856,CTTTCTGTGCGGGCTT-1
71,-9.6e-06,0.001371,-4.3e-09,7.44e-07,6.45e-05,15324.4,-5.2e-08,8.14e-12,,0,0,4.93e-11,grid03,Patient7b,4591,5385,4636.927166348837,5393.818375347615,34.303603463845626,CTTTCTGTGCGGGCTT-1
72,-3e-05,0.001371,-4e-09,-3.9e-06,6.59e-05,4578.11,-6e-08,6.57e-12,,0,0,2.41e-11,grid03,Patient7b,4591,5385,4648.947802966707,5417.4503750731155,48.71647420541293,CTTTCTGTGCGGGCTT-1
73,-5e-05,0.001371,3.8e-10,-6.6e-05,6.95e-05,4837.18,-7.4e-08,4.84e-12,,0,0,3.2e-11,grid03,Patient7b,4711,5456,4660.968439584577,5441.082374798617,38.29543448193161,AGGATAAAGTCGGGAT-1
75,-9e-05,0.001371,-4.7e-09,4.92e-06,6.41e-05,1095.61,-4.8e-08,3.17e-12,,0,0,9.98e-12,grid03,Patient7b,4711,5456,4685.009712820316,5488.346374249619,30.436714272427615,AGGATAAAGTCGGGAT-1
76,-0.00011,0.001371,-4.7e-09,3.91e-06,6.46e-05,417.091,-5.8e-09,5.95e-12,,0,0,9.96e-12,grid03,Patient7b,4711,5456,4697.030349438186,5511.97837397512,42.320210289286265,AGGATAAAGTCGGGAT-1
77,-0.00013,0.001371,-4.9e-09,5.54e-06,6.51e-05,19649.1,-1.6e-07,1.73e-11,,0,0,3.62e-11,grid03,Patient7b,4710,5594,4709.050986056056,5535.610373700621,42.83528057775301,GCCCGATCTGTGGTCG-1
78,-0.00015,0.001371,-4.7e-09,2.41e-06,6.5e-05,5304.46,-7.2e-08,3.05e-12,,0,0,1.81e-11,grid03,Patient7b,4710,5594,4721.071622673925,5559.242373426122,26.757424490584594,GCCCGATCTGTGGTCG-1
79,-0.00017,0.001371,-4e-09,-1.1e-05,6.34e-05,6439.44,-7.3e-08,1.07e-11,,0,0,4.62e-11,grid03,Patient7b,4710,5594,4733.092259291795,5582.874373151622,18.801903969245426,GCCCGATCTGTGGTCG-1
83,-0.00011,0.001391,-4.9e-09,7.83e-07,6.34e-05,2740.1,-9.3e-08,6.89e-12,,0,0,2.6e-11,grid03,Patient7b,4711,5456,4720.5665777156855,5500.910504857658,33.68158902982403,AGGATAAAGTCGGGAT-1
84,-9e-05,0.001391,-5e-09,9.93e-07,6.62e-05,1100.86,-8.7e-08,5.24e-12,,0,0,1.46e-11,grid03,Patient7b,4711,5456,4708.545941097816,5477.278505132158,15.711546602734796,AGGATAAAGTCGGGAT-1
85,-7e-05,0.001391,-4.4e-09,-8.3e-06,7.03e-05,5544.74,-7.2e-08,6.59e-12,,0,0,3.18e-11,grid03,Patient7b,4711,5456,4696.525304479946,5453.646505406657,10.756824718785568,AGGATAAAGTCGGGAT-1
86,-5e-05,0.001391,-3.8e-09,-1.8e-05,6.92e-05,373.116,1.2e-08,4.4e-13,,0,0,7.51e-12,grid03,Patient7b,4711,5456,4684.5046678620765,5430.014505681156,27.22166754106482,AGGATAAAGTCGGGAT-1
87,-3e-05,0.001391,-5.1e-09,-6.4e-08,6.46e-05,23854.2,-1.2e-07,1.69e-11,,0,0,8.79e-11,grid03,Patient7b,4711,5456,4672.484031244207,5406.382505955655,46.07366290742177,AGGATAAAGTCGGGAT-1
90,1.04e-05,0.001411,-5.6e-09,3.81e-06,7.16e-05,1667.77,-5.9e-08,1.55e-11,,0,0,1.12e-11,grid03,Patient7b,4712,5317,4671.978986285967,5348.050637387192,37.1554020224535,CTAGTTACAACCCGGT-1
92,-3e-05,0.001411,-5.7e-09,4.25e-06,6.58e-05,4577.55,-6.1e-08,6.93e-12,,0,0,3.95e-11,grid03,Patient7b,4711,5456,4696.020259521706,5395.314636838194,45.849664079779124,AGGATAAAGTCGGGAT-1
93,-5e-05,0.001411,-5.4e-09,-1e-06,6.4e-05,1765.02,-1e-08,1.44e-12,,0,0,1.12e-11,grid03,Patient7b,4711,5456,4708.040896139576,5418.946636563695,27.26570347403868,AGGATAAAGTCGGGAT-1
94,-7e-05,0.001411,-3.9e-09,-2.4e-05,6.6e-05,54.4247,2.09e-07,-1.4e-11,,0,0,8.68e-12,grid03,Patient7b,4711,5456,4720.061532757445,5442.578636289196,11.878501586677247,AGGATAAAGTCGGGAT-1
95,-9e-05,0.001411,-4.6e-09,-1.4e-05,6.76e-05,637.954,-7.7e-08,3.67e-12,,0,0,1.61e-11,grid03,Patient7b,4711,5456,4732.082169375315,5466.210636014697,17.182326334347522,AGGATAAAGTCGGGAT-1
96,-0.00011,0.001411,-5.2e-09,-5.9e-06,6.51e-05,273.139,-6.9e-09,-6.3e-13,,0,0,1.02e-11,grid03,Patient7b,4711,5456,4744.102805993185,5489.842635740199,34.72490749995166,AGGATAAAGTCGGGAT-1
99,-0.00017,0.001411,-5e-09,-1.4e-05,6.36e-05,1407.36,-8.1e-08,3.75e-12,,0,0,1.5e-11,grid03,Patient7b,4831,5526,4780.164715846794,5560.738634916701,45.163271433775925,TTAGAAGAACATGACT-1
0,-0.00067,-0.00045,2.03e-10,-2.1e-05,6.85e-05,3689.46,-6.5e-08,1.32e-12,,0,0,1.87e-11,grid04,Patient7b,2770,7104,2762.88410224337,7169.040547616032,47.99285156695826,GTGAGATAACCTTATA-1
1,-0.00065,-0.00045,-1.6e-09,2.69e-06,6.47e-05,882.82,-3.8e-08,1.79e-12,,0,0,1.19e-11,grid04,Patient7b,2770,7104,2750.8089361611733,7145.623757976003,33.62052187351992,GTGAGATAACCTTATA-1
2,-0.00063,-0.00045,-2e-09,8.61e-06,6.17e-05,118.649,6.91e-08,1.5e-12,,0,0,8.27e-12,grid04,Patient7b,2770,7104,2738.7337700789767,7122.206968335973,26.539341203291286,GTGAGATAACCTTATA-1
3,-0.00061,-0.00045,-1.7e-09,1.99e-06,6.69e-05,2712.27,-6.3e-09,7.42e-13,,0,0,9.68e-12,grid04,Patient7b,2770,7104,2726.65860399678,7098.790178695943,32.020387613187054,GTGAGATAACCTTATA-1
4,-0.00059,-0.00045,-6.2e-10,-1.5e-05,6.39e-05,1248.12,-5.5e-08,2.92e-12,,0,0,1.85e-11,grid04,Patient7b,2770,7104,2714.5834379145836,7075.373389055912,45.75199739060533,GTGAGATAACCTTATA-1
5,-0.00057,-0.00045,9.22e-10,-4e-05,6.41e-05,1252.82,-6e-08,4.52e-12,,0,0,2.1e-11,grid04,Patient7b,2650,7034,2702.508271832387,7051.956599415883,40.705469138837955,GTTCCGTCCGCCTGCA-1
6,-0.00055,-0.00045,-1.4e-09,-5.2e-06,6.72e-05,405.136,1.46e-08,-2.5e-12,,0,0,1.06e-11,grid04,Patient7b,2650,7034,2690.4331057501904,7028.539809775853,29.92746944298009,GTTCCGTCCGCCTGCA-1
7,-0.00053,-0.00045,7.98e-09,-0.00015,6.48e-05,1246.96,-6.1e-09,7.37e-13,,0,0,1.33e-11,grid04,Patient7b,2650,7034,2678.357939667994,7005.123020135823,29.68742305497889,GTTCCGTCCGCCTGCA-1
8,-0.00051,-0.00045,-2.4e-09,5.81e-06,7.16e-05,2518.44,-6.3e-08,1.37e-11,,0,0,1.28e-11,grid04,Patient7b,2650,7034,2666.2827735857973,6981.706230495793,40.17467111212316,GTTCCGTCCGCCTGCA-1
9,-0.00049,-0.00045,-1.8e-09,-2.5e-06,7.52e-05,2576.08,-6.6e-08,3.3e-12,,0,0,2.2e-11,grid04,Patient7b,2651,6895,2654.2076075036007,6958.289440855763,46.48329201203375,GTCCAGGCACGTGTGC-1
12,-0.00053,-0.00043,-1.4e-09,-9.9e-06,7.01e-05,522.261,-1.8e-08,7.33e-13,,0,0,1.44e-11,grid04,Patient7b,2650,7034,2701.783365888213,6994.204877057023,47.90454027659229,GTTCCGTCCGCCTGCA-1
13,-0.00055,-0.00043,-2.7e-09,8.75e-06,6.74e-05,1291.44,-8e-08,3.26e-12,,0,0,1.56e-11,grid04,Patient7b,2650,7034,2713.85853197041,7017.621666697053,48.35724115307138,GTTCCGTCCGCCTGCA-1
15,-0.00059,-0.00043,-2.5e-09,2.58e-06,6.83e-05,627.716,-1.3e-08,5.65e-13,,0,0,8.26e-12,grid04,Patient7b,2770,7104,2738.008864134803,7064.455245977113,37.31000215454782,GTGAGATAACCTTATA-1
16,-0.00061,-0.00043,5.26e-10,-4.4e-05,6.42e-05,957.477,-1.9e-08,3.02e-12,,0,0,1.27e-11,grid04,Patient7b,2770,7104,2750.084030217,7087.8720356171425,18.797969881096503,GTGAGATAACCTTATA-1
17,-0.00063,-0.00043,-2.3e-09,-1.5e-06,6.74e-05,95.8436,7.68e-08,-2.5e-13,,0,0,7.2e-12,grid04,Patient7b,2770,7104,2762.1591962991965,7111.288825257173,7.852549488288634,GTGAGATAACCTTATA-1
18,-0.00065,-0.00043,-2.5e-09,-1e-07,6.52e-05,452.567,-9.4e-09,1.16e-12,,0,0,8.56e-12,grid04,Patient7b,2770,7104,2774.234362381393,7134.705614897202,22.736157243883333,GTGAGATAACCTTATA-1
20,-0.00067,-0.00041,-2.3e-09,-5e-06,6.66e-05,2589.29,-4.8e-08,2.88e-12,,0,0,1.51e-11,grid04,Patient7b,2770,7104,2809.734954683809,7147.2042614584325,43.055943074630484,GTGAGATAACCTTATA-1
21,-0.00065,-0.00041,-4.4e-09,2.68e-05,6.6e-05,616.155,1.74e-08,1.27e-12,,0,0,1.8e-11,grid04,Patient7b,2770,7104,2797.6597886016125,7123.787471818402,24.946042113863044,GTGAGATAACCTTATA-1
22,-0.00063,-0.00041,-3.2e-09,6.1e-06,6.48e-05,449.517,-4.7e-08,2.89e-12,,0,0,1.05e-11,grid04,Patient7b,2770,7104,2785.5846225194155,7100.370682178373,11.737429496470272,GTGAGATAACCTTATA-1
23,-0.00061,-0.00041,-2.5e-09,-3.6e-06,6.56e-05,333.049,4.9e-09,3.02e-12,,0,0,1.14e-11,grid04,Patient7b,2770,7104,2773.509456437219,7076.953892538342,20.005022773288015,GTGAGATAACCTTATA-1
24,-0.00059,-0.00041,4.96e-09,-0.00011,6.62e-05,6778.61,-6.2e-08,4.18e-12,,0,0,2.43e-11,grid04,Patient7b,2770,7104,2761.4342903550223,7053.537102898313,37.544720961435715,GTGAGATAACCTTATA-1
26,-0.00055,-0.00041,-3.2e-09,3.66e-06,7.08e-05,119.374,6.95e-08,3.02e-13,,0,0,7.65e-12,grid04,Patient7b,2771,6965,2737.283958190629,7006.703523618253,39.33685504891679,CTGTAGTGAGGATCGA-1
27,-0.00053,-0.00041,-3.2e-09,2.83e-06,7.6e-05,1090.62,-4.3e-08,2.76e-12,,0,0,1.17e-11,grid04,Patient7b,2771,6965,2725.2087921084326,6983.286733978222,36.16782763283608,CTGTAGTGAGGATCGA-1
28,-0.00051,-0.00041,-3.3e-09,2.84e-06,7.92e-05,1113.2,-7.5e-08,5.16e-12,,0,0,1.59e-11,grid04,Patient7b,2771,6965,2713.133626026236,6959.869944338193,42.61228458032698,CTGTAGTGAGGATCGA-1
29,-0.00049,-0.00041,-3.1e-09,2.96e-07,7.53e-05,356.347,-4.1e-08,8.11e-12,,0,0,1.04e-11,grid04,Patient7b,2651,6895,2701.0584599440394,6936.4531546981625,47.673989075083064,GTCCAGGCACGTGTGC-1
30,-0.00049,-0.00039,-3.2e-09,2.01e-06,7.42e-05,500.266,-2.7e-08,3.13e-12,,0,0,1.15e-11,grid04,Patient7b,2771,6965,2724.483886164259,6925.535011619362,44.745778087763924,CTGTAGTGAGGATCGA-1
31,-0.00051,-0.00039,-3.4e-09,3.52e-06,7.61e-05,1681.59,-6.5e-08,1.2e-11,,0,0,9.66e-12,grid04,Patient7b,2771,6965,2736.5590522464554,6948.951801259393,27.87087399913121,CTGTAGTGAGGATCGA-1
32,-0.00053,-0.00039,-3.2e-09,8.23e-07,8.16e-05,61.6764,1.21e-07,1.03e-14,,0,0,6.95e-12,grid04,Patient7b,2771,6965,2748.6342183286524,6972.368590899423,17.27304342635243,CTGTAGTGAGGATCGA-1
33,-0.00055,-0.00039,-3e-09,-3.2e-06,7.56e-05,72.0669,1.35e-07,-1e-12,,0,0,8.49e-12,grid04,Patient7b,2771,6965,2760.7093844108485,6995.7853805394525,23.809701633557758,CTGTAGTGAGGATCGA-1
34,-0.00057,-0.00039,-2.9e-09,-5.6e-06,6.86e-05,1033.54,-2.9e-08,2.09e-12,,0,0,1.67e-11,grid04,Patient7b,2771,6965,2772.7845504930456,7019.202170179482,39.77960791016623,CTGTAGTGAGGATCGA-1
36,-0.00061,-0.00039,1.09e-09,-6.6e-05,6.73e-05,1929.06,-3e-08,2.65e-12,,0,0,1.59e-11,grid04,Patient7b,2770,7104,2796.9348826574387,7066.035749459543,34.14406268190961,GTGAGATAACCTTATA-1
37,-0.00063,-0.00039,-2.8e-09,-1e-05,6.71e-05,1858.38,-2.7e-08,3.84e-12,,0,0,1.21e-11,grid04,Patient7b,2770,7104,2809.0100487396353,7089.452539099572,30.539331765126875,GTGAGATAACCTTATA-1
38,-0.00065,-0.00039,-3.1e-09,-4.2e-06,6.86e-05,241.861,3.09e-08,5.36e-13,,0,0,1.24e-11,grid04,Patient7b,2770,7104,2821.085214821832,7112.869328739602,38.0323021105999,GTGAGATAACCTTATA-1
40,-0.00067,-0.00037,-2.8e-09,-1.1e-05,6.76e-05,1520.66,-6.1e-08,1.11e-12,,0,0,1.89e-11,grid04,Patient7b,2890,7174,2856.585807124248,7125.367975300832,43.2809601300466,AGGGTCAGAGCACTCG-1
42,-0.00063,-0.00037,-3e-09,-9.2e-06,7.16e-05,1286.62,-5.6e-08,1.85e-12,,0,0,1.45e-11,grid04,Patient7b,2770,7104,2832.435474959854,7078.534396020772,49.460217689508795,GTGAGATAACCTTATA-1
49,-0.00049,-0.00037,-8e-10,-4.2e-05,7.31e-05,2330.96,-7.6e-08,5.73e-12,,0,0,2.03e-11,grid04,Patient7b,2771,6965,2747.909312384478,6914.616868540562,40.653103688991926,CTGTAGTGAGGATCGA-1
50,-0.00049,-0.00035,-1.4e-09,-3.3e-05,7.38e-05,1128.54,-5.3e-08,1.34e-12,,0,0,1.41e-11,grid04,Patient7b,2771,6965,2771.3347386046976,6903.6987254617625,44.966029824453685,CTGTAGTGAGGATCGA-1
51,-0.00051,-0.00035,7.44e-09,-0.00015,7.47e-05,1150.34,-2.5e-08,2.04e-11,,0,0,2.6e-11,grid04,Patient7b,2771,6965,2783.409904686894,6927.115515101792,29.24174593605209,CTGTAGTGAGGATCGA-1
53,-0.00055,-0.00035,-4.5e-09,6.74e-06,7.25e-05,124.853,8.8e-08,-3e-12,,0,0,9.22e-12,grid04,Patient7b,2771,6965,2807.5602368512878,6973.949094381852,27.609161389473364,CTGTAGTGAGGATCGA-1
54,-0.00057,-0.00035,-2.5e-09,-2e-05,7.74e-05,212.355,2.36e-08,-1.9e-12,,0,0,1.03e-11,grid04,Patient7b,2771,6965,2819.6354029334843,6997.365884021882,42.85225796450436,CTGTAGTGAGGATCGA-1
55,-0.00059,-0.00035,-4e-09,-1.7e-06,7.09e-05,87.9902,7.8e-08,-9.9e-13,,0,0,7.84e-12,grid04,Patient7b,2891,7035,2831.710569015681,7020.782673661912,44.722533849391276,GTGTCAGTGTACGTGG-1
56,-0.00061,-0.00035,-3.6e-09,-7.4e-06,6.93e-05,638.037,-6.9e-08,2.01e-12,,0,0,1.31e-11,grid04,Patient7b,2891,7035,2843.7857350978775,7044.199463301942,35.283614058834694,GTGTCAGTGTACGTGG-1
57,-0.00063,-0.00035,4.81e-09,-0.00013,6.94e-05,4127.29,-7.7e-08,1.18e-11,,0,0,3.76e-11,grid04,Patient7b,2891,7035,2855.860901180074,7067.616252941972,35.16721852994348,GTGTCAGTGTACGTGG-1
58,-0.00065,-0.00035,-4e-09,-3.6e-06,7.22e-05,806.795,-2.4e-08,4.95e-13,,0,0,8.03e-12,grid04,Patient7b,2891,7035,2867.9360672622706,7091.033042582002,44.44664833426698,GTGTCAGTGTACGTGG-1
59,-0.00067,-0.00035,7.09e-09,-0.00017,6.72e-05,938.723,-2.7e-08,2.13e-11,,0,0,2.47e-11,grid04,Patient7b,2890,7174,2880.011233344467,7114.449832222032,44.291131455808845,AGGGTCAGAGCACTCG-1
61,-0.00065,-0.00033,-4.2e-09,-1.4e-06,7.02e-05,541.854,7.84e-09,7.5e-13,,0,0,9.43e-12,grid04,Patient7b,2891,7035,2891.36149348249,7080.114899503202,33.09348474634143,GTGTCAGTGTACGTGG-1
62,-0.00063,-0.00033,-1.5e-09,-4.1e-05,6.72e-05,382.322,2.51e-08,1.6e-12,,0,0,1.55e-11,grid04,Patient7b,2891,7035,2879.2863274002934,7056.698109863171,18.087011650068185,GTGTCAGTGTACGTGG-1
63,-0.00061,-0.00033,-2e-09,-3.3e-05,7.07e-05,304.771,1.49e-08,6.33e-13,,0,0,1.11e-11,grid04,Patient7b,2891,7035,2867.211161318097,7033.281320223142,17.494933527746117,GTGTCAGTGTACGTGG-1
64,-0.00059,-0.00033,2.44e-10,-6.7e-05,6.94e-05,1431.77,-3.2e-08,6.06e-12,,0,0,1.45e-11,grid04,Patient7b,2891,7035,2855.1359952359,7009.864530583111,32.124396629166284,GTGTCAGTGTACGTGG-1
66,-0.00055,-0.00033,-3.8e-09,-1e-05,7.17e-05,793.849,-2.1e-08,1.21e-12,,0,0,1.14e-11,grid04,Patient7b,2771,6965,2830.9856630715067,6963.030951303052,44.024038508993485,CTGTAGTGAGGATCGA-1
67,-0.00053,-0.00033,-5.1e-09,7.76e-06,7.61e-05,2140.5,-7.7e-09,1.93e-12,,0,0,1.48e-11,grid04,Patient7b,2771,6965,2818.91049698931,6939.614161663022,39.77146897390935,CTGTAGTGAGGATCGA-1
68,-0.00051,-0.00033,-4.9e-09,4.78e-06,7.69e-05,107.371,6.35e-08,3.06e-13,,0,0,7.3e-12,grid04,Patient7b,2771,6965,2806.8353309071135,6916.197372022992,44.41165357179481,CTGTAGTGAGGATCGA-1
71,-0.00051,-0.00031,-4e-09,-8.5e-06,7.45e-05,141.027,2.16e-08,-7.7e-13,,0,0,9.14e-12,grid04,Patient7b,2892,6897,2830.2607571273334,6905.279228944191,45.69199109947036,GATAGTGCGAGTAAGT-1
72,-0.00053,-0.00031,-2.6e-09,-2.6e-05,7.73e-05,176.923,4.49e-08,-8.4e-13,,0,0,9.4e-12,grid04,Patient7b,2892,6897,2842.33592320953,6928.696018584222,43.2161191075789,GATAGTGCGAGTAAGT-1
73,-0.00055,-0.00031,-3.8e-09,-1.1e-05,7.52e-05,474.308,-3.7e-08,-4.2e-13,,0,0,1.25e-11,grid04,Patient7b,2892,6897,2854.4110892917265,6952.112808224252,48.93341702501471,GATAGTGCGAGTAAGT-1
74,-0.00057,-0.00031,-4.9e-10,-5.9e-05,7.03e-05,1176.84,-6.5e-08,-2e-12,,0,0,2.19e-11,grid04,Patient7b,2891,7035,2866.486255373923,6975.529597864282,47.183001778168816,GTGTCAGTGTACGTGG-1
75,-0.00059,-0.00031,-4.8e-09,1.25e-06,7.44e-05,78.8364,1.09e-07,9.51e-13,,0,0,6.82e-12,grid04,Patient7b,2891,7035,2878.5614214561197,6998.946387504312,27.9754803251568,GTGTCAGTGTACGTGG-1
76,-0.00061,-0.00031,3.08e-10,-7.1e-05,7.11e-05,1067.85,-5.1e-08,6.85e-12,,0,0,1.83e-11,grid04,Patient7b,2891,7035,2890.6365875383162,7022.3631771443415,9.273122073227881,GTGTCAGTGTACGTGG-1
79,-0.00067,-0.00031,-2.7e-10,-6.8e-05,6.71e-05,193.13,5.57e-08,-3.9e-12,,0,0,1.68e-11,grid04,Patient7b,2891,7035,2926.862085784906,7092.613546064432,49.778603629402774,GTGTCAGTGTACGTGG-1
80,-0.00067,-0.00029,-3.7e-09,-1.9e-05,6.86e-05,75.8264,1.59e-07,-3.5e-12,,0,0,8.63e-12,grid04,Patient7b,3011,7106,2950.2875120051253,7081.6954029856315,47.96936346003919,CCAACCTTATGTAACT-1
81,-0.00065,-0.00029,-3.5e-09,-2.1e-05,7.35e-05,126.145,5.73e-08,-2.6e-12,,0,0,9.39e-12,grid04,Patient7b,2891,7035,2938.2123459229288,7058.278613345601,38.61170222796222,GTGTCAGTGTACGTGG-1
82,-0.00063,-0.00029,4.4e-09,-0.00013,7.01e-05,3858.04,-2.4e-08,1.31e-12,,0,0,1.61e-11,grid04,Patient7b,2891,7035,2926.137179840732,7034.861823705571,25.77382199626833,GTGTCAGTGTACGTGG-1
83,-0.00061,-0.00029,-4.6e-09,-5.6e-06,7.31e-05,1149.85,-9.4e-09,1.8e-12,,0,0,1.17e-11,grid04,Patient7b,2891,7035,2914.0620137585356,7011.445034065541,24.18031642859519,GTGTCAGTGTACGTGG-1
84,-0.00059,-0.00029,5.86e-09,-0.00017,6.57e-05,9520.81,-9.2e-08,2.62e-11,,0,0,5.34e-11,grid04,Patient7b,2891,7035,2901.986847676339,6988.028244425512,35.3844168500174,GTGTCAGTGTACGTGG-1
85,-0.00057,-0.00029,-3e-09,-3.1e-05,7.25e-05,390.093,6.94e-09,-3.5e-13,,0,0,1.24e-11,grid04,Patient7b,2892,6897,2889.9116815941425,6964.611454785481,49.61761761537723,GATAGTGCGAGTAAGT-1
86,-0.00055,-0.00029,-4.8e-09,-6.9e-06,7.69e-05,243.288,1.7e-08,9.51e-13,,0,0,9.95e-12,grid04,Patient7b,2892,6897,2877.8365155119454,6941.194665145451,34.041485318000596,GATAGTGCGAGTAAGT-1
87,-0.00053,-0.00029,-5.3e-09,-4.1e-07,7.39e-05,571.815,9.16e-10,-1.2e-12,,0,0,1.15e-11,grid04,Patient7b,2892,6897,2865.761349429749,6917.777875505421,24.550130721092142,GATAGTGCGAGTAAGT-1
88,-0.00051,-0.00029,4.47e-09,-0.00013,7.21e-05,3925.52,-2.7e-08,-4.1e-13,,0,0,5.43e-11,grid04,Patient7b,2892,6897,2853.6861833475523,6894.361085865392,28.170313543283722,GATAGTGCGAGTAAGT-1
89,-0.00049,-0.00029,-4.9e-09,-7.4e-06,7.1e-05,392.178,-2.5e-08,9.03e-12,,0,0,1.09e-11,grid04,Patient7b,2892,6897,2841.6110172653557,6870.9442962253615,41.61004281142092,GATAGTGCGAGTAAGT-1
90,-0.00049,-0.00027,-5.6e-09,1.62e-06,6.61e-05,1003.43,-4.1e-08,5.59e-12,,0,0,1.18e-11,grid04,Patient7b,2892,6897,2865.0364434855755,6860.026153146561,33.566583677951286,GATAGTGCGAGTAAGT-1
91,-0.00051,-0.00027,-5.1e-09,-6.5e-06,6.66e-05,110.356,6.06e-08,2.13e-12,,0,0,7.45e-12,grid04,Patient7b,2892,6897,2877.111609567772,6883.442942786592,14.770033695864674,GATAGTGCGAGTAAGT-1
92,-0.00053,-0.00027,-5.5e-09,-2.1e-06,6.08e-05,794.788,-2.3e-08,1.54e-12,,0,0,1.4e-11,grid04,Patient7b,2892,6897,2889.1867756499687,6906.859732426621,7.520884381655242,GATAGTGCGAGTAAGT-1
93,-0.00055,-0.00027,-1.4e-09,-6.9e-05,5.95e-05,215.103,4.46e-08,-7.1e-12,,0,0,1.64e-11,grid04,Patient7b,2892,6897,2901.2619417321653,6930.2765220666515,25.336632754268,GATAGTGCGAGTAAGT-1
94,-0.00057,-0.00027,-3.1e-09,-4.1e-05,6.47e-05,366.224,-1.1e-08,-2.8e-12,,0,0,1.2e-11,grid04,Patient7b,2892,6897,2913.337107814362,6953.693311706681,44.43306952827136,GATAGTGCGAGTAAGT-1
95,-0.00059,-0.00027,-4.6e-09,-1.9e-05,6.08e-05,164.882,7.6e-08,8.5e-13,,0,0,1.23e-11,grid04,Patient7b,2891,7035,2925.4122738965584,6977.110101346711,49.39904075956971,GTGTCAGTGTACGTGG-1
96,-0.00061,-0.00027,1.12e-08,-0.00027,6.17e-05,1477.65,-2.3e-08,2.72e-11,,0,0,3.33e-11,grid04,Patient7b,2891,7035,2937.487439978755,7000.526890986741,42.4518954576385,GTGTCAGTGTACGTGG-1
97,-0.00063,-0.00027,-6.2e-09,3.57e-06,6.7e-05,1549.06,-1.9e-08,2.27e-12,,0,0,1.02e-11,grid04,Patient7b,2891,7035,2949.5626060609516,7023.943680626771,43.715364334110674,GTGTCAGTGTACGTGG-1
99,-0.00067,-0.00027,8.49e-10,-0.00011,6.32e-05,349.178,-1.5e-08,1.14e-11,,0,0,2.13e-11,grid04,Patient7b,3011,7106,2973.7129382253447,7070.777259906831,37.62410829552306,CCAACCTTATGTAACT-1
0,-0.00197,-1.4e-06,4.98e-09,-7.5e-05,8.44e-05,1073.6,-2.4e-09,8.24e-12,,0,0,1.45e-11,grid05,Patient7b,4085,8568,4095.1065203301405,8555.153529905663,11.989616540571552,TGGACGCAATCCAGCC-1
3,-0.00191,-1.4e-06,-3.4e-10,-1.4e-05,8.26e-05,232.387,4.97e-09,-1.2e-12,,0,0,7.97e-12,grid05,Patient7b,4086,8430,4058.9277755521953,8484.601823355386,44.703855034990674,GTATCTCAGTCTTGAC-1
5,-0.00187,-1.4e-06,1.75e-09,-4.5e-05,7.39e-05,2569.74,-4.3e-08,4.18e-12,,0,0,2.18e-11,grid05,Patient7b,4086,8430,4034.808612366898,8437.567352321867,37.95766583436098,GTATCTCAGTCTTGAC-1
7,-0.00183,-1.4e-06,8.86e-09,-0.00015,6.94e-05,453.035,-4.6e-08,-4.2e-12,,0,0,1.84e-11,grid05,Patient7b,3966,8360,4010.6894491816015,8390.532881288349,39.700701323354174,GCTGAATCTTCCAATC-1
8,-0.00181,-1.4e-06,7.85e-09,-0.00013,7.06e-05,256.028,2.03e-08,-9.2e-13,,0,0,1.2e-11,grid05,Patient7b,3966,8360,3998.629867588953,8367.01564577159,24.481444360020962,GCTGAATCTTCCAATC-1
9,-0.00179,-1.4e-06,-1.7e-09,-2.1e-06,7.08e-05,1165.75,-3.9e-08,4.96e-12,,0,0,1.22e-11,grid05,Patient7b,3966,8360,3986.570285996305,8343.49841025483,19.34363670108576,GCTGAATCTTCCAATC-1
10,-0.00179,1.86e-05,7.11e-09,-0.00012,7.35e-05,239.857,2.41e-08,-1.3e-12,,0,0,9.54e-12,grid05,Patient7b,3966,8360,4009.76018079198,8332.754320748187,37.81179218764117,GCTGAATCTTCCAATC-1
11,-0.00181,1.86e-05,7.82e-09,-0.00014,6.94e-05,2019.21,-6.8e-08,1.78e-11,,0,0,2.5e-11,grid05,Patient7b,3966,8360,4021.8197623846286,8356.271556264946,41.03582722979638,GCTGAATCTTCCAATC-1
14,-0.00187,1.86e-05,-1.8e-09,-3.1e-06,7.4e-05,1869.69,-1.5e-08,7.86e-13,,0,0,1.94e-11,grid05,Patient7b,4086,8430,4057.998507162574,8426.823262815225,20.67125013765286,GTATCTCAGTCTTGAC-1
15,-0.00189,1.86e-05,-1.7e-09,-3.5e-06,7.62e-05,127.035,6.41e-08,1.39e-14,,0,0,8.68e-12,grid05,Patient7b,4086,8430,4070.0580887552223,8450.340498331983,18.956489589918345,GTATCTCAGTCTTGAC-1
16,-0.00191,1.86e-05,2.07e-09,-5.3e-05,7.66e-05,180.518,7.47e-08,6.07e-13,,0,0,1.28e-11,grid05,Patient7b,4086,8430,4082.117670347871,8473.857733848743,32.29607009182541,GTATCTCAGTCTTGAC-1
17,-0.00193,1.86e-05,5.34e-10,-3.1e-05,8.01e-05,2070.73,-6.2e-08,3.15e-12,,0,0,1.94e-11,grid05,Patient7b,4086,8430,4094.177251940519,8497.374969365503,49.783165022562265,GTATCTCAGTCTTGAC-1
18,-0.00195,1.86e-05,-2.7e-09,5.78e-06,9.27e-05,4773.94,-7.8e-08,9.12e-12,,0,0,3.45e-11,grid05,Patient7b,4085,8568,4106.236833533168,8520.892204882262,37.90322716133461,TGGACGCAATCCAGCC-1
19,-0.00197,1.86e-05,5.63e-09,-8.5e-05,9.04e-05,261.232,1.6e-08,3.86e-12,,0,0,1.24e-11,grid05,Patient7b,4085,8568,4118.296415125816,8544.409440399022,29.93210787019528,TGGACGCAATCCAGCC-1
20,-0.00197,3.86e-05,-2.6e-09,4.76e-06,8.48e-05,518.102,-2.7e-08,5.82e-13,,0,0,1.06e-11,grid05,Patient7b,4085,8568,4141.486309921491,8533.665350892377,48.48729788779989,TGGACGCAATCCAGCC-1
23,-0.00191,3.86e-05,-2.1e-09,-1.7e-06,8.07e-05,399.089,-4.6e-08,1.42e-12,,0,0,9.88e-12,grid05,Patient7b,4086,8430,4105.307565143546,8463.1136443421,28.11662195049093,GTATCTCAGTCTTGAC-1
24,-0.00189,3.86e-05,-1.7e-09,-7.5e-06,7.69e-05,208.45,2.02e-08,1.15e-12,,0,0,9.05e-12,grid05,Patient7b,4086,8430,4093.2479835508975,8439.59640882534,8.82123195706299,GTATCTCAGTCTTGAC-1
25,-0.00187,3.86e-05,-1.6e-09,-9.4e-06,7.69e-05,1426.25,5.32e-10,-2.7e-13,,0,0,1.2e-11,grid05,Patient7b,4086,8430,4081.188401958249,8416.079173308583,10.80386815256035,GTATCTCAGTCTTGAC-1
26,-0.00185,3.86e-05,-1.3e-09,-1.3e-05,7.28e-05,530.903,-1.8e-08,2.69e-12,,0,0,1.14e-11,grid05,Patient7b,4086,8430,4069.1288203656004,8392.561937791823,30.1209683004986,GTATCTCAGTCTTGAC-1
27,-0.00183,3.86e-05,6.9e-10,-4.2e-05,7.09e-05,775.912,-6.7e-08,1.37e-12,,0,0,1.87e-11,grid05,Patient7b,4086,8430,4057.0692387729523,8369.044702275063,49.49203598707084,GTATCTCAGTCTTGAC-1
29,-0.00179,3.86e-05,5.28e-09,-0.00011,7e-05,87.3406,1.32e-07,-5.5e-12,,0,0,1.65e-11,grid05,Patient7b,4087,8291,4032.950075587655,8322.010231241544,45.708173738686895,AGATGCAAGACGTGCA-1
30,-0.00179,5.86e-05,-2.9e-09,5.92e-06,7.25e-05,579.172,-1.2e-08,-4.1e-12,,0,0,1.13e-11,grid05,Patient7b,4087,8291,4056.139970383331,8311.2661417349,27.08106390216673,AGATGCAAGACGTGCA-1
31,-0.00181,5.86e-05,-1.9e-09,-7.7e-06,7.15e-05,519.571,2.81e-08,5e-13,,0,0,8.1e-12,grid05,Patient7b,4087,8291,4068.1995519759794,8334.78337725166,34.95132727777316,AGATGCAAGACGTGCA-1
32,-0.00183,5.86e-05,1.2e-09,-5.1e-05,7.11e-05,444.807,2.56e-08,-1.6e-12,,0,0,1.05e-11,grid05,Patient7b,4087,8291,4080.2591335686275,8358.30061276842,49.61296469036033,AGATGCAAGACGTGCA-1
33,-0.00185,5.86e-05,6.94e-09,-0.00012,7.35e-05,145.24,7.98e-08,2.77e-12,,0,0,1.6e-11,grid05,Patient7b,4086,8430,4092.318715161276,8381.81784828518,35.64491357045369,GTATCTCAGTCTTGAC-1
34,-0.00187,5.86e-05,1.7e-08,-0.00027,7.25e-05,827.382,3.44e-09,1.06e-11,,0,0,2.12e-11,grid05,Patient7b,4086,8430,4104.378296753925,8405.33508380194,22.562210663108722,GTATCTCAGTCTTGAC-1
35,-0.00189,5.86e-05,9.07e-09,-0.00016,7.29e-05,152.997,1.01e-07,-2.9e-12,,0,0,1.05e-11,grid05,Patient7b,4086,8430,4116.437878346573,8428.852319318697,22.342483457575206,GTATCTCAGTCTTGAC-1
36,-0.00191,5.86e-05,-4.9e-10,-2.7e-05,7.49e-05,881.007,-3.6e-09,7.86e-13,,0,0,1.3e-11,grid05,Patient7b,4086,8430,4128.497459939222,8452.369554835457,35.22725528027527,GTATCTCAGTCTTGAC-1
39,-0.00197,5.86e-05,-1.3e-09,-1.8e-05,8.27e-05,1446.24,-1.2e-08,1.46e-12,,0,0,9.45e-12,grid05,Patient7b,4206,8500,4164.676204717167,8522.921261385736,34.66225746608167,CTCTCTAACTGCCTAG-1
40,-0.00197,7.86e-05,-2.9e-09,1.08e-06,8.39e-05,348.594,4.92e-09,1.53e-12,,0,0,7.25e-12,grid05,Patient7b,4206,8500,4187.866099512842,8512.177171879093,16.022239657531752,CTCTCTAACTGCCTAG-1
41,-0.00195,7.86e-05,-2.3e-09,-6.6e-06,8.14e-05,225.824,8.51e-08,-4.4e-13,,0,0,8.11e-12,grid05,Patient7b,4206,8500,4175.806517920193,8488.659936362334,23.657892306962246,CTCTCTAACTGCCTAG-1
42,-0.00193,7.86e-05,-6.3e-10,-2.7e-05,7.64e-05,1685.4,-2.3e-08,2.38e-12,,0,0,1.72e-11,grid05,Patient7b,4206,8500,4163.746936327545,8465.142700845574,40.178592604226296,CTCTCTAACTGCCTAG-1
43,-0.00191,7.86e-05,-3.1e-11,-3.6e-05,7.54e-05,208.776,1.75e-08,-1.6e-12,,0,0,1.2e-11,grid05,Patient7b,4086,8430,4151.687354734897,8441.625465328814,48.931394803342805,GTATCTCAGTCTTGAC-1
44,-0.00189,7.86e-05,2.96e-09,-7.7e-05,7.38e-05,43.7957,2.97e-07,-1.4e-11,,0,0,9.66e-12,grid05,Patient7b,4086,8430,4139.627773142248,8418.108229812055,40.2922548265522,GTATCTCAGTCTTGAC-1
45,-0.00187,7.86e-05,-7.8e-10,-2.9e-05,7.22e-05,287.848,2.49e-08,-2.3e-13,,0,0,9.18e-12,grid05,Patient7b,4086,8430,4127.5681915496,8394.590994295297,40.05358824249301,GTATCTCAGTCTTGAC-1
46,-0.00185,7.86e-05,1.3e-09,-5.6e-05,7.38e-05,174.74,2.39e-08,-3.2e-12,,0,0,1.03e-11,grid05,Patient7b,4086,8430,4115.508609956952,8371.073758778537,48.33998131644957,GTATCTCAGTCTTGAC-1
47,-0.00183,7.86e-05,8.09e-09,-0.00015,7.1e-05,163.59,1.12e-07,-1.2e-11,,0,0,1.25e-11,grid05,Patient7b,4087,8291,4103.449028364303,8347.556523261777,43.20399565763004,AGATGCAAGACGTGCA-1
48,-0.00181,7.86e-05,-1e-10,-4e-05,7e-05,64.0588,1.85e-07,-6.1e-12,,0,0,1.06e-11,grid05,Patient7b,4087,8291,4091.3894467716545,8324.039287745018,24.447732063168672,AGATGCAAGACGTGCA-1
50,-0.00179,9.86e-05,4.24e-09,-9.7e-05,7.34e-05,4410.69,-1.9e-08,-4.9e-13,,0,0,3.3e-11,grid05,Patient7b,4087,8291,4102.519759974682,8289.777962721617,11.419201705901182,AGATGCAAGACGTGCA-1
51,-0.00181,9.86e-05,-1.8e-10,-3.7e-05,7.86e-05,35.1167,2.13e-07,-8.2e-12,,0,0,6.63e-12,grid05,Patient7b,4087,8291,4114.57934156733,8313.295198238375,26.013356679426174,AGATGCAAGACGTGCA-1
54,-0.00187,9.86e-05,8.38e-10,-5.4e-05,7.25e-05,107.857,8.8e-08,-2.4e-12,,0,0,8.68e-12,grid05,Patient7b,4207,8361,4150.758086345275,8383.846904788654,44.5282064140386,TCGGTCCCGACAATAG-1
55,-0.00189,9.86e-05,1.54e-10,-4.4e-05,7.35e-05,187.192,7.2e-08,5.45e-12,,0,0,2.46e-11,grid05,Patient7b,4207,8361,4162.817667937924,8407.364140305413,46.97763459252896,TCGGTCCCGACAATAG-1
57,-0.00193,9.86e-05,-1.7e-11,-4.1e-05,7.72e-05,152.502,6.43e-08,-6.2e-12,,0,0,1.04e-11,grid05,Patient7b,4206,8500,4186.93683112322,8454.398611338931,36.25439105919033,CTCTCTAACTGCCTAG-1
58,-0.00195,9.86e-05,-1.6e-10,-4e-05,7.59e-05,47.0223,1.82e-07,-5.9e-12,,0,0,7.87e-12,grid05,Patient7b,4206,8500,4198.996412715869,8477.91584685569,16.994119179505258,CTCTCTAACTGCCTAG-1
59,-0.00197,9.86e-05,-3.3e-09,-3.2e-08,7.43e-05,901.286,-8e-09,7.2e-13,,0,0,9.69e-12,grid05,Patient7b,4206,8500,4211.055994308517,8501.43308237245,3.854741597814013,CTCTCTAACTGCCTAG-1
60,-0.00197,0.000119,8.43e-09,-0.00016,7.36e-05,581.111,5.16e-09,-1.1e-12,,0,0,1.86e-11,grid05,Patient7b,4206,8500,4234.245889104192,8490.688992865807,21.81542344472227,CTCTCTAACTGCCTAG-1
61,-0.00195,0.000119,6.2e-09,-0.00013,7.33e-05,1408.34,-6e-08,2.95e-11,,0,0,3.64e-11,grid05,Patient7b,4206,8500,4222.186307511544,8467.171757349048,26.847925489891182,CTCTCTAACTGCCTAG-1
62,-0.00193,0.000119,-1.8e-09,-2e-05,7.54e-05,358.844,1.71e-08,9.64e-14,,0,0,1.09e-11,grid05,Patient7b,4206,8500,4210.126725918895,8443.654521832288,41.440912594115225,CTCTCTAACTGCCTAG-1
63,-0.00191,0.000119,2.33e-09,-7.1e-05,8e-05,1533.07,-6.2e-09,1.25e-12,,0,0,1.16e-11,grid05,Patient7b,4207,8361,4198.067144326247,8420.137286315528,43.87012968523797,TCGGTCCCGACAATAG-1
64,-0.00189,0.000119,8.29e-09,-0.00016,7.29e-05,421.452,1.32e-08,4.75e-12,,0,0,2.32e-11,grid05,Patient7b,4207,8361,4186.007562733599,8396.62005079877,30.32769216070473,TCGGTCCCGACAATAG-1
65,-0.00187,0.000119,-3.3e-11,-4.6e-05,7.27e-05,560.511,-2.6e-08,-1e-12,,0,0,1.26e-11,grid05,Patient7b,4207,8361,4173.94798114095,8373.10281528201,25.818390257206257,TCGGTCCCGACAATAG-1
66,-0.00185,0.000119,4.03e-09,-0.0001,7.14e-05,488.455,5.04e-09,3.72e-13,,0,0,1.14e-11,grid05,Patient7b,4207,8361,4161.888399548302,8349.585579765251,34.132819538333734,TCGGTCCCGACAATAG-1
67,-0.00183,0.000119,-6.6e-10,-3.7e-05,7.4e-05,789.759,-2.1e-08,2.46e-12,,0,0,1.04e-11,grid05,Patient7b,4207,8361,4149.828817955654,8326.068344248491,49.14416744928795,TCGGTCCCGACAATAG-1
68,-0.00181,0.000119,-2.3e-09,-1.4e-05,7.47e-05,189.185,8.6e-08,-1.8e-11,,0,0,1.27e-11,grid05,Patient7b,4087,8291,4137.769236363005,8302.551108731732,38.19168295026671,AGATGCAAGACGTGCA-1
69,-0.00179,0.000119,-7.5e-10,-3.7e-05,7.46e-05,1102.29,-8.5e-08,1.89e-12,,0,0,1.24e-11,grid05,Patient7b,4087,8291,4125.709654770357,8279.033873214972,29.71978192348668,AGATGCAAGACGTGCA-1
70,-0.00179,0.000139,7.83e-10,-5.9e-05,7.29e-05,1136.61,-4.3e-08,2.41e-12,,0,0,1.59e-11,grid05,Patient7b,4087,8291,4148.899549566032,8268.289783708331,48.36361758288139,AGATGCAAGACGTGCA-1
72,-0.00183,0.000139,1.5e-08,-0.00026,7.05e-05,8349.84,-8.1e-08,5.35e-12,,0,0,3.36e-11,grid05,Patient7b,4207,8361,4173.018712751329,8315.324254741849,41.75881702974491,TCGGTCCCGACAATAG-1
74,-0.00187,0.000139,1.36e-09,-7e-05,7.09e-05,868.047,3.2e-08,-1.8e-12,,0,0,9.72e-12,grid05,Patient7b,4207,8361,4197.137875936626,8362.358725775368,7.30234090135853,TCGGTCCCGACAATAG-1
75,-0.00189,0.000139,5.95e-09,-0.00013,6.9e-05,78.4002,1.07e-07,-3.4e-12,,0,0,1.49e-11,grid05,Patient7b,4207,8361,4209.197457529274,8385.875961292128,18.317927552642356,TCGGTCCCGACAATAG-1
76,-0.00191,0.000139,-3.4e-09,-4.4e-06,7.95e-05,22.212,2.67e-07,-3.3e-12,,0,0,6.77e-12,grid05,Patient7b,4207,8361,4221.257039121922,8409.393196808885,37.005519689528775,TCGGTCCCGACAATAG-1
78,-0.00195,0.000139,3.73e-09,-9.6e-05,7.43e-05,3767.53,-1e-07,8.97e-12,,0,0,3.09e-11,grid05,Patient7b,4206,8500,4245.3762023072195,8456.427667842405,43.07817217197539,CTCTCTAACTGCCTAG-1
79,-0.00197,0.000139,-2e-10,-4.7e-05,7.4e-05,587.58,-5.5e-08,1.03e-12,,0,0,1.3e-11,grid05,Patient7b,4206,8500,4257.435783899868,8479.944903359165,40.495347455025545,CTCTCTAACTGCCTAG-1
81,-0.00195,0.000159,-2e-09,-2.2e-05,7.69e-05,1490.28,-4.7e-08,-2.8e-12,,0,0,2.16e-11,grid05,Patient7b,4327,8432,4268.566097102895,8445.683578335762,44.02162099609471,ATACGGAACGTCGTTT-1
83,-0.00191,0.000159,-1e-09,-3.7e-05,7.38e-05,411.521,-2.4e-08,-3.3e-12,,0,0,1.5e-11,grid05,Patient7b,4207,8361,4244.446933917598,8398.649107302243,38.950423547487794,TCGGTCCCGACAATAG-1
84,-0.00189,0.000159,-2.7e-09,-1.7e-05,7.15e-05,64.9742,1.35e-07,-2.9e-12,,0,0,9.97e-12,grid05,Patient7b,4207,8361,4232.3873523249495,8375.131871785485,21.31269166476451,TCGGTCCCGACAATAG-1
85,-0.00187,0.000159,-4.1e-09,1.46e-06,7.45e-05,548.776,-5.4e-08,6.6e-12,,0,0,1.47e-11,grid05,Patient7b,4207,8361,4220.327770732301,8351.614636268725,11.956834361570058,TCGGTCCCGACAATAG-1
86,-0.00185,0.000159,-3.2e-09,-1.1e-05,7.01e-05,558.083,1.84e-08,5.38e-13,,0,0,7.82e-12,grid05,Patient7b,4207,8361,4208.268189139652,8328.097400751965,24.152446674961595,TCGGTCCCGACAATAG-1
88,-0.00181,0.000159,6.2e-12,-5.4e-05,7.24e-05,375.362,2.57e-08,1.08e-12,,0,0,9.09e-12,grid05,Patient7b,4208,8223,4184.149025954356,8281.062929718446,46.04327405677782,TCTAATACTGCCTCAG-1
89,-0.00179,0.000159,-1.5e-09,-3.5e-05,7.06e-05,71.5927,1.39e-07,-1.1e-12,,0,0,9.29e-12,grid05,Patient7b,4208,8223,4172.089444361707,8257.545694201688,36.55060443837211,TCTAATACTGCCTCAG-1
90,-0.00179,0.000179,1.16e-08,-0.00021,7.1e-05,285.912,3.16e-08,1.14e-13,,0,0,1.22e-11,grid05,Patient7b,4208,8223,4195.279339157383,8246.801604695045,19.795803823669356,TCTAATACTGCCTCAG-1
91,-0.00181,0.000179,-3.6e-09,-6.7e-06,7.37e-05,62.6358,1.12e-07,-1.5e-12,,0,0,8.96e-12,grid05,Patient7b,4208,8223,4207.338920750031,8270.318840211805,34.71243150437107,TCTAATACTGCCTCAG-1
93,-0.00185,0.000179,3.46e-09,-0.00011,6.88e-05,693.56,-7.9e-08,5.51e-13,,0,0,1.39e-11,grid05,Patient7b,4207,8361,4231.458083935328,8317.353311245322,36.69940780146485,TCGGTCCCGACAATAG-1
94,-0.00187,0.000179,-2.3e-10,-5.5e-05,7.26e-05,54.9122,2.11e-07,-1.2e-11,,0,0,1.11e-11,grid05,Patient7b,4207,8361,4243.5176655279765,8340.870546762082,30.58617974518029,TCGGTCCCGACAATAG-1
96,-0.00191,0.000179,3.73e-08,-0.00054,7.58e-05,895.747,-4e-08,-2.3e-12,,0,0,2.17e-11,grid05,Patient7b,4207,8361,4267.636828713274,8387.905017795601,48.65972975376536,TCGGTCCCGACAATAG-1
97,-0.00193,0.000179,-2.3e-09,-2.6e-05,7.59e-05,184.837,3.62e-08,1.62e-12,,0,0,1.06e-11,grid05,Patient7b,4327,8432,4279.696410305922,8411.42225331236,37.83876737393432,ATACGGAACGTCGTTT-1
98,-0.00195,0.000179,-1.4e-09,-3.8e-05,7.33e-05,56.5035,1.95e-07,-1e-11,,0,0,9.11e-12,grid05,Patient7b,4327,8432,4291.75599189857,8434.939488829119,25.941742921065817,ATACGGAACGTCGTTT-1
0,-0.00165,0.001451,-3.2e-09,-2.2e-05,7.92e-05,1042.76,-7.6e-09,2.45e-12,,0,0,1.41e-11,grid06,Patient7b,5661,7402,5704.443166935931,7387.292611899829,33.64277413092281,TCGCCGAAGTTGCGTC-1
1,-0.00163,0.001451,-3.5e-09,-1.9e-05,8.14e-05,1035.15,-9.3e-08,5.11e-12,,0,0,1.2e-11,grid06,Patient7b,5661,7402,5692.286724521542,7363.886791994666,36.169585937999706,TCGCCGAAGTTGCGTC-1
2,-0.00161,0.001451,-5.7e-09,7.26e-06,8e-05,416.425,1.54e-08,4.24e-13,,0,0,9.25e-12,grid06,Patient7b,5661,7402,5680.130282107154,7340.480972089504,47.25653062394858,TCGCCGAAGTTGCGTC-1
3,-0.00159,0.001451,-3.6e-09,-2e-05,7.47e-05,250.878,-1.6e-09,6.27e-13,,0,0,9.54e-12,grid06,Patient7b,5662,7264,5667.973839692765,7317.075152184341,39.17720601864482,GCCACAATTTAAGGAC-1
4,-0.00157,0.001451,-4.2e-09,-1.3e-05,7.62e-05,6229.92,-8.5e-08,8.45e-12,,0,0,4.62e-11,grid06,Patient7b,5662,7264,5655.817397278376,7293.669332279178,22.230370079772396,GCCACAATTTAAGGAC-1
5,-0.00155,0.001451,1.94e-09,-9.5e-05,7.52e-05,1909.93,-3.4e-08,8.56e-12,,0,0,2.7e-11,grid06,Patient7b,5662,7264,5643.660954863988,7270.263512374016,14.214896423251087,GCCACAATTTAAGGAC-1
6,-0.00153,0.001451,2.1e-09,-9.8e-05,7.52e-05,2289.36,-7.3e-08,2.03e-12,,0,0,1.76e-11,grid06,Patient7b,5662,7264,5631.504512449599,7246.857692468852,25.660772606211186,GCCACAATTTAAGGAC-1
7,-0.00151,0.001451,-4.8e-09,-8.2e-06,7.34e-05,137.792,7.83e-08,-4.9e-13,,0,0,1.15e-11,grid06,Patient7b,5662,7264,5619.34807003521,7223.45187256369,43.16740975730868,GCCACAATTTAAGGAC-1
8,-0.00149,0.001451,-7.4e-09,2.6e-05,7.45e-05,811.894,3.9e-09,1.34e-11,,0,0,1.86e-11,grid06,Patient7b,5542,7194,5607.191627620821,7200.046052658527,48.02419950993182,TAAGTAACATCTTGAC-1
9,-0.00147,0.001451,-4.9e-09,-8e-06,7.52e-05,44.5873,1.83e-07,-7.5e-13,,0,0,8.21e-12,grid06,Patient7b,5542,7194,5595.035185206433,7176.640232753364,40.933069401669606,TAAGTAACATCTTGAC-1
10,-0.00147,0.001471,-4.6e-09,-1.1e-05,7.55e-05,2089.57,-5.8e-08,4.12e-12,,0,0,1.64e-11,grid06,Patient7b,5663,7125,5618.485922158081,7165.808550279979,44.29625124909277,TGAGTGCCTCTTAAAT-1
12,-0.00151,0.001471,-2e-09,-4.7e-05,7.39e-05,5175.66,-9.4e-08,8.03e-12,,0,0,3.4e-11,grid06,Patient7b,5662,7264,5642.798806986858,7212.620190090304,40.233579689982996,GCCACAATTTAAGGAC-1
13,-0.00153,0.001471,-5.7e-09,1.31e-06,7.66e-05,629.697,-5.9e-09,1.28e-12,,0,0,1.23e-11,grid06,Patient7b,5662,7264,5654.955249401247,7236.026009995467,21.159981254389063,GCCACAATTTAAGGAC-1
14,-0.00155,0.001471,-5.7e-09,1.03e-06,7.65e-05,2528.77,-3.3e-08,3.18e-12,,0,0,2e-11,grid06,Patient7b,5662,7264,5667.111691815635,7259.43182990063,5.028590526753366,GCCACAATTTAAGGAC-1
15,-0.00157,0.001471,2.52e-09,-0.0001,7.63e-05,245.673,-1.3e-09,-1.5e-13,,0,0,1.12e-11,grid06,Patient7b,5662,7264,5679.268134230024,7282.837649805792,18.74477747718584,GCCACAATTTAAGGAC-1
16,-0.00159,0.001471,-7.4e-09,2.36e-05,7.41e-05,96.3088,9.01e-08,-5.5e-13,,0,0,8.1e-12,grid06,Patient7b,5662,7264,5691.424576644413,7306.243469710956,37.76221241713066,GCCACAATTTAAGGAC-1
20,-0.00165,0.001491,-2.1e-09,-4.6e-05,7.64e-05,72.0215,1.78e-07,-7.2e-12,,0,0,8.34e-12,grid06,Patient7b,5782,7334,5751.3446408392265,7365.629246953058,32.30928691952375,TTGAGAGTACTGCTAA-1
21,-0.00163,0.001491,1.01e-10,-7.5e-05,7.64e-05,10333.1,-1.2e-07,1.47e-11,,0,0,4.89e-11,grid06,Patient7b,5782,7334,5739.1881984248375,7342.223427047895,31.977142918169978,TTGAGAGTACTGCTAA-1
22,-0.00161,0.001491,-5.5e-09,-2.8e-06,7.61e-05,190.718,1.67e-08,5.16e-13,,0,0,7.87e-12,grid06,Patient7b,5782,7334,5727.031756010449,7318.817607142732,41.82969472938861,TTGAGAGTACTGCTAA-1
23,-0.00159,0.001491,-4.4e-09,-1.7e-05,7.64e-05,117.525,5.75e-08,-3.6e-12,,0,0,9.2e-12,grid06,Patient7b,5662,7264,5714.875313596061,7295.41178723757,45.11261329209342,GCCACAATTTAAGGAC-1
24,-0.00157,0.001491,-5.7e-09,-6.1e-07,7.6e-05,2584.5,-4.6e-08,2.98e-12,,0,0,2.03e-11,grid06,Patient7b,5662,7264,5702.718871181672,7272.005967332407,30.439710702486916,GCCACAATTTAAGGAC-1
25,-0.00155,0.001491,-4.4e-09,-1.8e-05,7.54e-05,68.6495,1.82e-07,-1.4e-11,,0,0,8.72e-12,grid06,Patient7b,5662,7264,5690.562428767283,7248.600147427243,23.802145727729194,GCCACAATTTAAGGAC-1
26,-0.00153,0.001491,-5.4e-09,-5.2e-06,7.56e-05,2103.68,-3.1e-08,2.65e-12,,0,0,1.14e-11,grid06,Patient7b,5662,7264,5678.405986352895,7225.194327522081,30.90382401614441,GCCACAATTTAAGGAC-1
27,-0.00151,0.001491,-5e-09,-1.1e-05,7.38e-05,893.896,-6.3e-08,2.84e-12,,0,0,1.33e-11,grid06,Patient7b,5662,7264,5666.249543938506,7201.788507616919,45.73935483127571,GCCACAATTTAAGGAC-1
28,-0.00149,0.001491,-5e-09,-1.1e-05,7.63e-05,1154.31,-1.1e-08,1.14e-12,,0,0,1.03e-11,grid06,Patient7b,5663,7125,5654.093101524117,7178.382687711755,39.69826505290539,TGAGTGCCTCTTAAAT-1
29,-0.00147,0.001491,-3.2e-09,-3.4e-05,7.65e-05,5103.22,-1.8e-09,-5.9e-13,,0,0,2.68e-11,grid06,Patient7b,5663,7125,5641.936659109728,7154.976867806593,26.873833909816227,TGAGTGCCTCTTAAAT-1
30,-0.00147,0.001511,-4.4e-09,-1.9e-05,7.39e-05,160.794,6.16e-08,1.6e-12,,0,0,1.17e-11,grid06,Patient7b,5663,7125,5665.387396061376,7144.145185333207,14.152031638541956,TGAGTGCCTCTTAAAT-1
31,-0.00149,0.001511,-4e-09,-2.4e-05,7.74e-05,11065.9,-7e-08,1.12e-11,,0,0,3.65e-11,grid06,Patient7b,5663,7125,5677.5438384757645,7167.551005238371,32.9845901159961,TGAGTGCCTCTTAAAT-1
33,-0.00153,0.001511,-3.7e-09,-3.1e-05,7.23e-05,923.457,-8.8e-08,3.19e-13,,0,0,1.4e-11,grid06,Patient7b,5662,7264,5701.856723304542,7214.362645048695,46.694537658615495,GCCACAATTTAAGGAC-1
34,-0.00155,0.001511,-4.8e-09,-1.5e-05,7.39e-05,1225.08,-6.9e-08,6.38e-13,,0,0,1.43e-11,grid06,Patient7b,5662,7264,5714.01316571893,7237.768464953859,42.72972660804935,GCCACAATTTAAGGAC-1
35,-0.00157,0.001511,-5.3e-09,-7.8e-06,7.46e-05,360.031,1.32e-09,7.02e-13,,0,0,1.08e-11,grid06,Patient7b,5662,7264,5726.169608133319,7261.174284859021,47.11493679109937,GCCACAATTTAAGGAC-1
36,-0.00159,0.001511,8.4e-09,-0.00019,7.3e-05,614.176,-3.3e-08,3.08e-12,,0,0,1.7e-11,grid06,Patient7b,5782,7334,5738.326050547708,7284.5801047641835,48.377142223617525,TTGAGAGTACTGCTAA-1
37,-0.00161,0.001511,-5.3e-09,-8.4e-06,7.44e-05,5583.6,-3.6e-08,6.64e-12,,0,0,4.58e-11,grid06,Patient7b,5782,7334,5750.482492962096,7307.985924669347,29.976291301946468,TTGAGAGTACTGCTAA-1
38,-0.00163,0.001511,5.09e-10,-8.5e-05,7.49e-05,382.531,-1.4e-08,-3.8e-13,,0,0,1.26e-11,grid06,Patient7b,5782,7334,5762.638935376485,7331.391744574509,14.329907002418855,TTGAGAGTACTGCTAA-1
39,-0.00165,0.001511,2.23e-09,-0.00011,7.65e-05,2191.57,-8.6e-08,8.98e-13,,0,0,2.6e-11,grid06,Patient7b,5782,7334,5774.795377790874,7354.7975644796725,16.14473515300257,TTGAGAGTACTGCTAA-1
40,-0.00165,0.001531,-4.9e-09,-1.4e-05,7.52e-05,790.418,-2.6e-08,4.45e-13,,0,0,1.22e-11,grid06,Patient7b,5782,7334,5798.246114742522,7343.965882006287,13.980232518430974,TTGAGAGTACTGCTAA-1
41,-0.00163,0.001531,-5.1e-09,-1.3e-05,7.2e-05,1021.43,-1.1e-07,6.7e-12,,0,0,1.44e-11,grid06,Patient7b,5782,7334,5786.089672328133,7320.560062101124,10.304696811803186,TTGAGAGTACTGCTAA-1
42,-0.00161,0.001531,-9.2e-10,-6.9e-05,7.26e-05,61.9667,2.02e-07,-4.6e-12,,0,0,9.59e-12,grid06,Patient7b,5782,7334,5773.933229913744,7297.154242195961,27.667032646830247,TTGAGAGTACTGCTAA-1
43,-0.00159,0.001531,-2.8e-09,-4.3e-05,7.44e-05,1325.68,-3.8e-08,3.21e-12,,0,0,1.69e-11,grid06,Patient7b,5782,7334,5761.776787499356,7273.748422290798,46.61845834604761,TTGAGAGTACTGCTAA-1
44,-0.00157,0.001531,-5.6e-09,-6.3e-06,7.37e-05,4240.25,-8.6e-08,8.77e-12,,0,0,3.01e-11,grid06,Patient7b,5783,7195,5749.620345084967,7250.3426023856355,47.40684604879497,ATATTCAGTTAAACCT-1
45,-0.00155,0.001531,-6.3e-09,3.28e-06,7.48e-05,780.499,-8.1e-08,2.16e-12,,0,0,1.35e-11,grid06,Patient7b,5783,7195,5737.463902670578,7226.936782480472,40.79746897316803,ATATTCAGTTAAACCT-1
46,-0.00153,0.001531,-6e-09,-1.5e-06,7.36e-05,317.184,-3.2e-08,1.89e-12,,0,0,1.05e-11,grid06,Patient7b,5783,7195,5725.307460256189,7203.53096257531,42.778451829430495,ATATTCAGTTAAACCT-1
48,-0.00149,0.001531,-3.4e-09,-3.8e-05,7.11e-05,64591.1,-7.2e-08,1.87e-11,,0,0,1.02e-10,grid06,Patient7b,5663,7125,5700.994575427412,7156.719322764984,36.304904602904976,TGAGTGCCTCTTAAAT-1
49,-0.00147,0.001531,-4.1e-09,-2.8e-05,7.12e-05,768.436,-1.1e-08,1.46e-12,,0,0,1.34e-11,grid06,Patient7b,5663,7125,5688.838133013023,7133.313502859822,19.909520993245945,TGAGTGCCTCTTAAAT-1
50,-0.00147,0.001551,-5.2e-09,-1.3e-05,7.16e-05,3007.99,-9e-08,2.63e-12,,0,0,1.14e-11,grid06,Patient7b,5663,7125,5712.288869964671,7122.481820386436,36.20124347393361,TGAGTGCCTCTTAAAT-1
54,-0.00155,0.001551,-1.9e-09,-5.9e-05,7.13e-05,3095.0,-7.7e-08,1.01e-11,,0,0,2.93e-11,grid06,Patient7b,5783,7195,5760.914639622226,7216.1051000070875,22.407490895445115,ATATTCAGTTAAACCT-1
56,-0.00159,0.001551,-3e-09,-4.4e-05,7.31e-05,67.4183,1.75e-07,-8.1e-12,,0,0,9.27e-12,grid06,Patient7b,5783,7195,5785.227524451004,7262.916739817412,49.84468497658946,ATATTCAGTTAAACCT-1
57,-0.00161,0.001551,-6.2e-09,-1.3e-06,7.54e-05,1098.98,-3.8e-08,2.93e-12,,0,0,1.15e-11,grid06,Patient7b,5782,7334,5797.383966865392,7286.3225597225755,36.74756219041883,TTGAGAGTACTGCTAA-1
58,-0.00163,0.001551,-3.8e-09,-3.2e-05,7.52e-05,139.362,5.34e-08,-9.1e-15,,0,0,1.41e-11,grid06,Patient7b,5782,7334,5809.540409279781,7309.728379627738,26.926925080014424,TTGAGAGTACTGCTAA-1
59,-0.00165,0.001551,-1.4e-09,-6.5e-05,7.4e-05,2649.09,-4.3e-08,1.14e-12,,0,0,2.05e-11,grid06,Patient7b,5782,7334,5821.69685169417,7333.134199532901,29.125131855057788,TTGAGAGTACTGCTAA-1
60,-0.00165,0.001571,-6.5e-09,2.27e-06,7.77e-05,2032.69,-5.1e-08,4.85e-12,,0,0,2.69e-11,grid06,Patient7b,5782,7334,5845.147588645817,7322.302517059516,47.10766058801815,TTGAGAGTACTGCTAA-1
61,-0.00163,0.001571,-5.8e-09,-6.5e-06,7.47e-05,21259.2,-1.1e-07,1.72e-11,,0,0,9.03e-11,grid06,Patient7b,5782,7334,5832.9911462314285,7298.896697154352,45.40885143165969,TTGAGAGTACTGCTAA-1
63,-0.00159,0.001571,-5.9e-09,-5.6e-06,7.53e-05,246.308,-6.4e-09,3.54e-13,,0,0,9.99e-12,grid06,Patient7b,5783,7195,5808.678261402651,7252.085057344027,45.9139907116745,ATATTCAGTTAAACCT-1
64,-0.00157,0.001571,-6.2e-09,-8.4e-07,7.54e-05,140.897,6.1e-08,-1.2e-12,,0,0,9.32e-12,grid06,Patient7b,5783,7195,5796.521818988263,7228.679237438864,26.620915622180963,ATATTCAGTTAAACCT-1
65,-0.00155,0.001571,-2.5e-09,-5.2e-05,7.22e-05,61.1247,1.48e-07,-4.7e-12,,0,0,8.9e-12,grid06,Patient7b,5783,7195,5784.365376573874,7205.273417533701,7.601960144500321,ATATTCAGTTAAACCT-1
66,-0.00153,0.001571,-5.7e-09,-9.2e-06,7.37e-05,2725.15,-5.3e-08,1.87e-12,,0,0,1.53e-11,grid06,Patient7b,5783,7195,5772.208934159485,7181.8675976285385,12.46773802650984,ATATTCAGTTAAACCT-1
67,-0.00151,0.001571,-6.2e-09,-2e-06,7.39e-05,124.28,4.53e-08,5.8e-14,,0,0,8.25e-12,grid06,Patient7b,5783,7195,5760.052491745097,7158.461777723376,31.648652877184958,ATATTCAGTTAAACCT-1
70,-0.00147,0.001591,4.51e-09,-0.00015,6.91e-05,1314.76,-6.3e-08,1.56e-12,,0,0,1.79e-11,grid06,Patient7b,5784,7057,5759.1903438679665,7100.818455439665,36.9357470946352,ATCAGACGGCACGCCG-1
72,-0.00151,0.001591,-6.5e-09,1.7e-08,7.32e-05,1180.62,-2.1e-08,2.18e-12,,0,0,1.26e-11,grid06,Patient7b,5783,7195,5783.503228696744,7147.6300952499905,34.74846157887895,ATATTCAGTTAAACCT-1
73,-0.00153,0.001591,-4.8e-09,-2.4e-05,7.04e-05,79.6663,1.4e-07,-6.9e-12,,0,0,8.7e-12,grid06,Patient7b,5783,7195,5795.659671111132,7171.035915155153,19.880058628674373,ATATTCAGTTAAACCT-1
74,-0.00155,0.001591,-4.9e-09,-2.2e-05,7.01e-05,65.3503,1.86e-07,-8e-12,,0,0,9.97e-12,grid06,Patient7b,5783,7195,5807.816113525521,7194.441735060316,18.20757875292638,ATATTCAGTTAAACCT-1
75,-0.00157,0.001591,-5.4e-09,-1.5e-05,7.31e-05,192.313,-1.4e-09,1.93e-13,,0,0,9.51e-12,grid06,Patient7b,5783,7195,5819.97255593991,7217.847554965479,31.88029424256162,ATATTCAGTTAAACCT-1
76,-0.00159,0.001591,-6.4e-09,-1.9e-06,7.31e-05,1709.56,-2.9e-08,2.71e-12,,0,0,1.66e-11,grid06,Patient7b,5783,7195,5832.128998354299,7241.253374870641,49.49473145623059,ATATTCAGTTAAACCT-1
78,-0.00163,0.001591,-4.7e-09,-2.5e-05,7.43e-05,41.3222,1.4e-07,-1.5e-12,,0,0,6.87e-12,grid06,Patient7b,5903,7266,5856.441883183076,7288.065014680967,37.792169255029066,CTCCGCCCACATGAGG-1
79,-0.00165,0.001591,-6.3e-09,-3.9e-06,7.56e-05,535.67,-2.7e-08,1.33e-12,,0,0,9e-12,grid06,Patient7b,5903,7266,5868.598325597465,7311.47083458613,41.82364302702066,CTCCGCCCACATGAGG-1
80,-0.00165,0.001611,-6.2e-09,-4.2e-06,7.57e-05,616.826,-6.4e-08,2.26e-12,,0,0,1.07e-11,grid06,Patient7b,5903,7266,5892.049062549112,7300.639152112743,26.64781606754503,CTCCGCCCACATGAGG-1
81,-0.00163,0.001611,4.69e-09,-0.00015,7.36e-05,775.939,-4.8e-08,1.03e-12,,0,0,1.69e-11,grid06,Patient7b,5903,7266,5879.892620134724,7277.233332207581,18.84630350215291,CTCCGCCCACATGAGG-1
82,-0.00161,0.001611,3.76e-09,-0.00014,7.3e-05,306.656,3.97e-08,-1.2e-11,,0,0,2.65e-11,grid06,Patient7b,5903,7266,5867.736177720335,7253.827512302418,27.364178303114016,CTCCGCCCACATGAGG-1
84,-0.00157,0.001611,-6.4e-09,-1.9e-06,7.55e-05,616.009,-6.1e-08,3.79e-12,,0,0,9.94e-12,grid06,Patient7b,5783,7195,5843.423292891558,7207.015872492093,45.18921497014134,ATATTCAGTTAAACCT-1
85,-0.00155,0.001611,-6.7e-09,1.22e-06,7.11e-05,5738.45,-9.3e-08,7.64e-12,,0,0,3.32e-11,grid06,Patient7b,5783,7195,5831.266850477169,7183.61005258693,36.37683364788325,ATATTCAGTTAAACCT-1
86,-0.00153,0.001611,-6.7e-09,1.15e-06,7e-05,863.262,-3e-08,1.56e-13,,0,0,1.26e-11,grid06,Patient7b,5783,7195,5819.11040806278,7160.204232681767,36.78343304882907,ATATTCAGTTAAACCT-1
87,-0.00151,0.001611,-4.7e-09,-2.6e-05,7.2e-05,2048.13,-4e-08,2.23e-12,,0,0,1.51e-11,grid06,Patient7b,5783,7195,5806.953965648391,7136.798412776604,46.166068832568456,ATATTCAGTTAAACCT-1
88,-0.00149,0.001611,-3.1e-09,-4.8e-05,7.12e-05,5897.38,-9.3e-08,6.18e-12,,0,0,3.3e-11,grid06,Patient7b,5784,7057,5794.797523234003,7113.392592871442,42.11618322882686,ATCAGACGGCACGCCG-1
89,-0.00147,0.001611,-5.2e-09,-1.5e-05,9.07e-05,28.167,1.82e-07,1.56e-12,,0,0,5.49e-12,grid06,Patient7b,5784,7057,5782.641080819614,7089.986772966279,24.216791635770953,ATCAGACGGCACGCCG-1
94,-0.00155,0.001631,-4e-09,-3.9e-05,7.11e-05,1556.68,-1e-07,2.89e-12,,0,0,1.54e-11,grid06,Patient7b,5904,7127,5854.717587428817,7172.778370113544,49.33893823320283,TTGACTACCATATGGT-1
97,-0.00161,0.001631,-7e-09,1.69e-06,7.54e-05,413.036,-3e-08,2.02e-12,,0,0,9.59e-12,grid06,Patient7b,5903,7266,5891.186914671983,7242.995829829033,18.968696388308167,CTCCGCCCACATGAGG-1
98,-0.00163,0.001631,-6.4e-09,-5.9e-06,7.36e-05,100.924,8.2e-08,-2.9e-12,,0,0,8.32e-12,grid06,Patient7b,5903,7266,5903.343357086372,7266.401649734195,0.3875959056374111,CTCCGCCCACATGAGG-1
99,-0.00165,0.001631,-5.8e-09,-1.4e-05,7.25e-05,4752.98,-7.5e-08,8.24e-12,,0,0,2.67e-11,grid06,Patient7b,5903,7266,5915.49979950076,7289.807469639358,19.723768972589607,CTCCGCCCACATGAGG-1
0,-0.00064,0.002207,2.19e-09,-3.8e-05,7.32e-05,53.055,1.92e-07,-4.2e-12,,0,0,9.4e-12,grid07,Patient7b,6035,5673,6054.31046233935,5714.604497038132,33.64447021901359,ACATCGATCGTTTACC-1
1,-0.00062,0.002207,1.94e-08,-0.00024,8.22e-05,30.607,1.84e-07,1.53e-12,,0,0,7.3e-12,grid07,Patient7b,6035,5673,6042.194710820494,5691.2848732179755,14.413143830449426,ACATCGATCGTTTACC-1
3,-0.00058,0.002207,-8.3e-10,-3.2e-06,7.2e-05,268.136,3.99e-08,2.09e-12,,0,0,8.3e-12,grid07,Patient7b,6035,5673,6017.963207782781,5644.645625577663,24.263947226217837,ACATCGATCGTTTACC-1
4,-0.00056,0.002207,6.52e-09,-0.0001,7.29e-05,2437.39,6.37e-09,-6.1e-13,,0,0,1.53e-11,grid07,Patient7b,6035,5673,6005.847456263924,5621.326001757507,43.51954981565227,ACATCGATCGTTTACC-1
11,-0.00048,0.002227,-1e-09,-3.7e-06,7.35e-05,8081.31,-8.7e-08,1.05e-11,,0,0,7.06e-11,grid07,Patient7b,6036,5535,5980.817072360401,5517.08621361911,42.55684691516927,GAATCTGAACATTCTC-1
12,-0.0005,0.002227,-1.1e-09,-2.9e-06,7.62e-05,1664.33,-4.2e-08,2.88e-12,,0,0,1.34e-11,grid07,Patient7b,6036,5535,5992.932823879257,5540.405837439266,31.83827726894763,GAATCTGAACATTCTC-1
13,-0.00052,0.002227,-9.3e-10,-4.9e-06,7.81e-05,3280.1,-4.3e-08,2.58e-12,,0,0,3.04e-11,grid07,Patient7b,6036,5535,6005.048575398114,5563.725461259422,30.974309145074642,GAATCTGAACATTCTC-1
15,-0.00056,0.002227,-1.6e-09,3.2e-06,7.66e-05,736.58,-6e-08,7.36e-12,,0,0,1.02e-11,grid07,Patient7b,6035,5673,6029.280078435827,5610.364708899734,46.13505721992937,ACATCGATCGTTTACC-1
16,-0.00058,0.002227,6.8e-09,-0.00011,7.29e-05,446.023,5.31e-08,-3.9e-12,,0,0,1.74e-11,grid07,Patient7b,6035,5673,6041.395829954683,5633.68433271989,29.217709596287694,ACATCGATCGTTTACC-1
19,-0.00064,0.002227,1.36e-08,-0.0002,7.5e-05,549.607,2.35e-08,-4e-13,,0,0,1.14e-11,grid07,Patient7b,6035,5673,6077.743084511253,5703.643204180358,38.57739217412136,ACATCGATCGTTTACC-1
21,-0.00062,0.002247,-4e-10,-1.4e-05,7.4e-05,597.246,3.47e-08,-1.9e-13,,0,0,1.08e-11,grid07,Patient7b,6035,5673,6089.059955164298,5669.362287502428,39.74342285391626,ACATCGATCGTTTACC-1
22,-0.0006,0.002247,7.15e-09,-9.6e-05,7.5e-05,4327.45,-1.2e-07,1.17e-11,,0,0,3.85e-11,grid07,Patient7b,6035,5673,6076.944203645442,5646.042663682272,36.57298163011989,ACATCGATCGTTTACC-1
23,-0.00058,0.002247,1.47e-09,-3.9e-05,7.38e-05,4079.11,-4.9e-08,6.74e-12,,0,0,2.47e-11,grid07,Patient7b,6035,5673,6064.828452126586,5622.723039862117,42.880853046039014,ACATCGATCGTTTACC-1
24,-0.00056,0.002247,-3.4e-09,2.59e-05,7.67e-05,4110.27,-1.3e-07,3.65e-12,,0,0,2.11e-11,grid07,Patient7b,6036,5535,6052.712700607729,5599.403416041961,48.80551901950405,GAATCTGAACATTCTC-1
25,-0.00054,0.002247,-1.4e-09,-1.3e-06,7.61e-05,96.6548,8.72e-08,-3.6e-13,,0,0,8.27e-12,grid07,Patient7b,6036,5535,6040.596949088873,5576.083792221804,30.32360687223076,GAATCTGAACATTCTC-1
26,-0.00052,0.002247,-1.4e-09,-1.8e-06,7.62e-05,1821.12,-6.1e-08,4.79e-12,,0,0,1.58e-11,grid07,Patient7b,6036,5535,6028.481197570016,5552.764168401649,14.14937554053594,GAATCTGAACATTCTC-1
27,-0.0005,0.002247,2.47e-09,-5.5e-05,7.1e-05,332.455,2.59e-08,-4.1e-12,,0,0,1.37e-11,grid07,Patient7b,6036,5535,6016.36544605116,5529.444544581493,14.967624063279338,GAATCTGAACATTCTC-1
30,-0.00046,0.002267,7.64e-09,-0.00012,7.36e-05,6210.19,-1e-07,5.26e-12,,0,0,3.43e-11,grid07,Patient7b,6036,5535,6015.566565185349,5471.8440040834075,48.69012826809472,GAATCTGAACATTCTC-1
31,-0.00048,0.002267,2e-09,-4.7e-05,7.45e-05,4219.39,-1.2e-07,7.12e-12,,0,0,2.82e-11,grid07,Patient7b,6036,5535,6027.682316704206,5495.163627903563,29.85069989873006,GAATCTGAACATTCTC-1
32,-0.0005,0.002267,3.29e-09,-6.5e-05,7.4e-05,36954.1,-1.6e-07,2.47e-11,,0,0,1.59e-10,grid07,Patient7b,6036,5535,6039.798068223062,5518.483251723719,12.431461120543645,GAATCTGAACATTCTC-1
33,-0.00052,0.002267,4.31e-09,-7.7e-05,7.56e-05,30.5459,2.07e-07,-3.4e-12,,0,0,6.88e-12,grid07,Patient7b,6036,5535,6051.913819741919,5541.802875543875,12.694857785978181,GAATCTGAACATTCTC-1
34,-0.00054,0.002267,-1.4e-09,-2.6e-06,7.33e-05,6949.56,-7.1e-08,1.23e-11,,0,0,6.44e-11,grid07,Patient7b,6036,5535,6064.029571260775,5565.122499364032,30.181432210680317,GAATCTGAACATTCTC-1
35,-0.00056,0.002267,-1.6e-09,1.82e-07,7.63e-05,250.663,3.67e-08,3.18e-13,,0,0,7.39e-12,grid07,Patient7b,6036,5535,6076.145322779632,5588.442123184188,49.028762311898845,GAATCTGAACATTCTC-1
36,-0.00058,0.002267,-2e-10,-1.9e-05,7.4e-05,17658.3,-9.4e-08,1.22e-11,,0,0,6.72e-11,grid07,Patient7b,6156,5605,6088.261074298488,5611.761747004343,49.93440207190125,TTATGAATGAAAGGGA-1
37,-0.0006,0.002267,-7.4e-10,-1.2e-05,7.61e-05,466.512,-4.2e-08,2.75e-12,,0,0,1.14e-11,grid07,Patient7b,6156,5605,6100.376825817345,5635.0813708245,46.3847093206928,TTATGAATGAAAGGGA-1
40,-0.00064,0.002287,5.8e-10,-2.9e-05,7.7e-05,1969.68,-3.1e-08,1.95e-12,,0,0,1.68e-11,grid07,Patient7b,6156,5605,6148.04095102696,5670.759325607038,48.58741897818959,TTATGAATGAAAGGGA-1
41,-0.00062,0.002287,4.71e-09,-8.5e-05,7.46e-05,25748.1,-1.5e-07,2.98e-11,,0,0,8.22e-11,grid07,Patient7b,6156,5605,6135.925199508103,5647.439701786882,34.437115282990845,TTATGAATGAAAGGGA-1
42,-0.0006,0.002287,-6.1e-10,-1.4e-05,7.51e-05,105.795,8.82e-08,-8.9e-13,,0,0,8.51e-12,grid07,Patient7b,6156,5605,6123.809447989247,5624.120077966726,27.463317034416207,TTATGAATGAAAGGGA-1
43,-0.00058,0.002287,4.63e-10,-2.9e-05,7.36e-05,342.888,-1.1e-08,-8.5e-13,,0,0,1.11e-11,grid07,Patient7b,6156,5605,6111.69369647039,5600.80045414657,32.644967506781406,TTATGAATGAAAGGGA-1
44,-0.00056,0.002287,2.04e-09,-5.1e-05,7.38e-05,31635.5,-1.3e-07,2.92e-11,,0,0,1.3e-10,grid07,Patient7b,6156,5605,6099.577944951534,5577.4808303264135,46.04666406996062,TTATGAATGAAAGGGA-1
45,-0.00054,0.002287,-1.7e-09,1.42e-07,7.28e-05,2942.67,-4.3e-08,3.31e-12,,0,0,4.2e-11,grid07,Patient7b,6036,5535,6087.462193432677,5554.161206506258,40.27994726511888,GAATCTGAACATTCTC-1
46,-0.00052,0.002287,6.56e-09,-0.00011,7.51e-05,20810.1,-1.4e-07,2.29e-11,,0,0,6.52e-11,grid07,Patient7b,6036,5535,6075.346441913821,5530.841582686102,29.02191559962796,GAATCTGAACATTCTC-1
47,-0.0005,0.002287,1.6e-09,-4.4e-05,7.53e-05,48900.5,-1.7e-07,3.19e-11,,0,0,1.27e-10,grid07,Patient7b,6036,5535,6063.230690394965,5507.521958865946,28.37622712641976,GAATCTGAACATTCTC-1
48,-0.00048,0.002287,8.57e-10,-3.4e-05,7.44e-05,705.315,-4.8e-08,5.72e-12,,0,0,1.45e-11,grid07,Patient7b,6036,5535,6051.114938876108,5484.202335045789,38.875316002001064,GAATCTGAACATTCTC-1
49,-0.00046,0.002287,-1.7e-09,-6.7e-07,7.47e-05,244.319,3.56e-08,1.54e-12,,0,0,7.51e-12,grid07,Patient7b,6037,5396,6038.999187357252,5460.882711225634,47.614981094928694,CAGTCTGTATACTGGG-1
52,-0.0005,0.002307,-1.2e-10,-2.2e-05,7.39e-05,3716.41,-6e-08,2.75e-12,,0,0,2.01e-11,grid07,Patient7b,6036,5535,6086.663312566867,5496.560666008173,46.648010580466426,GAATCTGAACATTCTC-1
53,-0.00052,0.002307,9.56e-10,-3.6e-05,7.44e-05,2073.07,-2.5e-08,2.44e-12,,0,0,1.46e-11,grid07,Patient7b,6036,5535,6098.779064085724,5519.880289828328,47.3660357300917,GAATCTGAACATTCTC-1
55,-0.00056,0.002307,-1.6e-09,-2.5e-06,7.26e-05,942.156,-2.3e-08,2.91e-12,,0,0,1.11e-11,grid07,Patient7b,6156,5605,6123.010567123436,5566.519537468641,37.17874553467007,TTATGAATGAAAGGGA-1
56,-0.00058,0.002307,1.5e-09,-4.6e-05,7.06e-05,2817.12,-1.3e-08,6.39e-12,,0,0,1.63e-11,grid07,Patient7b,6156,5605,6135.126318642293,5589.839161288797,18.92355361991803,TTATGAATGAAAGGGA-1
57,-0.0006,0.002307,-1.8e-09,-5.4e-08,7.46e-05,638.337,3.38e-08,1.3e-12,,0,0,1.02e-11,grid07,Patient7b,6156,5605,6147.242070161149,5613.1587851089525,8.779743227860454,TTATGAATGAAAGGGA-1
60,-0.00064,0.002327,2.3e-08,-0.00033,7.38e-05,30404.2,-1.4e-07,5.58e-11,,0,0,9.19e-11,grid07,Patient7b,6156,5605,6194.906195370765,5648.836739891492,42.99264596586386,TTATGAATGAAAGGGA-1
62,-0.0006,0.002327,-1.9e-09,-3.9e-07,7.51e-05,3799.27,-1.8e-09,-1.1e-13,,0,0,1.42e-11,grid07,Patient7b,6156,5605,6170.674692333052,5602.197492251179,10.958630599125884,TTATGAATGAAAGGGA-1
63,-0.00058,0.002327,-1.8e-09,-1.1e-06,7.45e-05,1922.46,-2.8e-08,2.34e-12,,0,0,1.51e-11,grid07,Patient7b,6156,5605,6158.558940814195,5578.877868431024,19.25267369846784,TTATGAATGAAAGGGA-1
64,-0.00056,0.002327,-7e-10,-1.6e-05,7.49e-05,5250.59,-1.1e-07,9.2e-12,,0,0,4.43e-11,grid07,Patient7b,6156,5605,6146.443189295339,5555.558244610867,36.937522276654285,TTATGAATGAAAGGGA-1
66,-0.00052,0.002327,-1.3e-09,-8.7e-06,7.57e-05,1660.51,-6.4e-08,2.13e-12,,0,0,1.91e-11,grid07,Patient7b,6157,5466,6122.211686257626,5508.918996970555,40.52470211752095,GCGCCGTTCCACGATA-1
67,-0.0005,0.002327,-1.7e-09,-2.7e-06,7.51e-05,341.686,5.91e-09,2.47e-12,,0,0,1.17e-11,grid07,Patient7b,6157,5466,6110.095934738769,5485.5993731503995,37.28768941381311,GCGCCGTTCCACGATA-1
69,-0.00046,0.002327,-8.5e-10,-1.4e-05,7.57e-05,1460.48,-5.7e-09,2.99e-12,,0,0,9.61e-12,grid07,Patient7b,6037,5396,6085.864431701056,5438.960125510087,47.725265007440974,CAGTCTGTATACTGGG-1
70,-0.00046,0.002347,-4.1e-10,-2e-05,7.46e-05,326.496,9.83e-09,-1.2e-12,,0,0,1.16e-11,grid07,Patient7b,6157,5466,6109.297053872959,5427.998832652314,44.736311651494525,GCGCCGTTCCACGATA-1
71,-0.00048,0.002347,-7.1e-10,-1.6e-05,7.67e-05,1065.04,-2.4e-08,2.1e-12,,0,0,1.03e-11,grid07,Patient7b,6157,5466,6121.412805391815,5451.31845647247,28.237880863577583,GCGCCGTTCCACGATA-1
73,-0.00052,0.002347,6.03e-09,-0.00011,7.45e-05,133.987,3.65e-08,5.08e-12,,0,0,1.27e-11,grid07,Patient7b,6157,5466,6145.644308429528,5497.957704112782,24.877345699222275,GCGCCGTTCCACGATA-1
76,-0.00058,0.002347,-1.9e-09,-1.5e-06,7.81e-05,243.271,7.4e-08,-1.6e-12,,0,0,8.31e-12,grid07,Patient7b,6156,5605,6181.991562986098,5567.91657557325,33.217278520674746,TTATGAATGAAAGGGA-1
77,-0.0006,0.002347,3.08e-09,-6.9e-05,7.36e-05,17.2471,3.89e-07,-6.6e-12,,0,0,7.34e-12,grid07,Patient7b,6156,5605,6194.107314504954,5591.236199393406,29.719637664609003,TTATGAATGAAAGGGA-1
80,-0.00064,0.002367,1.46e-08,-0.00021,7.73e-05,649.433,-4.3e-08,1.57e-11,,0,0,2.28e-11,grid07,Patient7b,6276,5675,6241.77143971457,5626.9141541759445,43.29501028548262,CTGCCATGCATCACAT-1
82,-0.0006,0.002367,-1.2e-09,-1.2e-05,7.79e-05,1785.9,-5.2e-08,2.42e-12,,0,0,1.88e-11,grid07,Patient7b,6156,5605,6217.539936676857,5580.274906535633,48.64750482881802,TTATGAATGAAAGGGA-1
85,-0.00054,0.002367,2.23e-08,-0.00034,7.15e-05,3777.69,-9.4e-08,3.2e-11,,0,0,5.07e-11,grid07,Patient7b,6157,5466,6181.192682120287,5510.316035075164,37.03482104215218,GCGCCGTTCCACGATA-1
86,-0.00052,0.002367,-3.3e-09,1.47e-05,7.45e-05,4357.18,-7e-08,6.67e-12,,0,0,3.7e-11,grid07,Patient7b,6157,5466,6169.076930601431,5486.996411255009,17.767125856761538,GCGCCGTTCCACGATA-1
87,-0.0005,0.002367,-2.3e-09,2.28e-06,7.51e-05,312.813,1.69e-08,2.03e-12,,0,0,1.21e-11,grid07,Patient7b,6157,5466,6156.961179082574,5463.6767874348525,1.7043474595250498,GCGCCGTTCCACGATA-1
88,-0.00048,0.002367,-1.7e-09,-5.8e-06,7.81e-05,1962.05,-5.1e-08,1.89e-12,,0,0,1.63e-11,grid07,Patient7b,6157,5466,6144.845427563718,5440.357163614696,20.815381014592262,GCGCCGTTCCACGATA-1
89,-0.00046,0.002367,-2.1e-09,-1.4e-06,7.79e-05,861.621,-3.4e-08,3.35e-12,,0,0,1.34e-11,grid07,Patient7b,6157,5466,6132.729676044861,5417.037539794541,40.08486772797864,GCGCCGTTCCACGATA-1
90,-0.00046,0.002387,-1.2e-09,-1.2e-05,7.66e-05,637.345,2.47e-08,6.82e-13,,0,0,8.94e-12,grid07,Patient7b,6157,5466,6156.162298216764,5406.076246936767,43.95922253868986,GCGCCGTTCCACGATA-1
91,-0.00048,0.002387,7.77e-09,-0.00013,7.78e-05,1647.75,-4.2e-08,3.53e-12,,0,0,2.29e-11,grid07,Patient7b,6157,5466,6168.27804973562,5429.395870756924,28.095192520185908,GCGCCGTTCCACGATA-1
92,-0.0005,0.002387,1.36e-09,-4.6e-05,7.66e-05,2191.59,-1.1e-07,3.44e-12,,0,0,2.07e-11,grid07,Patient7b,6157,5466,6180.393801254477,5452.71549457708,19.733415486267102,GCGCCGTTCCACGATA-1
93,-0.00052,0.002387,-1.7e-09,-7.2e-06,7.51e-05,258.156,-2.3e-08,3.36e-12,,0,0,1.14e-11,grid07,Patient7b,6157,5466,6192.509552773333,5476.035118397235,27.066894506537373,GCGCCGTTCCACGATA-1
94,-0.00054,0.002387,-2.2e-09,-1.1e-06,7.43e-05,345.103,2.68e-08,-1.1e-12,,0,0,8.96e-12,grid07,Patient7b,6157,5466,6204.62530429219,5499.3547422173915,42.64935072389139,GCGCCGTTCCACGATA-1
95,-0.00056,0.002387,-2.1e-09,-2.7e-06,7.5e-05,917.336,-4.1e-08,2.73e-12,,0,0,1.29e-11,grid07,Patient7b,6277,5536,6216.741055811046,5522.674366037548,45.26866450297678,GCTGAGGCGTGAGTAT-1
96,-0.00058,0.002387,1.09e-08,-0.00017,7.83e-05,156.649,3.13e-08,4.11e-12,,0,0,1.09e-11,grid07,Patient7b,6277,5536,6228.856807329903,5545.993989857703,36.06658272920576,GCTGAGGCGTGAGTAT-1
97,-0.0006,0.002387,-2.2e-09,-1.3e-06,7.71e-05,1357.7,-1.8e-08,2.73e-12,,0,0,1.06e-11,grid07,Patient7b,6277,5536,6240.972558848759,5569.313613677859,35.99286097421716,GCTGAGGCGTGAGTAT-1
98,-0.00062,0.002387,1.45e-09,-4.8e-05,7.72e-05,3120.86,-6.3e-08,7.77e-12,,0,0,2.12e-11,grid07,Patient7b,6277,5536,6253.088310367616,5592.633237498016,45.09229357576573,GCTGAGGCGTGAGTAT-1
99,-0.00064,0.002387,9.54e-11,-3.2e-05,7.34e-05,1358.65,-4.8e-09,2.67e-12,,0,0,1.7e-11,grid07,Patient7b,6276,5675,6265.204061886472,5615.952861318172,44.02990410469282,CTGCCATGCATCACAT-1
