Sample	ROI	Position_Index	Young's_modulus_[Pa]	ResidualRMS_[N]	Spot X	Spot Y	AFM X	AFM Y	Distance_um	Barcode	x_final	y_final	std_x	std_y	x_dif	y_dif	Distance	Stable_0.5sigma	Annotation
Patient01	ROI01	3	41.7625	9.72e-12	8406	5591	8360.39726475795	5609.97686319236	36.2309331401441	Patient01_CGCCATCCGATTATGA-1	8360.291276065815	5609.708569990303	20.67367532921057	20.67738290351135	0.1059886921357247	0.2682932020570661	49.39363114995718	True	Stroma
Patient01	ROI01	5	118.015	1.27e-11	8406	5591	8388.08337302739	5566.91934325725	22.01622697979	Patient01_CGCCATCCGATTATGA-1	8387.975696383797	5566.653552984159	20.928402121881167	20.93084193587229	0.1076766435926401	0.2657902730916248	30.014722241556832	True	Stroma
Patient01	ROI01	6	69.7739	1.02e-11	8406	5591	8401.92642716212	5545.3905832897	33.5883294258168	Patient01_CGCCATCCGATTATGA-1	8401.81790654279	5545.126044481087	21.059048065804625	21.061061343850053	0.1085206193292833	0.2645388086129969	45.7909695062173	True	Stroma
Patient01	ROI01	12	18.0129	9.46e-12	8406	5591	8436.44950335754	5538.28706649764	44.6530424072268	Patient01_CGCCATCCGATTATGA-1	8436.338936629094	5538.022900319618	21.10610723440461	21.10748143435044	0.1105667284464289	0.2641661780216964	60.87549271377687	True	Stroma
Patient01	ROI01	14	21.4384	9.3e-12	8406	5591	8408.76339508809	5581.34458643275	7.36673909180045	Patient01_CGCCATCCGATTATGA-1	8408.65451631111	5581.0779173257615	20.84094721701348	20.84289160596215	0.1088787769804184	0.2666691069880471	10.04307540385531	True	Stroma
Patient01	ROI01	15	561.576	1.78e-11	8406	5591	8394.92034095337	5602.87334640031	11.9122174778977	Patient01_CGCCATCCGATTATGA-1	8394.812306152118	5602.605425828833	20.71160660698136	20.71404065068013	0.1080348012510512	0.2679205714766794	16.239926087619253	True	Stroma
Patient01	ROI01	16	112.595	1.98e-11	8406	5591	8381.07728681864	5624.40210636786	30.5695301952104	Patient01_CGCCATCCGATTATGA-1	8380.970095993125	5624.132934331905	20.584480101239425	20.587543403219616	0.107190825514408	0.2691720359553073	41.675440515130745	True	Stroma
Patient01	ROI01	23	297.629	4.03e-11	8406	5591	8401.75730887934	5638.82734954336	35.2198064316893	Patient01_CGCCATCCGATTATGA-1	8401.648915920438	5638.557298673508	20.498561098657262	20.501138802680856	0.1083929589021863	0.2700508698517296	48.01516210831768	True	Stroma
Patient01	ROI01	25	117.586	1.3e-11	8406	5591	8429.44341714879	5595.76982960825	17.5484007205008	Patient01_CGCCATCCGATTATGA-1	8429.33333623842	5595.5022816673645	20.75674259333277	20.75834979080977	0.1100809103700157	0.2675479408853789	23.923734702255903	True	Stroma
Patient01	ROI01	26	46.2088	9.43e-12	8406	5591	8443.28647128351	5574.2410696407	29.9857787177464	Patient01_CGCCATCCGATTATGA-1	8443.175546397413	5573.974773164293	20.889110781817735	20.89043928535125	0.110924886097564	0.266296476406751	40.87961212589906	True	Stroma
Patient01	ROI01	33	498.141	3.29e-11	8406	5591	8463.96649334421	5588.6663128162	42.5536936590143	Patient01_CGCCATCCGATTATGA-1	8463.854366324724	5588.399137505894	20.8090364060466	20.810261449995615	0.1121270194871613	0.2671753103059018	58.01345056533252	True	Stroma
Patient01	ROI01	34	100.268	8.26e-12	8406	5591	8450.12343920948	5610.19507278375	35.2951387506477	Patient01_CGCCATCCGATTATGA-1	8450.012156165732	5609.926646008967	20.675827962279016	20.67725829900193	0.1112830437468801	0.2684267747836202	48.11786265874749	True	Stroma
Patient01	ROI01	8	57.2718	1.07e-11	8409	5453	8429.61253543157	5502.33306335459	39.2181739479888	Patient01_TGTTGTCAAGAAGTCT-1	8429.502326860773	5502.071027474944	21.32670396313404	21.32826686965326	0.1102085707971127	0.2620358796466462	53.46613654329008	True	Stroma
Patient01	ROI01	9	48.0645	8.57e-12	8409	5453	8443.45558956629	5480.80430338703	32.4762722149725	Patient01_TGTTGTCAAGAAGTCT-1	8443.344537019766	5480.543518971872	21.463634556191437	21.46516875339995	0.111052546524661	0.2607844151580138	44.274901910661306	True	Stroma
Patient01	ROI01	20	694.533	3.44e-11	8404	5730	8360.22814647516	5703.41362944602	37.5657446632272	Patient01_TTGACCATGTTCTCCG-1	8360.12228544346	5703.139824182723	20.128301321257133	20.13340394394742	0.1058610316995327	0.2738052632976178	51.213379699387175	True	Stroma
Patient01	ROI01	21	210.88	9.97e-12	8404	5730	8374.07120060989	5681.88486947847	41.5637871873703	Patient01_TTGACCATGTTCTCCG-1	8373.964495602453	5681.612315679651	20.24939685444285	20.2535121216318	0.1067050074361759	0.2725537988189899	56.66391107254552	True	Stroma
Patient01	ROI01	37	33.867	8.53e-12	8404	5730	8408.59427680531	5674.78135268641	40.6436170709453	Patient01_TTGACCATGTTCTCCG-1	8408.485525688757	5674.509171518182	20.28938372632973	20.292259128316484	0.1087511165533214	0.2721811682285988	55.40944315282758	True	Stroma
Patient01	ROI01	38	431.161	4.02e-11	8404	5730	8394.75122267058	5696.31011265397	25.6263094787162	Patient01_TTGACCATGTTCTCCG-1	8394.643315529764	5696.036680021254	20.16510301475459	20.16874474433992	0.1079071408166782	0.2734326327154122	34.93634771233836	True	Stroma
Patient01	ROI01	39	38.3816	8.05e-12	8404	5730	8380.90816853586	5717.83887262152	19.1435377375567	Patient01_TTGACCATGTTCTCCG-1	8380.801105370772	5717.564188524326	20.04316024615458	20.047714640706957	0.107063165087311	0.2746840971940401	26.0983849976178	True	Stroma
Patient01	ROI01	40	124.096	1.5e-11	8404	5730	8401.58819059656	5732.26411579702	2.42648525553389	Patient01_TTGACCATGTTCTCCG-1	8401.479925298083	5731.988552865929	19.96141898470878	19.965588883040272	0.1082652984769083	0.2755629310913718	3.308027348865008	True	Stroma
Patient01	ROI01	42	505.895	1.2e-11	8404	5730	8429.27429886601	5689.20659586191	35.2002178468618	Patient01_TTGACCATGTTCTCCG-1	8429.164345616067	5688.933535859784	20.209308828626085	20.211948554617354	0.1099532499429187	0.2730600021259306	47.988456990634496	True	Stroma
Patient01	ROI01	59	105.019	9.89e-12	8404	5730	8422.26821265725	5746.68935897252	18.1500290044109	Patient01_TTGACCATGTTCTCCG-1	8422.158745225395	5746.412917207531	19.883119467767216	19.88707081910894	0.1094674318555917	0.2764417649887036	24.74393454170456	True	Stroma
Patient01	ROI01	60	184.02	1.21e-11	8404	5730	8442.94823471795	5761.11460214802	36.5661346549807	Patient01_TTGACCATGTTCTCCG-1	8442.837565152706	5760.837281549133	19.808302509611128	19.812203342087784	0.11066956524337	0.2773205988869449	49.85061137512785	True	Stroma
Patient01	ROI01	29	27.4679	8.27e-12	8528	5525	8484.81563368769	5509.65478973803	33.6167673623841	Patient01_AGCCACTCCCGTGCTT-1	8484.702176874389	5509.392247655076	21.29883425209767	21.300122965716373	0.1134568133002176	0.2625420829535869	45.82973894514272	True	Stroma
Patient01	ROI01	31	53.0649	8.45e-12	8528	5525	8491.65260161366	5545.60879288109	30.6487480875109	Patient01_AGCCACTCCCGTGCTT-1	8491.538786642708	5545.344120499751	21.08179501277986	21.083008904994465	0.1138149709513527	0.264672381339551	41.78343826770393	True	Stroma
Patient01	ROI01	47	38.3072	9.07e-12	8528	5525	8498.48956953963	5581.56279602414	46.7969190844492	Patient01_AGCCACTCCCGTGCTT-1	8498.375396411027	5581.295993344425	20.86843423520912	20.869718896446905	0.1141731286024878	0.2668026797146012	63.798239787824905	True	Stroma
Patient01	ROI01	48	18.2766	7.65e-12	8528	5525	8512.33262367435	5560.03403605659	28.1506144281208	Patient01_AGCCACTCCCGTGCTT-1	8512.217606570019	5559.768484841354	21.00667609634636	21.00809292794088	0.115017104331855	0.2655512152359733	38.37773264985761	True	Stroma
Patient01	ROI01	50	38.906	1.05e-11	8528	5525	8546.85569986977	5552.93051926453	24.7190098780283	Patient01_AGCCACTCCCGTGCTT-1	8546.738636656322	5552.665340679884	21.07595937616727	21.078072975630224	0.1170632134471816	0.2651785846455823	33.699426166703375	True	Stroma
Patient01	ROI01	51	32.3097	6.98e-12	8528	5525	8533.01264573505	5574.45927923209	36.4649332182214	Patient01_AGCCACTCCCGTGCTT-1	8532.89642649733	5574.192849182957	20.93487561293595	20.936657843032886	0.1162192377214523	0.2664300491333051	49.71264345639821	True	Stroma
Patient01	ROI01	54	60.0027	1.27e-11	8525	5663	8491.48348333088	5639.04555913475	30.2184031272349	Patient01_ATTAATGAACCAGTCG-1	8491.369796020354	5638.775374692172	20.524022743472592	20.525588122502853	0.1136873105260747	0.2701844425782838	41.19674898336258	True	Stroma
Patient01	ROI01	55	25.7115	7.88e-12	8525	5663	8477.64042919615	5660.57431910231	34.7844567230124	Patient01_ATTAATGAACCAGTCG-1	8477.527585861362	5660.302883195243	20.391343376581457	20.39310432303019	0.1128433347876125	0.2714359070669161	47.42164985048825	True	Stroma
Patient01	ROI01	63	99.7905	1.16e-11	8525	5663	8484.47739712212	5696.52832224536	38.579152960995	Patient01_ATTAATGAACCAGTCG-1	8484.364195629681	5696.254756039918	20.188460020198384	20.19072508304743	0.1132014924387476	0.2735662054419663	52.59495923172722	True	Stroma
Patient01	ROI01	64	13.7045	7.92e-12	8525	5663	8498.32045125685	5674.99956227781	21.4581172903672	Patient01_ATTAATGAACCAGTCG-1	8498.206405788673	5674.727247536845	20.31973143172308	20.321735478515404	0.1140454681772098	0.2723147409642479	29.25385130195937	True	Stroma
Patient01	ROI01	66	79.5889	2.14e-11	8525	5663	8526.0065595263	5631.9420423427	22.7934161267883	Patient01_ATTAATGAACCAGTCG-1	8525.890826106657	5631.672230530702	20.58884253098353	20.59073531911131	0.1157334196432202	0.2698118119978971	31.07426420565136	True	Stroma
Patient01	ROI01	67	10.2134	7.32e-12	8525	5663	8539.84961366102	5610.41328237514	40.0815304766594	Patient01_ATTAATGAACCAGTCG-1	8539.73303626565	5610.14472202763	20.72659693735832	20.7286341958435	0.1165773953689495	0.2685603475092648	54.6431504988349	True	Stroma
Patient01	ROI01	72	33.4267	9.47e-12	8525	5663	8560.52963572172	5624.83852555064	38.2459512036141	Patient01_ATTAATGAACCAGTCG-1	8560.41185619296	5624.5690863692325	20.66076673735681	20.66342865568885	0.1177795287585468	0.2694391814075061	52.14070527589008	True	Stroma
Patient01	ROI01	84	40.755	7.85e-12	8525	5663	8539.68049537824	5703.85004862881	31.8402939629958	Patient01_ATTAATGAACCAGTCG-1	8539.564045643296	5703.5759762200505	20.186910039374844	20.189905851073	0.1164497349436715	0.274072408759821	43.40787275975034	True	Stroma
Patient01	ROI01	85	22.1455	8.19e-12	8525	5663	8553.52354951297	5682.32128866125	25.270658461962	Patient01_ATTAATGAACCAGTCG-1	8553.406255802287	5682.048467716979	20.321924268396565	20.32493966014201	0.1172937106821336	0.2728209442711886	34.45148868118981	True	Stroma
Patient01	ROI01	86	23.5454	8.47e-12	8525	5663	8567.36660364769	5660.7925286937	31.1186633593626	Patient01_ATTAATGAACCAGTCG-1	8567.248465961278	5660.520959213907	20.459092855232704	20.462261845233943	0.1181376864115009	0.2715694797925607	42.42407375781561	True	Stroma
Patient01	ROI01	93	150.568	2.63e-11	8525	5663	8588.04662570839	5675.2177718692	47.1059581944251	Patient01_ATTAATGAACCAGTCG-1	8587.92728588859	5674.94532355551	20.39943203352141	20.403492422205257	0.1193398197992792	0.2724483136898925	64.2195528064594	True	Stroma
Patient01	ROI01	94	23.3273	7.44e-12	8525	5663	8574.20357157366	5696.74653183675	43.7645610066788	Patient01_ATTAATGAACCAGTCG-1	8574.0850757296	5696.472832058582	20.261525232529653	20.265362371107244	0.118495844060817	0.2736997781685204	59.66422602039771	True	Stroma
Patient01	ROI01	95	34.5882	7.92e-12	8525	5663	8560.36051743894	5718.27529180431	48.1317511993983	Patient01_ATTAATGAACCAGTCG-1	8560.242865570606	5718.0003405616535	20.125769243995837	20.12951650593905	0.1176518683332688	0.2749512426562432	65.61801641013798	True	Stroma
Patient01	ROI01	80	34.6413	8.1e-12	8522	5801	8484.30827883934	5789.96508849902	28.80792762758	Patient01_CAGCCTCCTGCAGAGG-1	8484.195205007329	5789.686010232338	19.66927338177101	19.673584824203143	0.1130738320116506	0.2790782666816085	39.2738477346871	True	Stroma
Patient01	ROI01	81	19.9147	9.64e-12	8522	5801	8498.15133297407	5768.43632853147	29.6066532548226	Patient01_CAGCCTCCTGCAGAGG-1	8498.03741516632	5768.1585017292655	19.795230803798503	19.79899893588596	0.1139178077501128	0.2778268022047996	40.362750382301904	True	Stroma
Patient01	ROI01	82	44.9156	8.37e-12	8522	5801	8511.99438710879	5746.90756856391	40.3506420076284	Patient01_CAGCCTCCTGCAGAGG-1	8511.879625325313	5746.630993226195	19.923519147992323	19.92688865860879	0.114761783477661	0.2765753377152578	55.01003024900851	True	Stroma
Patient01	ROI01	98	48.9328	1e-11	8522	5801	8518.83135503476	5782.86157170697	13.5062842995888	Patient01_CAGCCTCCTGCAGAGG-1	8518.71623509363	5782.5828660708685	19.731846571993817	19.736151734375927	0.1151199411287962	0.2787056361012219	18.41311738563428	True	Stroma
Patient01	ROI01	89	92.1505	9.39e-12	8647	5596	8608.89576605186	5596.20624879103	27.9504086634508	Patient01_ACGATACATAGAACTA-1	8608.775096438256	5595.938433704692	20.883096912587867	20.88750356203713	0.1206696136050595	0.2678150863375776	38.104792130889805	True	Stroma
Patient01	ROI01	90	591.943	4.1e-11	8647	5596	8629.57578811256	5610.63149196653	16.6894036201506	Patient01_ACGATACATAGAACTA-1	8629.453916365566	5610.362798046294	20.825626704890947	20.83112954985323	0.1218717469928378	0.2686939202358189	22.75266395534971	True	Stroma
Patient01	ROI01	91	204.549	1.13e-11	8647	5596	8615.73273397784	5632.16025193409	35.0647881064665	Patient01_ACGATACATAGAACTA-1	8615.611706206575	5631.890306549366	20.68152530017491	20.686421299205595	0.1210277712652896	0.2699453847244513	47.80382562554372	True	Stroma
Patient01	ROI02	0	608.938	1.31e-11	3484	5148	3476.409719028	5200.85569654583	39.1681303862805	Patient01_CAGGCAGTCTTACCAG-1	3476.2114369047576	5201.133049446145	29.796473935325928	29.798055551239194	0.1982821232422793	-0.2773529003152362	53.3979121556151	True	Stroma
Patient01	ROI02	1	112.033	1.14e-11	3484	5148	3490.7098983829	5179.13971550704	23.3656778029571	Patient01_CAGGCAGTCTTACCAG-1	3490.510745064202	5179.4183303159325	29.90794591095321	29.90928649892396	0.1991533186974265	-0.2786148088925984	31.85442854876268	True	Stroma
Patient01	ROI02	2	19.9348	7.67e-12	3484	5148	3505.0100777378	5157.42373446826	16.8904324794664	Patient01_CAGGCAGTCTTACCAG-1	3504.810053223649	5157.70361118572	30.02087701128503	30.02205547458122	0.2000245141507548	-0.2798767174599561	23.02672659925143	True	Stroma
Patient01	ROI02	3	77.8395	8.6e-12	3484	5148	3519.3102570927	5135.70775342948	27.4251320582432	Patient01_CAGGCAGTCTTACCAG-1	3519.1093613830944	5135.988892055506	30.135250832225616	30.13634521250194	0.2008957096054473	-0.2811386260254949	37.388682535	True	Stroma
Patient01	ROI02	17	339.668	2.35e-11	3484	5148	3526.12965162272	5172.04173976189	35.5804536592773	Patient01_CAGGCAGTCTTACCAG-1	3525.928399278566	5172.3207256815485	29.864419948945496	29.865433960408524	0.2012523441539997	-0.2789859196582256	48.50683247368559	True	Stroma
Patient01	ROI02	18	737.242	1.02e-11	3484	5148	3511.82947226782	5193.75772080067	39.2841133836089	Patient01_CAGGCAGTCTTACCAG-1	3511.629091119121	5194.035444811761	29.751754218030527	29.752952721566807	0.2003811486993072	-0.2777240110917773	53.55603177586448	True	Stroma
Patient01	ROI02	7	54.1085	8.8e-12	3606	5081	3576.5109745123	5048.84382927434	32.0036060698302	Patient01_AGCTAAGTACGCAGGC-1	3576.306594020877	5049.130015534656	30.606846787957444	30.608367682735235	0.204380491422853	-0.2861862603158442	43.63051615500317	True	Stroma
Patient01	ROI02	12	145.082	9.02e-12	3606	5081	3597.63054839722	5063.46183456797	14.25425965535	Patient01_AGCTAAGTACGCAGGC-1	3597.4249400757963	5063.747130030485	30.44920281838525	30.450456033765377	0.2056083214238242	-0.2852954625150232	19.432832188142957	True	Stroma
Patient01	ROI02	13	116.445	7.52e-12	3606	5081	3583.33036904232	5085.17781560675	16.9085191410691	Patient01_AGCTAAGTACGCAGGC-1	3583.125631916349	5085.461849160698	30.32944049990068	30.330493956608223	0.2047371259704959	-0.2840335539476655	23.051384145022883	True	Stroma
Patient01	ROI02	14	76.0675	8.5e-12	3606	5081	3569.03018968742	5106.89379664554	33.1078762484475	Patient01_AGCTAAGTACGCAGGC-1	3568.8263237569045	5107.176568290911	30.211064663118453	30.211993420553323	0.2038659305153487	-0.2827716453712128	45.13596768951254	True	Stroma
Patient01	ROI02	25	77.1692	9.42e-12	3606	5081	3590.14976357234	5121.51180193916	31.9094395411062	Patient01_AGCTAAGTACGCAGGC-1	3589.944669811821	5121.79368278674	30.054882474755445	30.05564609571518	0.2050937605190483	-0.2818808475794867	43.50213892638465	True	Stroma
Patient01	ROI02	26	81.039	1.24e-11	3606	5081	3604.44994292724	5099.79582090038	13.8338060489805	Patient01_AGCTAAGTACGCAGGC-1	3604.243977971268	5100.078963656528	30.173023803588706	30.173891585057184	0.2059649559723766	-0.2831427561477539	18.85962778657033	True	Stroma
Patient01	ROI02	27	120.846	9.1e-12	3606	5081	3618.75012228214	5078.0798398616	9.59455036419005	Patient01_AGCTAAGTACGCAGGC-1	3618.5432861307127	5078.364244526314	30.292560614988503	30.293608176426105	0.2068361514275238	-0.2844046647142022	13.08025051149362	True	Stroma
Patient01	ROI02	28	107.71	8.49e-12	3606	5081	3633.05030163704	5056.36385882281	26.83758469941	Patient01_AGCTAAGTACGCAGGC-1	3632.842594290159	5056.649525396102	30.41347645458881	30.41477849847037	0.2077073468813068	-0.2856665732924739	36.58767922070625	True	Stroma
Patient01	ROI02	31	70.9776	7.55e-12	3606	5081	3654.16987552196	5070.98186411644	36.0893488511269	Patient01_AGCTAAGTACGCAGGC-1	3653.960940345076	5071.266639891931	30.257628669114705	30.258768183139388	0.208935176884097	-0.2847757754907434	49.20060928873327	True	Stroma
Patient01	ROI02	36	235.045	1.2e-11	3603	5220	3582.66897874747	5179.56176931036	33.1999360898506	Patient01_ATTGCCTTTATGTTTG-1	3582.4643995478477	5179.840235542995	29.66821040544581	29.66893874818176	0.2045791996229127	-0.2784662326348552	45.2614728712989	True	Stroma
Patient01	ROI02	37	473.717	1.14e-11	3603	5220	3568.36879939257	5201.27775034915	28.8770200606066	Patient01_ATTGCCTTTATGTTTG-1	3568.1650913884023	5201.554954673207	29.55462411703656	29.555503324292385	0.2037080041677654	-0.277204324057493	39.36804144862707	True	Stroma
Patient01	ROI02	38	29.1603	9.02e-12	3603	5220	3554.06862003767	5222.99373138793	35.958978958086	Patient01_ATTGCCTTTATGTTTG-1	3553.8657832289555	5223.269673803421	29.442509455158323	29.44361932346793	0.2028368087144372	-0.2759424154910448	49.02287601356121	True	Stroma
Patient01	ROI02	41	71.93	7.99e-12	3603	5220	3575.18819392259	5237.61173668156	24.1466593760444	Patient01_ATTGCCTTTATGTTTG-1	3574.9841292838737	5237.886788299249	29.28948952348748	29.29065491418251	0.2040646387163178	-0.2750516176893143	32.919140727364905	True	Stroma
Patient01	ROI02	43	449.382	1.13e-11	3603	5220	3603.78855263239	5194.17977460399	18.9483340668423	Patient01_ATTGCCTTTATGTTTG-1	3603.5827456027655	5194.457350038824	29.51462833980049	29.515365164182217	0.2058070296243386	-0.2775754348340342	25.83226383333061	True	Stroma
Patient01	ROI02	44	102.525	9.1e-12	3603	5220	3618.08873198729	5172.46379356521	36.5828852023311	Patient01_ATTGCCTTTATGTTTG-1	3617.8820537622105	5172.74263090861	29.62940293360584	29.630045160577797	0.2066782250794858	-0.2788373434004825	49.87344739633751	True	Stroma
Patient01	ROI02	55	361.238	1.16e-11	3603	5220	3639.20830587221	5187.08179885884	35.8946342354526	Patient01_ATTGCCTTTATGTTTG-1	3639.000399817128	5187.359745404441	29.47662399026272	29.477318529963664	0.207906055082276	-0.2779465456014804	48.93515485318723	True	Stroma
Patient01	ROI02	56	189.855	1.41e-11	3603	5220	3624.90812651731	5208.79777989762	18.0488596029424	Patient01_ATTGCCTTTATGTTTG-1	3624.701091657683	5209.074464534652	29.3621228417708	29.36293511089221	0.2070348596271287	-0.2766846370323037	24.606010296686215	True	Stroma
Patient01	ROI02	57	213.94	8.15e-12	3603	5220	3610.60794716241	5230.5137609364	9.51930921618793	Patient01_ATTGCCTTTATGTTTG-1	3610.401783498237	5230.789183664865	29.249095917094586	29.25010599536576	0.206163664172891	-0.275422728464946	12.97767425441832	True	Stroma
Patient01	ROI02	61	725.225	1.28e-11	3603	5220	3617.42734169244	5266.84774726882	35.9561152825321	Patient01_ATTGCCTTTATGTTTG-1	3617.220821393709	5267.121017290907	28.986739152534494	28.98822050133357	0.2065202987309931	-0.2732700220867627	49.018971964675686	True	Stroma
Patient01	ROI02	62	48.3066	9.04e-12	3603	5220	3631.72752104734	5245.13176623003	27.9975404351726	Patient01_ATTGCCTTTATGTTTG-1	3631.520129553154	5245.406298160695	29.09797426191968	29.09915200764012	0.2073914941856856	-0.2745319306650344	38.16904687526563	True	Stroma
Patient01	ROI02	63	70.1186	8.87e-12	3603	5220	3646.02770040224	5223.41578519125	31.6607274639162	Patient01_ATTGCCTTTATGTTTG-1	3645.8194377126	5223.691579030483	29.21071077323961	29.211666489567065	0.2082626896399233	-0.2757938392333017	43.163069751556	True	Stroma
Patient01	ROI02	66	184.042	8.81e-12	3724	5153	3688.92823846693	5158.2678420749	26.0142116256542	Patient01_CTCAACTAACCCGGAT-1	3688.717362190937	5158.547421639844	29.55775578001364	29.558525750185524	0.2108762759930869	-0.2795795649444699	35.46517470926393	True	Stroma
Patient01	ROI02	67	97.4765	1.44e-11	3724	5153	3703.22841782183	5136.55186103611	19.4346664279923	Patient01_CTCAACTAACCCGGAT-1	3703.016670350383	5136.832702509631	29.67632520381292	29.677190286057883	0.2117474714473246	-0.2808414735209226	26.495280741292664	True	Stroma
Patient01	ROI02	68	548.605	4.19e-11	3724	5153	3717.52859717673	5114.83587999733	28.3935320231068	Patient01_CTCAACTAACCCGGAT-1	3717.3159785098287	5115.117983379418	29.796309951640776	29.797347093819194	0.2126186669011076	-0.2821033820873708	38.70890220710483	True	Stroma
Patient01	ROI02	71	691.935	1.92e-11	3724	5153	3738.64817106166	5129.45388529096	20.3408205785804	Patient01_CTCAACTAACCCGGAT-1	3738.434324564747	5129.735097875247	29.64466573962651	29.64580050460144	0.2138464969129927	-0.2812125842874593	27.730640694778792	True	Stroma
Patient01	ROI02	72	445.176	7.45e-12	3724	5153	3724.34799170676	5151.16986632974	1.36648165674293	Patient01_CTCAACTAACCCGGAT-1	3724.135016405301	5151.449817005459	29.52493058009998	29.525915109550184	0.2129753014587549	-0.2799506757191921	1.8629244426417664	True	Stroma
Patient01	ROI02	73	70.8392	9.04e-12	3724	5153	3710.04781235186	5172.88584736852	17.8186674962887	Patient01_CTCAACTAACCCGGAT-1	3709.835708245855	5173.164536135672	29.406620053748345	29.407531864443197	0.2121041060049719	-0.2786887671518343	24.29218939768499	True	Stroma
Patient01	ROI02	74	401.663	7.98e-12	3724	5153	3695.74763299696	5194.60182840731	36.8871508724277	Patient01_CTCAACTAACCCGGAT-1	3695.53640008641	5194.879255265886	29.289751424202272	29.29066898287333	0.2112329105498247	-0.2774268585762911	50.28825278438008	True	Stroma
Patient01	ROI02	87	1478.33	2.31e-11	3724	5153	3745.46756559168	5165.78787162337	18.3288473884383	Patient01_CTCAACTAACCCGGAT-1	3745.2533624602174	5166.066931501289	29.37463477697926	29.375806815432743	0.2142031314615451	-0.2790598779192805	24.987717644652307	True	Stroma
Patient01	ROI02	88	729.914	1.29e-11	3724	5153	3759.76774494658	5144.07189058458	27.0411476160388	Patient01_CTCAACTAACCCGGAT-1	3759.552670619664	5144.352212371077	29.49411333229156	29.49541327914398	0.2150743269157828	-0.2803217864975522	36.86519654494354	True	Stroma
Patient01	ROI02	89	634.936	4.94e-11	3724	5153	3774.06792430148	5122.3559095458	43.0583328882226	Patient01_CTCAACTAACCCGGAT-1	3773.85197877911	5122.637493240864	29.61500856855275	29.616513548382432	0.2159455223700206	-0.281583695063091	58.70142522651316	True	Stroma
Patient01	ROI02	91	51.1958	8.58e-12	3724	5153	3780.8873188315	5158.68989587821	41.9358642273453	Patient01_CTCAACTAACCCGGAT-1	3780.6710166745816	5158.969326866906	29.34466953410561	29.346203241239984	0.216302156918573	-0.2794309886958217	57.17116370113192	True	Stroma
Patient01	ROI02	92	411.401	2.35e-11	3724	5153	3766.5871394766	5180.405876917	37.1476026491438	Patient01_CTCAACTAACCCGGAT-1	3766.371708515137	5180.684045997119	29.225454746950444	29.226883382917688	0.2154309614634257	-0.278169080119369	50.64332669157029	True	Stroma
Patient01	ROI02	93	336.686	2.39e-11	3724	5153	3752.2869601217	5202.12185795578	41.578737421667	Patient01_CTCAACTAACCCGGAT-1	3752.0724003556898	5202.398765127331	29.107683496741625	29.10908572396798	0.2145597660100975	-0.2769071715511018	56.68429272694909	True	Stroma
Patient01	ROI02	83	256.213	1.04e-11	3722	5291	3688.26684817208	5252.6517957785	37.4631976162056	Patient01_GAGTGTCAACCAGAAA-1	3688.056129822436	5252.925808022142	28.91123551795901	28.912686321051325	0.2107183496441393	-0.2740122436416641	51.07357731018448	True	Stroma
Patient01	ROI02	96	28.7037	7.95e-12	3722	5291	3709.386422057	5267.26980107213	19.7126372785566	Patient01_GAGTGTCAACCAGAAA-1	3709.174475877353	5267.542922517969	28.763207198942798	28.765011745697105	0.2119461796469295	-0.2731214458390241	26.87423840186801	True	Stroma
Patient01	ROI02	97	649.46	1.05e-11	3722	5291	3695.0862427021	5288.98578211092	19.7968340045997	Patient01_GAGTGTCAACCAGAAA-1	3694.875167717906	5289.257641648183	28.651386613404338	28.6534889211296	0.211074984194056	-0.2718595372625714	26.98902379848046	True	Stroma
Patient01	ROI02	98	98.2701	9.29e-12	3722	5291	3680.78606334721	5310.7017631497	33.5076193372833	Patient01_GAGTGTCAACCAGAAA-1	3680.575859558462	5310.972360778395	28.541098080705822	28.54358151635215	0.2102037887480037	-0.2705976286952136	45.680937442516026	True	Stroma
Patient01	ROI03	4	115.969	8.78e-12	3395	3557	3382.54192368121	3559.80420581386	9.36681450957628	Patient01_TACTTAAACATGTACA-1	3382.6214191305025	3559.7858421558485	41.62507290270344	41.62532282939658	-0.0794954492926081	0.018363658011367	12.76977822091219	True	Stroma
Patient01	ROI03	6	28.0125	9.08e-12	3395	3557	3410.94595649707	3516.107584835	32.195036215904	Patient01_TACTTAAACATGTACA-1	3411.0237208182957	3516.0917608577865	41.87426599048132	41.874510810767696	-0.0777643212254588	0.0158239772135857	43.8914928731429	True	Stroma
Patient01	ROI03	14	94.4637	7.81e-12	3395	3557	3417.58580671977	3552.64588249982	16.8720560019993	Patient01_TACTTAAACATGTACA-1	3417.6632252703803	3552.627894024165	41.595701289389226	41.59590569576815	-0.0774185506102185	0.0179884756544197	23.001673947523585	True	Stroma
Patient01	ROI03	15	95.9931	9.56e-12	3395	3557	3403.38379031184	3574.49419298925	14.2296990079765	Patient01_TACTTAAACATGTACA-1	3403.462074426485	3574.474934673196	41.47143767814458	41.471666498477454	-0.0782841146447026	0.0192583160542199	19.399348657571885	True	Stroma
Patient01	ROI03	16	34.4787	9.07e-12	3395	3557	3389.18177390391	3596.34250347868	29.1721522822739	Patient01_TACTTAAACATGTACA-1	3389.2609235825885	3596.3219753222265	41.3480123601173	41.3483112254757	-0.0791496786782772	0.0205281564535653	39.77039520642429	True	Stroma
Patient01	ROI03	10	128.374	2e-11	3517	3490	3474.39387235148	3465.25264054209	36.1415953338758	Patient01_TCTATAGGTGGGTAAT-1	3474.4678286459657	3465.2397314280424	42.10098945929953	42.101544388467175	-0.0739562944859244	0.0129091140474884	49.27183691868013	True	Stroma
Patient01	ROI03	28	55.2573	1.12e-11	3517	3490	3481.03372257418	3501.79093820691	27.7632905428362	Patient01_TCTATAGGTGGGTAAT-1	3481.107333098052	3501.7758645944214	41.82041978477567	41.82081693476494	-0.0736105238715936	0.0150736124887771	37.84969399704863	True	Stroma
Patient01	ROI03	30	13.8907	7.34e-12	3517	3490	3516.07760561273	3494.63261489287	3.46479190131564	Patient01_TCTATAGGTGGGTAAT-1	3516.1491392379285	3494.6179164627383	41.79538731221694	41.795951146797485	-0.0715336251982989	0.0146984301318298	4.723550799060937	True	Stroma
Patient01	ROI03	31	46.2525	9.15e-12	3517	3490	3501.87558920481	3516.4809253823	22.3690249243725	Patient01_TCTATAGGTGGGTAAT-1	3501.947988394033	3516.464957111769	41.66766326724581	41.66807055940293	-0.0723991892232334	0.0159682705311752	30.495691679393143	True	Stroma
Patient01	ROI03	48	19.769	8.74e-12	3517	3490	3522.71745583543	3531.17091255769	30.4892627165075	Patient01_TCTATAGGTGGGTAAT-1	3522.788643690013	3531.1540496291163	41.515180615109664	41.51561208085333	-0.0711878545835134	0.0168629285735733	41.56601186141198	True	Stroma
Patient01	ROI03	49	31.639	9.77e-12	3517	3490	3536.91947224336	3509.32260206826	20.3561551792563	Patient01_TCTATAGGTGGGTAAT-1	3536.9897945339108	3509.307008980086	41.64299528616552	41.64358449184663	-0.0703222905508482	0.0155930881742278	27.75154635587561	True	Stroma
Patient01	ROI03	20	16.2486	8.46e-12	3393	3695	3367.41759131076	3676.57742212235	23.1243325859416	Patient01_AAGTTGTGATGTTATA-1	3367.498126346881	3676.5521897866656	40.82917805562362	40.82995681120393	-0.0805350361206365	0.0252323356844499	31.52540261442146	True	Stroma
Patient01	ROI03	21	59.9749	8.7e-12	3393	3695	3381.61960771869	3654.72911163292	30.6961284773146	Patient01_AAGTTGTGATGTTATA-1	3381.699277190776	3654.705149137635	40.95011327234976	40.95068261142908	-0.0796694720861523	0.0239624952851045	41.84803195313135	True	Stroma
Patient01	ROI03	38	14.7694	7.22e-12	3393	3695	3402.46147434931	3669.41909880831	20.0062839845051	Patient01_AAGTTGTGATGTTATA-1	3402.5399324867576	3669.394241654984	40.79679218868178	40.79736753857093	-0.0784581374477966	0.0248571533265931	27.27456695607925	True	Stroma
Patient01	ROI03	41	39.7191	8.84e-12	3393	3695	3423.30334097994	3684.1090859837	23.6198938369607	Patient01_AAGTTGTGATGTTATA-1	3423.38058778274	3684.083334172331	40.64374659070641	40.644342251594345	-0.0772468027998911	0.0257518113689911	32.20100126792568	True	Stroma
Patient01	ROI03	54	45.3579	8.33e-12	3514	3628	3500.95327324228	3611.40583120137	15.4836420912475	Patient01_ATTCGCGCCTTGAGAG-1	3501.0258464543067	3611.384264093556	40.98419974994358	40.98446227840368	-0.0725732120267821	0.0215671078135528	21.108849262999584	True	Stroma
Patient01	ROI03	63	40.2042	1.02e-11	3514	3628	3493.39110705705	3669.79243935561	34.1799896817688	Patient01_ATTCGCGCCTTGAGAG-1	3493.4642000624945	3669.767437908964	40.58353743915944	40.5839399729994	-0.0730930054446616	0.0250014466460015	46.597579933150186	True	Stroma
Patient01	ROI03	64	30.535	8.42e-12	3514	3628	3507.59312346498	3647.94412886618	15.3656155285407	Patient01_ATTCGCGCCTTGAGAG-1	3507.665350906392	3647.9203972599353	40.70735204357335	40.70768647923909	-0.0722274414115418	0.0237316062448371	20.94794365005277	True	Stroma
Patient01	ROI03	65	18.4268	8.4e-12	3514	3628	3521.7951398729	3626.09581837675	5.88597156768627	Patient01_ATTCGCGCCTTGAGAG-1	3521.866501750288	3626.073356610904	40.83201826296642	40.832331072083015	-0.0713618773879716	0.0224617658459465	8.02434503821969	True	Stroma
Patient01	ROI03	66	76.8332	8.6e-12	3514	3628	3535.99715628083	3604.24750788732	23.7465630527844	Patient01_ATTCGCGCCTTGAGAG-1	3536.0676525941844	3604.226315961872	40.95752832092143	40.95786555225418	-0.0704963133543969	0.0211919254475105	32.37368940986169	True	Stroma
Patient01	ROI03	74	29.465	7.34e-12	3514	3628	3542.63700650353	3640.78580555214	23.0042396268412	Patient01_ATTCGCGCCTTGAGAG-1	3542.7071570462704	3640.7624491282513	40.680120573641766	40.68049828311783	-0.0701505427405209	0.0233564238887993	31.36167988326435	True	Stroma
Patient01	ROI03	75	59.6567	8.67e-12	3514	3628	3528.4349900956	3662.63411604157	27.5228289652599	Patient01_ATTCGCGCCTTGAGAG-1	3528.506006202373	3662.609489777282	40.55537459308489	40.55577349176079	-0.071016106773186	0.0246262642881447	37.52187272833012	True	Stroma
Patient01	ROI03	70	62.2798	8.98e-12	3636	3561	3599.44507213524	3553.39256359442	27.3880499521219	Patient01_AGCGATGCGCCTAATA-1	3599.511760421855	3553.374286532129	41.18749170475069	41.18824254608784	-0.0666882866148625	0.0182770622909629	37.33812849973532	True	Stroma
Patient01	ROI03	88	85.8176	8.69e-12	3636	3561	3606.08492235794	3589.93086125924	30.5260632225356	Patient01_AGCGATGCGCCTAATA-1	3606.151264873939	3589.9104196985063	40.90804982719356	40.90872141962516	-0.0663425159991675	0.0204415607336159	41.61618199128648	True	Stroma
Patient01	ROI03	89	132.531	1.75e-11	3636	3561	3620.28693876587	3568.08255076981	12.6424927750085	Patient01_AGCGATGCGCCTAATA-1	3620.352415717836	3568.0633790494767	41.03622499029036	41.03705874095351	-0.0654769519660476	0.019171720333361	17.23551040017234	True	Stroma
Patient01	ROI03	78	37.4308	1.19e-11	3511	3766	3485.82894087182	3728.17904750986	33.3245361385996	Patient01_GTCTATTGCATGCTCG-1	3485.902553670683	3728.150611724373	40.18629415743557	40.18703817825785	-0.0736127988629959	0.0284357854866357	45.43134011776175	True	Stroma
Patient01	ROI03	80	169.819	9.13e-12	3511	3766	3492.46879109452	3764.71734517468	13.6254279601846	Patient01_GTCTATTGCATGCTCG-1	3492.542058122769	3764.686744890753	39.91303270478539	39.9140664909328	-0.0732670282491199	0.0306002839265602	18.57554593812685	True	Stroma
Patient01	ROI03	81	22.3457	7.21e-12	3511	3766	3506.67080750245	3742.86903468525	17.261500973606	Patient01_GTCTATTGCATGCTCG-1	3506.7432089666654	3742.839704241722	40.03438215897001	40.03520532652817	-0.0724014642155452	0.0293304435281243	23.532604277321568	True	Stroma
Patient01	ROI03	97	58.9523	8.27e-12	3511	3766	3541.714690541	3735.71071137121	31.6418808368785	Patient01_GTCTATTGCATGCTCG-1	3541.785015106543	3735.681756110038	40.005062893362144	40.00581763654436	-0.0703245655431601	0.0289552611720864	43.137376144911066	True	Stroma
Patient01	ROI03	98	10.6402	8.97e-12	3511	3766	3527.51267413308	3757.55902186064	13.6030516244897	Patient01_GTCTATTGCATGCTCG-1	3527.583864262647	3757.5287967590702	39.882761686821965	39.88367912800975	-0.0711901295667303	0.0302251015696128	18.54504027966634	True	Stroma
Patient01	ROI03	99	92.2912	1.06e-11	3511	3766	3513.31065772515	3779.40733235007	9.97945283577249	Patient01_GTCTATTGCATGCTCG-1	3513.3827134187504	3779.375837408101	39.76134439550374	39.76247281459995	-0.0720556936003049	0.031494941969413	13.604988051006682	True	Stroma
Patient01	ROI04	4	96.1705	8.62e-12	9341	6992	9358.08139716583	7042.40851757178	39.0405536705917	Patient01_AGTAATGTCTTGCCGC-1	9358.392873635355	7042.756183477915	15.685770715797906	15.68913682060085	-0.3114764695255871	-0.347665906135262	53.22398681911457	True	Stroma
Patient01	ROI04	5	66.8436	1.27e-11	9341	6992	9372.43125682338	7020.54770704231	31.1453948157344	Patient01_AGTAATGTCTTGCCGC-1	9372.741858997046	7020.896643312651	15.769469439605212	15.772724090700512	-0.3106021736657567	-0.3489362703403458	42.460516752282274	True	Stroma
Patient01	ROI04	6	79.1922	1.18e-11	9341	6992	9386.78111648094	6998.68689651284	33.9374246980717	Patient01_AGTAATGTCTTGCCGC-1	9387.090844358736	6999.037103147387	15.854797974124562	15.857986555928964	-0.3097278777968313	-0.3502066345472485	46.2668910908734	True	Stroma
Patient01	ROI04	8	24.1888	1e-11	9462	6926	9415.48083579606	6954.9652754539	40.196446768011	Patient01_GAAGTGCTGGATAGCT-1	9415.788815082118	6955.3180228168585	16.030239873265597	16.033429646954154	-0.3079792860589805	-0.3527473629583255	54.799815878828646	True	Stroma
Patient01	ROI04	9	13.1938	7.64e-12	9462	6926	9429.83069545361	6933.10446492443	24.1652328951318	Patient01_GAAGTGCTGGATAGCT-1	9430.13780044381	6933.458482651595	16.12030116328173	16.12355675752015	-0.307104990200969	-0.3540177271643188	32.94446200594116	True	Stroma
Patient01	ROI04	11	360.596	3.38e-11	9462	6926	9436.56803169584	6969.62010519951	37.0370129416815	Patient01_GAAGTGCTGGATAGCT-1	9436.874785126878	6969.971959647132	16.040954993681176	16.043568823510206	-0.3067534310375777	-0.3518544476219176	50.49255974339311	True	Stroma
Patient01	ROI04	28	247.392	1.09e-11	9462	6926	9457.65522759562	6984.27493494512	42.8641354792221	Patient01_GAAGTGCTGGATAGCT-1	9457.960755171638	6984.625896477405	16.054779243685648	16.056917732810263	-0.3055275760179938	-0.3509615322855097	58.43667589882049	True	Stroma
Patient01	ROI04	29	312.154	2.58e-11	9462	6926	9472.00508725318	6962.41412441565	27.7001465831099	Patient01_GAAGTGCTGGATAGCT-1	9472.309740533328	6962.7663563121405	16.143591412704737	16.145861148468498	-0.3046532801490684	-0.3522318964905935	37.76360983674838	True	Stroma
Patient01	ROI04	30	84.1051	1.33e-11	9462	6926	9493.09228315297	6977.06895416126	43.8563521334812	Patient01_GAAGTGCTGGATAGCT-1	9493.395710578088	6977.420293142413	16.15986818826302	16.16179492757291	-0.3034274251185707	-0.3513389811532761	59.7893648635719	True	Stroma
Patient01	ROI04	24	350.479	3.92e-11	9460	7064	9400.25578896539	7071.718177063	44.1874072504062	Patient01_TTATTAGGGAAGCATC-1	9400.564813724875	7072.064057138461	15.715419096288931	15.71746542852793	-0.3090247594846005	-0.3458800754606272	60.24069230448588	True	Stroma
Patient01	ROI04	25	104.359	2.11e-11	9460	7064	9414.60564862295	7049.85736653353	34.8759709552246	Patient01_TTATTAGGGAAGCATC-1	9414.913799086566	7050.204516973197	15.79782417823634	15.799827196556432	-0.3081504636156751	-0.34715043966753	47.54641120326547	True	Stroma
Patient01	ROI04	27	696.82	1.61e-11	9460	7064	9443.30536793807	7006.13574547459	44.1754830188167	Patient01_TTATTAGGGAAGCATC-1	9443.611769809948	7006.485436642669	15.96753012717393	15.969579932849747	-0.3064018718778243	-0.349691168078607	60.224435999556	True	Stroma
Patient01	ROI04	32	347.845	1.31e-11	9460	7064	9464.39256383785	7020.7905752202	31.8580793149181	Patient01_TTATTAGGGAAGCATC-1	9464.697739854706	7021.139373472942	15.985109526915403	15.986752559814375	-0.3051760168564215	-0.3487982527421991	43.43211953003002	True	Stroma
Patient01	ROI04	33	102.064	9.89e-12	9460	7064	9450.04270418029	7042.65138574967	17.2790658538767	Patient01_TTATTAGGGAAGCATC-1	9450.348754493016	7042.998913638206	15.900108595654563	15.901673824597188	-0.3060503127253469	-0.3475278885362058	23.55655047859488	True	Stroma
Patient01	ROI04	34	247.259	1.24e-11	9460	7064	9435.69284452274	7064.51219627914	17.833603267912	Patient01_TTATTAGGGAAGCATC-1	9435.999769131326	7064.85845380347	15.816727507779126	15.81825858746328	-0.3069246085851773	-0.3462575243302126	24.31255133514448	True	Stroma
Patient01	ROI04	35	74.7205	1.23e-11	9460	7064	9421.34298486518	7086.37300680861	32.7620372357953	Patient01_TTATTAGGGAAGCATC-1	9421.650783769634	7086.717993968734	15.734992014382076	15.736533301736465	-0.3077989044541027	-0.3449871601242193	44.664485363561965	True	Stroma
Patient01	ROI04	43	148.248	1.3e-11	9460	7064	9428.0803211074	7122.88864708369	49.133075751729	Patient01_TTATTAGGGAAGCATC-1	9428.387768452703	7123.231470964271	15.67834022967246	15.679502091186146	-0.3074473453034443	-0.3428238805809087	66.98312217233571	True	Stroma
Patient01	ROI04	44	199.977	1.34e-11	9460	7064	9442.43018076496	7101.02783655422	30.0629838179151	Patient01_TTATTAGGGAAGCATC-1	9442.736753814394	7101.371930799007	15.757715657817792	15.758855077352491	-0.3065730494326999	-0.344094244786902	40.98486583896519	True	Stroma
Patient01	ROI04	45	33.9911	1.14e-11	9460	7064	9456.78004042252	7079.16702602475	11.3731811220515	Patient01_TTATTAGGGAAGCATC-1	9457.085739176084	7079.512390633743	15.838767063237858	15.839928729994805	-0.3056987535637745	-0.3453646089928952	15.505057823692692	True	Stroma
Patient01	ROI04	46	338.75	1.27e-11	9460	7064	9471.12990008008	7057.30621549528	9.52669361433601	Patient01_TTATTAGGGAAGCATC-1	9471.434724537776	7057.652850468478	15.92146885026576	15.922696765763638	-0.3048244576966681	-0.346634973197979	12.9877414044232	True	Stroma
Patient01	ROI04	47	49.163	9.9e-12	9460	7064	9485.47975973763	7035.44540496581	28.0714966326263	Patient01_TTATTAGGGAAGCATC-1	9485.783709899466	7035.793310303215	16.005795436405513	16.00713290125478	-0.3039501618368376	-0.3479053374048817	38.26987135925477	True	Stroma
Patient01	ROI04	48	35.5919	9.63e-12	9460	7064	9499.82961939519	7013.58459443634	47.1285724880066	Patient01_TTATTAGGGAAGCATC-1	9500.132695261158	7013.933770137951	16.09172127802798	16.093210880468675	-0.3030758659679122	-0.3491757016108749	64.25038287289829	True	Stroma
Patient01	ROI04	54	27.0503	1.14e-11	9460	7064	9477.8672363223	7093.82185577036	25.500370193838	Patient01_TTATTAGGGAAGCATC-1	9478.171709220844	7094.166327464016	15.863929773261836	15.864824352491947	-0.3044728985441907	-0.3444716936555778	34.764654685255735	True	Stroma
Patient01	ROI04	55	511.381	1.19e-11	9460	7064	9463.51737666475	7115.68266629983	37.9976669823675	Patient01_TTATTAGGGAAGCATC-1	9463.822723859152	7116.02586762928	15.78357641828707	15.784416950713888	-0.3053471944040211	-0.3432013294495846	51.80221939706171	True	Stroma
Patient01	ROI04	65	141.922	1.21e-11	9460	7064	9498.95443222209	7108.47668551597	43.3681484396177	Patient01_TTATTAGGGAAGCATC-1	9499.257679265604	7108.820264294289	15.89220080283916	15.892930297216305	-0.3032470435136929	-0.3435787783191699	59.12379676773019	True	Stroma
Patient01	ROI04	66	54.7841	1.24e-11	9460	7064	9513.30429187964	7086.6158749865	42.4731068290203	Patient01_TTATTAGGGAAGCATC-1	9513.606664627296	7086.960724129025	15.973501887834193	15.97435984424927	-0.3023727476556814	-0.3448491425251632	57.90358653999635	True	Stroma
Patient01	ROI04	67	168.353	1.07e-11	9460	7064	9527.6541515372	7064.75506445703	49.6283759347986	Patient01_TTATTAGGGAAGCATC-1	9527.955649988986	7065.10118396376	16.05643695528761	16.057465950011533	-0.301498451786756	-0.3461195067302469	67.65836491190558	True	Stroma
Patient01	ROI05	0	315.151	2.06e-11	6585	6454	6549.45137588295	6477.44457796438	31.2355913492893	Patient01_CGGAGCATGGCGATCC-1	6549.949128988412	6477.587525505435	15.45597305672628	15.464047648034803	-0.4977531054619248	-0.1429475410550367	42.583481686485214	True	Stroma
Patient01	ROI05	1	1701.3	1.94e-11	6585	6454	6563.54173513613	6455.81877899637	15.7963806795488	Patient01_CGGAGCATGGCGATCC-1	6564.038629550116	6455.962983391673	15.568945926936584	15.57588175610431	-0.4968944139855011	-0.1442043953029497	21.535205780433724	True	Stroma
Patient01	ROI05	2	52.8002	8.99e-12	6585	6454	6577.63209438932	6434.19298002837	15.5013636698435	Patient01_CGGAGCATGGCGATCC-1	6578.12813011182	6434.338441277912	15.685327450028206	15.691331284518542	-0.4960357224999825	-0.1454612495426772	21.13300909109861	True	Stroma
Patient01	ROI05	3	19.1714	8.7e-12	6585	6454	6591.7224536425	6412.56718106036	30.788992612529	Patient01_CGGAGCATGGCGATCC-1	6592.217630673525	6412.713899164151	15.805042326626277	15.810317032298643	-0.4951770310244683	-0.1467181037914997	41.97463362866393	True	Stroma
Patient01	ROI05	26	483.133	1.2e-11	6585	6454	6612.87674195039	6427.43797539019	28.2441465621579	Patient01_CGGAGCATGGCGATCC-1	6613.370689421543	6427.583787736699	15.68405249527864	15.688606101151658	-0.4939474711527509	-0.1458123465090466	38.50524500819048	True	Stroma
Patient01	ROI05	27	295.387	9.5e-12	6585	6454	6598.7863826972	6449.06377435819	10.7411805818896	Patient01_CGGAGCATGGCGATCC-1	6599.281188859839	6449.20832985046	15.564209240489618	15.569476182103989	-0.4948061626391791	-0.1445554922702285	14.643451487286406	True	Stroma
Patient01	ROI05	28	53.4925	1.09e-11	6585	6454	6584.69602344402	6470.6895733262	12.2440705232766	Patient01_CGGAGCATGGCGATCC-1	6585.191688298134	6470.832871964222	15.4477235113118	15.45390817735205	-0.4956648541137838	-0.1432986380223155	16.692341344376754	True	Stroma
Patient01	ROI05	29	881.467	2.08e-11	6585	6454	6570.60566419083	6492.31537229421	30.0227367687105	Patient01_CGGAGCATGGCGATCC-1	6571.10218773643	6492.457414077983	15.33467182156941	15.34198258061417	-0.4965235456002119	-0.142041783773493	40.92999703678285	True	Stroma
Patient01	ROI05	30	1295.18	2.68e-11	6585	6454	6591.75995249872	6507.18616662404	39.3266631945092	Patient01_CGGAGCATGGCGATCC-1	6592.255246484448	6507.327302650531	15.215666402541183	15.222301789584698	-0.4952939857284946	-0.1411360264910399	53.61403993307273	True	Stroma
Patient01	ROI05	31	236.655	1.17e-11	6585	6454	6605.85031175191	6485.56036765603	27.7457752130369	Patient01_CGGAGCATGGCGATCC-1	6606.344747046153	6485.70276053677	15.328781215125847	15.334302913861492	-0.4944352942429759	-0.1423928807398624	37.82581534792951	True	Stroma
Patient01	ROI05	32	1196.26	2e-11	6585	6454	6619.94067100509	6463.93456868802	26.6453148554938	Patient01_CGGAGCATGGCGATCC-1	6620.434247607858	6464.078218423009	15.445355573831115	15.44997353123439	-0.4935766027683712	-0.1436497349895944	36.325557742489046	True	Stroma
Patient01	ROI05	33	1100.59	3.18e-11	6585	6454	6634.03103025827	6442.30876972002	36.973243335452	Patient01_CGGAGCATGGCGATCC-1	6634.523748169562	6442.453676309247	15.56531174940173	15.569231855121837	-0.4927179112919475	-0.144906589227503	50.4056226392149	True	Stroma
Patient01	ROI05	5	401.64	1.03e-11	6588	6316	6619.90317214887	6369.31558312435	45.574580766821	Patient01_GTAGCGGCTATACACT-1	6620.396631796933	6369.4648149366285	16.05417178771447	16.058580434369087	-0.4934596480634354	-0.1492318122782308	62.13182595940616	True	Stroma
Patient01	ROI05	6	289.331	1.35e-11	6588	6316	6633.99353140205	6347.68978415634	40.9695616286401	Patient01_GTAGCGGCTATACACT-1	6634.486132358637	6347.840272822868	16.18343705461255	16.18770024713605	-0.4926009565870117	-0.1504886665279627	55.85380336831848	True	Stroma
Patient01	ROI05	7	157.873	1.45e-11	6588	6316	6648.08389065524	6326.06398518833	44.6863592769928	Patient01_GTAGCGGCTATACACT-1	6648.575632920343	6326.2157307091065	16.315737304972533	16.32004090669108	-0.4917422651033121	-0.1517455207767852	60.92091360232333	True	Stroma
Patient01	ROI05	9	350.933	1.1e-11	6709	6249	6676.2646091616	6282.81238725232	34.5210497751567	Patient01_TAACATACAATGTGGG-1	6676.754634043751	6282.966646481584	16.589150641088413	16.59407465177551	-0.4900248821513742	-0.1542592292635163	47.06254715847497	True	Stroma
Patient01	ROI05	10	376.284	1.52e-11	6709	6249	6690.35496841479	6261.18658828431	16.3386106267945	Patient01_TAACATACAATGTGGG-1	6690.844134605455	6261.342104367823	16.730119702988073	16.73561459870491	-0.489166190664946	-0.1555160835123388	22.27442786750678	True	Stroma
Patient01	ROI05	11	93.4331	1.1e-11	6709	6249	6704.44532766797	6239.5607893163	7.68769629129692	Patient01_TAACATACAATGTGGG-1	6704.93363516716	6239.717562254061	16.873835881417182	16.880069331166457	-0.4883074991903413	-0.1567729377611613	10.480636353936047	True	Stroma
Patient01	ROI05	12	278.675	1.17e-11	6709	6249	6718.53568692115	6217.9349903483	23.8359876812048	Patient01_TAACATACAATGTGGG-1	6719.023135728865	6218.0930201403	17.02022958784049	17.027364664988603	-0.4874488077148271	-0.1580297919999793	32.49560200578559	True	Stroma
Patient01	ROI05	17	234.508	9.03e-12	6709	6249	6739.68997522904	6232.80578467813	25.4533381258035	Patient01_TAACATACAATGTGGG-1	6740.176194476883	6232.962908712848	16.901290006998707	16.907900959201612	-0.4862192478431097	-0.1571240347175262	34.70053586690232	True	Stroma
Patient01	ROI05	18	82.4153	1.33e-11	6709	6249	6725.59961597586	6254.43158364613	12.8113123064303	Patient01_TAACATACAATGTGGG-1	6726.086693915178	6254.587450826609	16.75460230413726	16.76028586886116	-0.487077939318624	-0.1558671804787081	17.4656620673516	True	Stroma
Patient01	ROI05	19	91.6249	1.2e-11	6709	6249	6711.50925672267	6276.05738261414	19.9321394159634	Patient01_TAACATACAATGTGGG-1	6711.997193353474	6276.21199294037	16.61060620904714	16.61552623742739	-0.4879366308041426	-0.1546103262298857	27.17348566577769	True	Stroma
Patient01	ROI05	20	225.241	8.6e-12	6709	6249	6697.41889746949	6297.68318158215	36.7063182272482	Patient01_TAACATACAATGTGGG-1	6697.9076927917695	6297.836535054132	16.4693723222039	16.473697340556072	-0.4887953222796568	-0.1533534719819727	50.0417236392068	True	Stroma
Patient01	ROI05	40	73.8	7.6e-12	6709	6249	6732.66354503056	6290.92817694397	35.3150014153823	Patient01_TAACATACAATGTGGG-1	6733.150252101493	6291.081881512919	16.4932367787818	16.497666826646675	-0.4867070709324252	-0.153704568948342	48.144941429585735	True	Stroma
Patient01	ROI05	41	48.5145	8.38e-12	6709	6249	6746.75390428375	6269.30237797596	31.4432493636744	Patient01_TAACATACAATGTGGG-1	6747.239752663198	6269.457339399157	16.637498214569423	16.642716323156346	-0.4858483794478161	-0.1549614231971645	42.86658185749442	True	Stroma
Patient01	ROI05	42	23.5452	8.32e-12	6709	6249	6760.84426353693	6247.67657900795	38.0408950149976	Patient01_TAACATACAATGTGGG-1	6761.329253224902	6247.832797285396	16.784465437771544	16.790636220345736	-0.4849896879713924	-0.156218277445987	51.861152173942926	True	Stroma
Patient01	ROI05	22	525.37	1.21e-11	6707	6387	6669.23817896312	6340.93477951816	43.6915953026455	Patient01_TAGCGTTGGGTCTTAC-1	6669.728691668361	6341.085619281654	16.195478819021574	16.199138077508966	-0.4905127052406897	-0.1508397634934226	59.56475187610429	True	Stroma
Patient01	ROI05	23	212.431	1.21e-11	6707	6387	6655.14781970994	6362.56057848617	42.0472869170571	Patient01_TAGCGTTGGGTCTTAC-1	6655.639191106657	6362.710161395416	16.06296540530535	16.06656319561068	-0.4913713967162039	-0.1495829092455096	57.323066254026365	True	Stroma
Patient01	ROI05	24	844.927	2.83e-11	6707	6387	6641.05746045675	6384.18637745417	48.413803109222	Patient01_TAGCGTTGGGTCTTAC-1	6641.549690544953	6384.3347035091765	15.933506420113655	15.93722979579002	-0.492230088202632	-0.1483260550066916	66.00253777881186	True	Stroma
Patient01	ROI05	35	63.1968	8.7e-12	6707	6387	6662.21174876464	6399.057171784	34.0224352913126	Patient01_TAGCGTTGGGTCTTAC-1	6662.702749292971	6399.2045920817245	15.815059574448613	15.818184598324793	-0.4910005283309147	-0.1474202977242384	46.38278603265019	True	Stroma
Patient01	ROI05	36	240.275	7.81e-12	6707	6387	6676.30210801783	6377.431372816	23.5858680781644	Patient01_TAGCGTTGGGTCTTAC-1	6676.792249854676	6377.580049967964	15.944697167919676	15.947716105202073	-0.4901418368463055	-0.148677151963966	32.1546139509619	True	Stroma
Patient01	ROI05	37	304.245	1.17e-11	6707	6387	6690.39246727101	6355.80557384799	25.9222568513562	Patient01_TAGCGTTGGGTCTTAC-1	6690.88175041638	6355.955507854202	16.077408746532498	16.080509822094527	-0.4892831453698818	-0.149934006211879	35.33981276545894	True	Stroma
Patient01	ROI05	38	133.199	6.94e-12	6707	6387	6704.48282652419	6334.17977487998	38.7883588845016	Patient01_TAGCGTTGGGTCTTAC-1	6704.971250978084	6334.330965740441	16.213118824661716	16.216485608347767	-0.4884244538934581	-0.1511908604607015	52.88016966724781	True	Stroma
Patient01	ROI05	50	340.598	9.17e-12	6707	6387	6739.72747408526	6327.4247702418	49.858986296814	Patient01_TAGCGTTGGGTCTTAC-1	6740.213810287807	6327.576312199228	16.236338824879148	16.239723901155966	-0.486336202547136	-0.1515419574279803	67.97275601844989	True	Stroma
Patient01	ROI05	51	56.1073	9.5e-12	6707	6387	6725.63711483208	6349.05056920981	31.0121413027273	Patient01_TAGCGTTGGGTCTTAC-1	6726.124309726103	6349.20085431299	16.09748660389494	16.100404815621328	-0.4871948940226502	-0.1502851031791579	42.27885223801069	True	Stroma
Patient01	ROI05	52	167.211	1.15e-11	6707	6387	6711.5467555789	6370.67636817782	12.4294191027925	Patient01_TAGCGTTGGGTCTTAC-1	6712.034809164398	6370.825396426751	15.961575651607289	15.964206846846574	-0.4880535854981644	-0.1490282489303354	16.94502706283879	True	Stroma
Patient01	ROI05	53	232.567	1e-11	6707	6387	6697.45639632571	6392.30216714582	8.00819378533578	Patient01_TAGCGTTGGGTCTTAC-1	6697.945308602693	6392.449938540512	15.828681732680543	15.831210549160122	-0.4889122769836831	-0.1477713946924268	10.917570587550216	True	Stroma
Patient01	ROI05	54	825.986	1.37e-11	6707	6387	6683.36603707253	6413.92796611383	26.2806969769104	Patient01_TAGCGTTGGGTCTTAC-1	6683.855808040989	6414.074480654273	15.698881466528547	15.70149728005865	-0.4897709684591973	-0.1465145404436043	35.82847418861967	True	Stroma
Patient01	ROI05	55	103.98	1.01e-11	6707	6387	6669.27567781934	6435.55376508184	45.1012422988435	Patient01_TAGCGTTGGGTCTTAC-1	6669.766307479285	6435.699022768034	15.572252213435243	15.57514906511186	-0.4906296599456254	-0.1452576861947818	61.486523626016805	True	Stroma
Patient01	ROI05	65	656.065	1.36e-11	6707	6387	6704.52032538041	6428.79876044366	30.7138913656422	Patient01_TAGCGTTGGGTCTTAC-1	6705.008866789009	6428.944369226821	15.585022833158384	15.587220794960404	-0.4885414085983939	-0.1456087831611512	41.87224809877704	True	Stroma
Patient01	ROI05	66	35.4683	7.44e-12	6707	6387	6718.6106846336	6407.17296147565	17.0730290573766	Patient01_TAGCGTTGGGTCTTAC-1	6719.098367350713	6407.3198271130605	15.714968993463636	15.71709859858692	-0.4876827171128752	-0.1468656374108832	23.275660513913454	True	Stroma
Patient01	ROI05	67	34.2428	9.46e-12	6707	6387	6732.70104388678	6385.54716250765	18.8821788198735	Patient01_TAGCGTTGGGTCTTAC-1	6733.187867912417	6385.6952849993	15.848028584467064	15.85028033775664	-0.4868240256364515	-0.1481224916497012	25.74207438512629	True	Stroma
Patient01	ROI05	68	79.1106	8.64e-12	6707	6387	6746.79140313997	6363.92136353964	33.7414906338681	Patient01_TAGCGTTGGGTCTTAC-1	6747.277368474121	6364.070742885537	15.984123853241176	15.986683439480544	-0.4859653341518424	-0.1493793458967047	45.99977418115268	True	Stroma
Patient01	ROI05	81	406.7	1.1e-11	6707	6387	6767.94569144785	6378.79215786947	45.1081215636174	Patient01_TAGCGTTGGGTCTTAC-1	6768.43042722214	6378.940631458086	15.873079197248709	15.875372184222575	-0.4847357742901295	-0.1484735886151611	61.4959021276718	True	Stroma
Patient01	ROI05	82	480.473	1.5e-11	6707	6387	6753.85533219467	6400.41795683747	35.7505531918897	Patient01_TAGCGTTGGGTCTTAC-1	6754.340926660436	6400.565173571847	15.736817028846318	15.738781901665504	-0.4855944657656437	-0.147216734376343	48.73872916649661	True	Stroma
Patient01	ROI05	83	197.866	9.48e-12	6707	6387	6739.76497294149	6422.04375580548	35.1904054178438	Patient01_TAGCGTTGGGTCTTAC-1	6740.251426098732	6422.1897156856085	15.60360929367791	15.605432762013178	-0.4864531572420674	-0.1459598801284301	47.975079706141926	True	Stroma
Patient01	ROI05	84	970.255	1.83e-11	6707	6387	6725.6746136883	6443.66955477349	43.7667724516715	Patient01_TAGCGTTGGGTCTTAC-1	6726.161925537027	6443.814257799369	15.473534876466411	15.475408550734604	-0.4873118487266765	-0.1447030258796076	59.66724088335924	True	Stroma
Patient01	ROI05	44	516.31	1.69e-11	6831	6182	6789.0249820433	6204.42498107194	34.9077421118161	Patient01_ATTAGGCGATGCTTTC-1	6789.50825434831	6204.583713057873	17.08623667736581	17.09478772516913	-0.4832723050103595	-0.1587319859327181	47.58972482103843	True	Stroma
Patient01	ROI05	45	253.715	1.3e-11	6831	6182	6810.17927035118	6219.29577540177	31.3312584149342	Patient01_ATTAGGCGATGCTTTC-1	6810.661313096329	6219.453601630422	16.972139013730157	16.98038724216767	-0.4820427451486466	-0.1578262286520839	42.71390459708062	True	Stroma
Patient01	ROI05	74	469.862	1.56e-11	6831	6182	6831.33355865907	6234.1665697316	38.2657053661541	Patient01_ATTAGGCGATGCTTTC-1	6831.814371844348	6234.32349020297	16.860213790489183	16.868245814117568	-0.4808131852778388	-0.1569204713696308	52.16763612567616	True	Stroma
Patient01	ROI05	61	298.883	1.26e-11	6704	6525	6648.15888836768	6515.30195631569	41.5733846768784	Patient01_TGCTGTTGAAGAACTC-1	6648.650864542191	6515.442537681867	15.097951504072102	15.102421293705428	-0.4919761745104551	-0.1405813661767752	56.67699532999215	True	Stroma
Patient01	ROI05	62	25.467	7.64e-12	6704	6525	6662.24924762086	6493.67615734768	38.2857098268447	Patient01_TGCTGTTGAAGAACTC-1	6662.740365103895	6493.817995568105	15.21465314104604	15.218246168851536	-0.4911174830349409	-0.1418382204255976	52.194908206946685	True	Stroma
Patient01	ROI05	63	60.979	7.9e-12	6704	6525	6676.33960687405	6472.05035837967	43.8194933541805	Patient01_TGCTGTTGAAGAACTC-1	6676.829865665599	6472.193453454343	15.334785508068824	15.337710590563272	-0.4902587915485128	-0.1430950746735106	59.73911528976202	True	Stroma
Patient01	ROI05	86	127.974	9.1e-12	6704	6525	6697.49389518193	6486.9211527095	28.3361413761942	Patient01_TGCTGTTGAAGAACTC-1	6697.982924413618	6487.063342026891	15.223105337594037	15.22567346949768	-0.4890292316877094	-0.1421893173910575	38.63066153817329	True	Stroma
Patient01	ROI05	88	34.3165	1.08e-11	6704	6525	6669.31317667557	6530.17275064552	25.724639846688	Patient01_TGCTGTTGAAGAACTC-1	6669.80392329021	6530.312426254415	14.986172754848766	14.990258307015283	-0.4907466146405568	-0.1396756088952315	35.070401502990755	True	Stroma
Patient01	ROI05	89	209.435	1.33e-11	6704	6525	6655.22281742238	6551.79854961352	40.8230562910718	Patient01_TGCTGTTGAAGAACTC-1	6655.714422728505	6551.936968368176	14.872970832593436	14.878134733159625	-0.4916053061251659	-0.1384187546564135	55.65407264162027	True	Stroma
Patient01	ROI05	90	116.126	1.11e-11	6704	6525	6676.37710573027	6566.66934394335	36.671007638452	Patient01_TGCTGTTGAAGAACTC-1	6676.867481476524	6566.806856940724	14.763697213034384	14.768563407182295	-0.4903757462534486	-0.1375129973739604	49.9935847134999	True	Stroma
Patient01	ROI05	91	40.2807	7.57e-12	6704	6525	6690.46746498345	6545.04354497534	17.7394203901793	Patient01_TGCTGTTGAAGAACTC-1	6690.956982038228	6545.182314826963	14.876891325482935	14.880690229813316	-0.4895170547779344	-0.1387698516227828	24.184151817929347	True	Stroma
Patient01	ROI05	92	132.199	9.13e-12	6704	6525	6704.55782423664	6523.41774600734	1.23062088300013	Patient01_TGCTGTTGAAGAACTC-1	6705.0464825999325	6523.557772713202	14.993648035598486	14.99659563035137	-0.4886583632924157	-0.1400267058625104	1.677705449795197	True	Stroma
Patient01	ROI05	93	72.6863	8.25e-12	6704	6525	6718.64818348982	6501.79194703933	20.1306973836959	Patient01_TGCTGTTGAAGAACTC-1	6719.135983161637	6501.93323059944	15.11388477902653	15.116192690813426	-0.4877996718169015	-0.1412835601104234	27.44417974319357	True	Stroma
Patient01	ROI05	94	223.942	8.6e-12	6704	6525	6732.73854274301	6480.16614807132	39.0624971547942	Patient01_TGCTGTTGAAGAACTC-1	6733.225483723341	6480.308688485678	15.237519174888009	15.239394496247003	-0.4869409803313829	-0.1425404143583364	53.25390237113712	True	Stroma
Patient01	ROI05	116	104.538	9.7e-12	6704	6525	6739.80247179771	6516.66274136916	26.9642764598606	Patient01_TGCTGTTGAAGAACTC-1	6740.289041909656	6516.803119171988	15.007177534802985	15.009324193913065	-0.4865701119460937	-0.1403778028279703	36.76039809772604	True	Stroma
Patient01	ROI05	118	46.4055	7.38e-12	6704	6525	6711.62175329134	6559.91433930517	26.213281654628	Patient01_TGCTGTTGAAGAACTC-1	6712.110040786247	6560.052203399511	14.770162647563744	14.77377479679548	-0.4882874949071265	-0.1378640943412392	35.73656687974634	True	Stroma
Patient01	ROI05	121	19.6427	7.56e-12	6704	6525	6732.77604159923	6574.785133635	42.1794309257225	Patient01_TGCTGTTGAAGAACTC-1	6733.263099534265	6574.922091972059	14.666042452343587	14.669570007445484	-0.4870579350354092	-0.1369583370587861	57.50321818103272	True	Stroma
Patient01	ROI05	122	55.012	8.98e-12	6704	6525	6746.86640085241	6553.15933466699	37.620604909019	Patient01_TGCTGTTGAAGAACTC-1	6747.35260009597	6553.297549858298	14.78277519416666	14.785475110708196	-0.4861992435598949	-0.1382151913085181	51.28817067245661	True	Stroma
Patient01	ROI05	123	64.3887	1.04e-11	6704	6525	6760.9567601056	6531.53353569899	42.0525693821593	Patient01_TGCTGTTGAAGAACTC-1	6761.442100657674	6531.673007744536	14.90303759176969	14.905124168429928	-0.4853405520743763	-0.1394720455464266	57.33026783869758	True	Stroma
Patient01	ROI05	70	113.338	8.8e-12	6828	6320	6774.97212164633	6320.66976560362	38.8998077482425	Patient01_CTAGTCACGTCTTAAG-1	6775.45636959753	6320.821658658015	16.26511492177076	16.268827712969355	-0.4842479511999045	-0.1518930543943497	53.03210790318801	True	Stroma
Patient01	ROI05	71	52.3207	9.88e-12	6828	6320	6789.06248089952	6299.04396663562	32.4349834331015	Patient01_CTAGTCACGTCTTAAG-1	6789.545870159234	6299.197116544254	16.40986002802577	16.41440837513528	-0.4833892597143858	-0.1531499086340773	44.21861291435177	True	Stroma
Patient01	ROI05	72	90.0282	6.49e-12	6828	6320	6803.1528401527	6277.41816766761	36.1630255257904	Patient01_CTAGTCACGTCTTAAG-1	6803.635370720939	6277.572574430493	16.55733960071764	16.56288959203851	-0.4825305682388716	-0.1544067628828997	49.30105269931922	True	Stroma
Patient01	ROI05	77	41.4976	9.36e-12	6828	6320	6824.30712846059	6292.28896199744	20.5061378501959	Patient01_CTAGTCACGTCTTAAG-1	6824.7884294689575	6292.442463003041	16.447128416357813	16.45250159563323	-0.4813010083671543	-0.1535010056004466	27.95601773117712	True	Stroma
Patient01	ROI05	78	305.457	1.11e-11	6828	6320	6810.21676920741	6313.91476096545	13.7868183565161	Patient01_CTAGTCACGTCTTAAG-1	6810.6989289072535	6314.067005116802	16.299417688034012	16.30376563224766	-0.482159699843578	-0.1522441513516241	18.79556946543875	True	Stroma
Patient01	ROI05	99	149.504	1.17e-11	6828	6320	6803.19033900892	6372.03715323129	42.2862201518593	Patient01_CTAGTCACGTCTTAAG-1	6803.672986531863	6372.185977916873	15.903806618499496	15.906457589865123	-0.4826475229428979	-0.14882468558244	57.6488039330313	True	Stroma
Patient01	ROI05	100	171.323	8.68e-12	6828	6320	6817.28069826211	6350.41135426328	23.6523253252894	Patient01_CTAGTCACGTCTTAAG-1	6817.762487093568	6350.561435803111	16.046127794849994	16.049486885570815	-0.4817888314582887	-0.150081539830353	32.245215115962274	True	Stroma
Patient01	ROI05	101	253.801	1.16e-11	6828	6320	6831.37105751529	6328.78555529528	6.90244371749521	Patient01_CTAGTCACGTCTTAAG-1	6831.851987655272	6328.93689368935	16.19128825176655	16.19552801556516	-0.480930139981865	-0.1513383940700805	9.410101520058625	True	Stroma
Patient01	ROI05	112	104.098	1.09e-11	6826	6459	6796.16390881044	6430.15954549713	30.4383157941648	Patient01_GTCATTAGAGCGAACG-1	6796.647044156473	6430.304950716944	15.521600205184724	15.523277390811272	-0.4831353460331229	-0.1454052198132558	41.49655592219462	True	Stroma
Patient01	ROI05	113	175.917	1.17e-11	6826	6459	6782.07354955726	6451.78534446514	32.6523799924945	Patient01_GTCATTAGAGCGAACG-1	6782.5575435947685	6451.9294928307045	15.388152273674928	15.38965125115504	-0.4839940375086371	-0.1441483655644333	44.51498964377269	True	Stroma
Patient01	ROI05	114	55.3618	9.5e-12	6826	6459	6767.98319030408	6473.41114343315	43.8493777308333	Patient01_GTCATTAGAGCGAACG-1	6768.4680430330645	6473.5540349444655	15.257877757379298	15.25939227142413	-0.4848527289841513	-0.1428915113156108	59.77985666044517	True	Stroma
Patient01	ROI05	125	43.4508	8.53e-12	6826	6459	6789.13747861196	6488.28193776297	34.531911603947	Patient01_GTCATTAGAGCGAACG-1	6789.621101781083	6488.4239235170135	15.15381275065397	15.155296680465984	-0.4836231691224384	-0.1419857540431621	47.07735508966217	True	Stroma
Patient01	ROI05	126	284.73	1.74e-11	6826	6459	6803.22783786515	6466.65613879497	17.622484929148	Patient01_GTCATTAGAGCGAACG-1	6803.710602342787	6466.7993814032525	15.284157329785437	15.285642159969276	-0.4827644776369197	-0.1432426082828897	24.02473370390894	True	Stroma
Patient01	ROI05	127	100.176	7.69e-12	6826	6459	6817.31819711833	6445.03033982696	12.0645840604379	Patient01_GTCATTAGAGCGAACG-1	6817.800102904492	6445.174839289492	15.417695530606752	15.419376031254712	-0.4819057861614055	-0.1444994625317122	16.44764744960184	True	Stroma
Patient01	ROI05	128	61.0298	8.57e-12	6826	6459	6831.40855637152	6423.40454085895	26.4094596582889	Patient01_GTCATTAGAGCGAACG-1	6831.889603466196	6423.55029717573	15.554345099053691	15.5564109075567	-0.4810470946758869	-0.1457563167796252	36.004016352152554	True	Stroma
Patient01	ROI05	129	79.5164	1.03e-11	6826	6459	6845.4989156247	6401.77874189095	44.342621570587	Patient01_GTCATTAGAGCGAACG-1	6845.979104027901	6401.925755061969	15.694024762294932	15.696660333879333	-0.4801884032003727	-0.1470131710184432	60.45229598718048	True	Stroma
Patient01	ROI05	140	201.942	8e-12	6826	6459	6866.65320393259	6416.64953622077	43.0607535376534	Patient01_GTCATTAGAGCGAACG-1	6867.132162775919	6416.795643634517	15.592851521122585	15.595627450215112	-0.4789588433286553	-0.146107413746904	58.704725297889496	True	Stroma
Patient01	ROI05	141	176.361	8.01e-12	6826	6459	6852.5628446794	6438.27533518878	24.7129703325755	Patient01_GTCATTAGAGCGAACG-1	6853.042662214215	6438.420185748278	15.453065363209664	15.455252978284236	-0.4798175348150835	-0.144850559497172	33.691192454398575	True	Stroma
Patient01	ROI05	142	12.019	7.59e-12	6826	6459	6838.47248542622	6459.90113415679	9.17259328135103	Patient01_GTCATTAGAGCGAACG-1	6838.953161652511	6460.04472786204	15.316327414644546	15.318112020106764	-0.4806762262905977	-0.143593705249259	12.504996420463849	True	Stroma
Patient01	ROI05	143	224.474	1.19e-11	6826	6459	6824.38212617303	6481.52693312479	16.5663873481665	Patient01_GTCATTAGAGCGAACG-1	6824.863661090806	6481.6692699758005	15.182720033599397	15.184292188944132	-0.4815349177761163	-0.142336851010441	22.584955871746967	True	Stroma
Patient01	ROI05	155	74.0151	8.46e-12	6826	6459	6831.44605522774	6518.02352642263	43.4785047887897	Patient01_GTCATTAGAGCGAACG-1	6831.9272192771205	6518.16370066211	14.95347176033003	14.955202931116457	-0.4811640493808227	-0.1401742394800749	59.27424557855231	True	Stroma
Patient01	ROI05	156	76.1236	7.3e-12	6826	6459	6845.53641448092	6496.39772745462	30.9492740342737	Patient01_GTCATTAGAGCGAACG-1	6846.016719838824	6496.539158548349	15.083891984792476	15.08565493248392	-0.480305357904399	-0.1414310937298069	42.19314529091557	True	Stroma
Patient01	ROI05	157	156.372	2.26e-11	6826	6459	6859.6267737341	6474.77192848662	27.2440434819508	Patient01_GTCATTAGAGCGAACG-1	6860.106220400529	6474.914616434588	15.217546547452788	15.2195380006751	-0.4794466664288848	-0.1426879479677154	37.14180447893499	True	Stroma
Patient01	ROI05	158	37.0317	9.86e-12	6826	6459	6873.71713298729	6453.14612951861	35.263598861466	Patient01_GTCATTAGAGCGAACG-1	6874.195720962233	6453.2900743208265	15.354350987000537	15.356762397944602	-0.4785879749433661	-0.1439448022165379	48.07486432783352	True	Stroma
Patient01	ROI05	137	26.4412	7.53e-12	6947	6392	6908.92428169214	6351.77213931675	40.6292824046729	Patient01_AAGACTGCAAGCTACT-1	6909.400664461033	6351.922017293233	16.029693123664238	16.03529299641295	-0.4763827688930178	-0.1498779764824576	55.38990070229841	True	Stroma
Patient01	ROI05	138	198.755	1.05e-11	6947	6392	6894.83392243895	6373.39793828476	40.6246157138908	Patient01_AAGACTGCAAGCTACT-1	6895.311163899329	6373.546559406994	15.881244750314256	15.885732088730633	-0.4772414603785364	-0.1486211222336351	55.38353860275689	True	Stroma
Patient01	ROI05	161	113.256	8.16e-12	6947	6392	6915.98821074684	6388.26873261459	22.9116492900924	Patient01_AAGACTGCAAGCTACT-1	6916.464222647347	6388.416447979543	15.782835072159248	15.78760170549062	-0.4760119005068191	-0.1477153649530009	31.23545147718894	True	Stroma
Patient01	ROI05	162	57.4175	7.89e-12	6947	6392	6930.07857000002	6366.64293364658	22.3609464082328	Patient01_AAGACTGCAAGCTACT-1	6930.553723209051	6366.791905865781	15.931416678861876	15.937315668825846	-0.4751532090313048	-0.1489722192009139	30.484678238354174	True	Stroma
Patient01	ROI05	163	39.7372	7.38e-12	6947	6392	6944.16892925321	6345.01713467858	34.5251116257363	Patient01_AAGACTGCAAGCTACT-1	6944.643223770756	6345.16736375202	16.082743474580557	16.089939590480384	-0.4742945175457862	-0.150229073439732	47.06808467936647	True	Stroma
Patient01	ROI05	165	63.7741	9.73e-12	6947	6392	6979.41357681428	6338.2621300404	46.0329069422157	Patient01_AAGACTGCAAGCTACT-1	6979.885783080478	6338.412710210807	16.141251570678534	16.150343229736116	-0.4722062661985546	-0.1505801704070108	62.756662034321934	True	Stroma
Patient01	ROI05	166	36.1737	9.28e-12	6947	6392	6965.3232175611	6359.8879290084	27.1194559564274	Patient01_AAGACTGCAAGCTACT-1	6965.796282518774	6360.037252324568	15.987117580730644	15.994732674513642	-0.4730649576740688	-0.1493233161681928	36.97195430540548	True	Stroma
Patient01	ROI05	167	19.1832	1.02e-11	6947	6392	6951.23285830791	6381.51372797641	8.29484289258311	Patient01_AAGACTGCAAGCTACT-1	6951.706781957069	6381.66179443833	15.835665461400346	15.841963969184516	-0.4739236491595875	-0.1480664619193703	11.308359315460388	True	Stroma
Patient01	ROI05	169	74.9589	9.51e-12	6947	6392	6923.05213980154	6424.76532591242	29.7689930186919	Patient01_AAGACTGCAAGCTACT-1	6923.527780833661	6424.910878665852	15.541119075384175	15.545285686897406	-0.4756410321215298	-0.1455527534317298	40.58406818238026	True	Stroma
Patient01	ROI05	190	70.0075	9.52e-12	6947	6392	6944.20642810943	6439.63612024225	35.001806666954	Patient01_AAGACTGCAAGCTACT-1	6944.680839581681	6439.7807672384	15.447779046069732	15.452411783444294	-0.474411472250722	-0.1446469961492766	47.71796302905146	True	Stroma
Patient01	ROI05	191	58.7503	1.01e-11	6947	6392	6958.29678736261	6418.01032127425	20.8007137410449	Patient01_AAGACTGCAAGCTACT-1	6958.770340143385	6418.156225124638	15.593705187214834	15.59933595132241	-0.4735527807742983	-0.1459038503880947	28.35761304316211	True	Stroma
Patient01	ROI05	192	49.331	8.93e-12	6947	6392	6972.3871466158	6396.38452230624	18.8975149620543	Patient01_AAGACTGCAAGCTACT-1	6972.859840705089	6396.531683010877	15.742485549253558	15.749285586979056	-0.4726940892887796	-0.1471607046369172	25.76298214776445	True	Stroma
Patient01	ROI05	193	154.212	1.05e-11	6947	6392	6986.47750586898	6374.75872333823	31.5985064324777	Patient01_AAGACTGCAAGCTACT-1	6986.9493412667925	6374.907140897116	15.894039979320866	15.902175104656209	-0.4718353978123559	-0.1484175588857397	43.07824381939284	True	Stroma
Patient01	ROI05	197	9.27168	6.52e-12	6947	6392	6993.54143492369	6411.25531663607	36.9451875574763	Patient01_AAGACTGCAAGCTACT-1	6994.012899453107	6411.401571583425	15.651922865409412	15.65932798767748	-0.4714645294170623	-0.1462549473544641	50.36737419710685	True	Stroma
Patient01	ROI05	198	29.9998	9.14e-12	6947	6392	6979.4510756705	6432.88111560407	38.2859169903331	Patient01_AAGACTGCAAGCTACT-1	6979.923398891403	6433.026113697187	15.503078788452491	15.50929763132248	-0.4723232209025809	-0.1449980931165555	52.19519063291069	True	Stroma
Patient01	ROI05	151	63.4531	9.39e-12	6823	6597	6775.084618215	6604.52672229466	35.5775997707864	Patient01_CCAGCCTGGACCAATA-1	6775.569217030303	6604.661869117155	14.465851400123588	14.46952509226253	-0.4845988153028884	-0.1351468224947893	48.5029417675182	True	Stroma
Patient01	ROI05	152	31.1149	6.86e-12	6823	6597	6789.17497746818	6582.90092332665	26.8802316788768	Patient01_CCAGCCTGGACCAATA-1	6789.658717592007	6583.037327003393	14.582474182385178	14.585341878168556	-0.4837401238264647	-0.1364036767436118	36.64581984782334	True	Stroma
Patient01	ROI05	153	53.1423	7.88e-12	6823	6597	6803.26533672137	6561.27512435864	29.9371218086848	Patient01_CCAGCCTGGACCAATA-1	6803.748218153712	6561.412784889632	14.702676478196398	14.70495498773848	-0.4828814323418555	-0.1376605309924343	40.81327816178897	True	Stroma
Patient01	ROI05	154	52.277	7.11e-12	6823	6597	6817.35569597455	6539.64932539064	42.2707798211012	Patient01_CCAGCCTGGACCAATA-1	6817.8377187154165	6539.788242775871	14.826371226911707	14.82827255147029	-0.4820227408663413	-0.1389173852312524	57.62775413010979	True	Stroma
Patient01	ROI05	175	168.991	9.98e-12	6823	6597	6838.50998428244	6554.52011972047	33.1715543984512	Patient01_CCAGCCTGGACCAATA-1	6838.990777463434	6554.658131348419	14.73021811377799	14.732387908555957	-0.4807931809937145	-0.1380116279497087	45.22278011140815	True	Stroma
Patient01	ROI05	176	85.7095	9.29e-12	6823	6597	6824.41962502926	6576.14591868847	15.3321685501809	Patient01_CCAGCCTGGACCAATA-1	6824.90127690173	6576.282673462181	14.60656393142184	14.609098609708466	-0.4816518724701382	-0.1367547737108907	20.902345384467985	True	Stroma
Patient01	ROI05	177	205.405	6.93e-12	6823	6597	6810.32926577607	6597.77171765648	9.31138663738932	Patient01_CCAGCCTGGACCAATA-1	6810.811776340026	6597.907215575942	14.486426056107153	14.489538745906335	-0.4825105639556568	-0.1354979194620682	12.694213402759	True	Stroma
Patient01	ROI05	178	26.0987	8.21e-12	6823	6597	6796.23890652289	6619.39751662449	25.5974922050744	Patient01_CCAGCCTGGACCAATA-1	6796.722275778321	6619.531757689703	14.369892681175935	14.3738013806707	-0.483369255431171	-0.1342410652132457	34.89706112317954	True	Stroma
Patient01	ROI05	179	12.0591	7.31e-12	6823	6597	6782.1485472697	6641.02331559249	44.0529732331978	Patient01_CCAGCCTGGACCAATA-1	6782.632775216616	6641.156299803465	14.257052193601368	14.261979574159254	-0.4842279469157802	-0.1329842109753372	60.05741840881819	True	Stroma
Patient01	ROI05	181	34.0231	8.28e-12	6823	6597	6817.39319483078	6634.26831095431	27.6444708344198	Patient01_CCAGCCTGGACCAATA-1	6817.87533452634	6634.401646262252	14.276766512756634	14.281020912122283	-0.4821396955603632	-0.1333353079417065	37.68770708855565	True	Stroma
Patient01	ROI05	182	151.229	1.17e-11	6823	6597	6831.48355408396	6612.64251198631	13.0528213769842	Patient01_CCAGCCTGGACCAATA-1	6831.964835088044	6612.77710414849	14.393186371731236	14.396654155092133	-0.4812810040839395	-0.1345921621805246	17.79491138323887	True	Stroma
Patient01	ROI05	183	31.9783	7.51e-12	6823	6597	6845.57391333714	6591.0167130183	17.1300519993932	Patient01_CCAGCCTGGACCAATA-1	6846.054335649749	6591.152562034729	14.513235738322347	14.516136042732033	-0.4804223126093347	-0.1358490164293471	23.353399890767133	True	Stroma
Patient01	ROI05	206	187.134	7.58e-12	6823	6597	6866.72820164503	6605.88750734813	32.7310422892447	Patient01_CCAGCCTGGACCAATA-1	6867.207394397768	6606.022450607277	14.422745950848617	14.426123230451386	-0.4791927527376174	-0.1349432591468939	44.62222995292221	True	Stroma
Patient01	ROI05	208	70.9113	8.27e-12	6823	6597	6838.54748313866	6649.13910528414	39.9089098702153	Patient01_CCAGCCTGGACCAATA-1	6839.028393274359	6649.2715348348	14.186528677031056	14.191241414341604	-0.4809101356986502	-0.1324295506601629	54.40781682605499	True	Stroma
Patient01	ROI05	212	30.3475	7.83e-12	6823	6597	6873.79213069973	6642.38410064596	49.9628068851156	Patient01_CCAGCCTGGACCAATA-1	6874.270952584082	6642.516881293586	14.215351715509811	14.21986757055754	-0.4788218843523282	-0.1327806476265323	68.11429462646599	True	Stroma
Patient01	ROI05	188	134.659	9.31e-12	6944	6530	6916.02570960306	6482.88771817827	40.1904778096734	Patient01_ATGGAGCAGGCCGTGA-1	6916.501838458271	6483.029851465923	15.164817401352098	15.1679897176155	-0.4761288552108453	-0.1421332876525411	54.79167839793228	True	Stroma
Patient01	ROI05	201	113.787	1.21e-11	6944	6530	6937.17999791095	6497.7585125081	24.1728949904654	Patient01_ATGGAGCAGGCCGTGA-1	6937.654897206289	6497.899740038471	15.074097461815892	15.07781038733053	-0.474899295339128	-0.1412275303709975	32.95490774050229	True	Stroma
Patient01	ROI05	202	40.4911	7.71e-12	6944	6530	6923.08963865777	6519.3843114761	17.2014343376814	Patient01_ATGGAGCAGGCCGTGA-1	6923.565396644585	6519.524282152232	14.93723401426751	14.940481076298644	-0.4757579868155517	-0.13997067613127	23.450715432564028	True	Stroma
Patient01	ROI05	203	198.043	1.03e-11	6944	6530	6908.99927940458	6541.01011044411	26.9138067122644	Patient01_ATGGAGCAGGCCGTGA-1	6909.47589608288	6541.1488242659925	14.80357900977878	14.806554146292733	-0.4766166783001608	-0.1387138218824475	36.69159269083513	True	Stroma
Patient01	ROI05	204	48.3446	6.69e-12	6944	6530	6894.9089201514	6562.63590941212	43.2402566786413	Patient01_ATGGAGCAGGCCGTGA-1	6895.386395521176	6562.773366379754	14.673220123532603	14.676122742872986	-0.4774753697765845	-0.1374569676345345	58.949441929994	True	Stroma
Patient01	ROI05	215	431.103	5.08e-11	6944	6530	6916.06320845928	6577.50670374194	40.4255625722866	Patient01_ATGGAGCAGGCCGTGA-1	6916.539454269196	6577.643254952303	14.585414657650045	14.588928620721296	-0.4762458099157811	-0.1365512103629953	55.11216945479592	True	Stroma
Patient01	ROI05	216	141.314	1.32e-11	6944	6530	6930.15356771247	6555.88090477394	21.5301734237894	Patient01_ATGGAGCAGGCCGTGA-1	6930.6289548309	6556.018712838541	14.715702874881226	14.719301303201629	-0.475387118429353	-0.1378080646018133	29.35208542865186	True	Stroma
Patient01	ROI05	217	117.831	1.09e-11	6944	6530	6944.24392696565	6534.25510580593	3.12630507934529	Patient01_ATGGAGCAGGCCGTGA-1	6944.718455392604	6534.39417072478	14.849307972464208	14.853191091118443	-0.4745284269538388	-0.1390649188497263	4.262091714666487	True	Stroma
Patient01	ROI05	218	78.2597	8.62e-12	6944	6530	6958.33428621884	6512.62930683792	16.5197565556492	Patient01_ATGGAGCAGGCCGTGA-1	6958.807955954308	6512.769628611019	14.986141238274008	14.990503744205604	-0.4736697354683201	-0.1403217730985488	22.521384112322284	True	Stroma
Patient01	ROI05	219	11.1227	6.77e-12	6944	6530	6972.42464547202	6491.00350786992	35.39680899862	Patient01_ATGGAGCAGGCCGTGA-1	6972.897456516012	6491.145086497258	15.126115064979876	15.131146076940738	-0.4728110439928059	-0.1415786273373669	48.25646970781617	True	Stroma
Patient04	ROI01	64	91.4229	1.10641e-11	5595	5557	5651.95275483436	5584.52599630735	46.3990347894422	Patient04_TCGTGTACTATGGATG-1	5651.95275286608	5584.525990560882	11.043637835012095	11.032134485286624	1.9682802303577773e-06	5.746468559664208e-06	63.255804128435706	True	Stroma
Patient04	ROI01	73	55.9975	1.94626e-11	5595	5557	5653.78525214472	5525.49830637387	48.9208516802088	Patient04_TCGTGTACTATGGATG-1	5653.785250139875	5525.498300661684	10.780410296736571	10.77651731025118	2.004845555347856e-06	5.71218606637558e-06	66.69379709562875	True	Stroma
Patient04	ROI01	74	424.962	1.41463e-11	5595	5557	5641.14560963513	5548.96029888384	34.3583444741208	Patient04_TCGTGTACTATGGATG-1	5641.145607640296	5548.960293155589	10.9198978319975	10.912838458082568	1.994834747165441e-06	5.728250471292995e-06	46.84073102156948	True	Stroma
Patient04	ROI01	75	238.853	1.0561e-11	5595	5557	5628.50596712554	5572.42229139381	27.0556108899231	Patient04_TCGTGTACTATGGATG-1	5628.505965140717	5572.422285649496	11.114598735300236	11.103219427301203	1.984823029488325e-06	5.744313966715708e-06	36.88491432623073	True	Stroma
Patient04	ROI01	76	90.1876	1.12643e-11	5595	5557	5615.86632461594	5595.88428390378	32.3694372207894	Patient04_TCGTGTACTATGGATG-1	5615.866322641138	5595.884278143401	11.36167484671187	11.344938988550016	1.974802216864191e-06	5.760378371633124e-06	44.12925376309398	True	Stroma
Patient04	ROI01	77	538.586	1.41609e-11	5595	5557	5603.22668210635	5619.34627641375	46.1282884041181	Patient04_TCGTGTACTATGGATG-1	5603.22668014156	5619.346270637308	11.657796510844868	11.634797816102182	1.9647904991870746e-06	5.776441867055837e-06	62.88669558132864	True	Stroma
Patient04	ROI01	82	42.4662	1.05264e-11	5595	5557	5579.77989439753	5607.24257150021	38.5075261935884	Patient04_TCGTGTACTATGGATG-1	5579.779892416197	5607.242565725923	11.7247188548535	11.70192146444932	1.9813332983176224e-06	5.774287274107337e-06	52.49731045971826	True	Stroma
Patient04	ROI01	83	100.721	1.07757e-11	5595	5557	5592.41953690712	5583.78057899024	19.7349174816413	Patient04_TCGTGTACTATGGATG-1	5592.419534915775	5583.780573232016	11.432108757119831	11.415506860723298	1.9913450159947388e-06	5.758224688179325e-06	26.90461300272169	True	Stroma
Patient04	ROI01	84	714.62	1.38424e-11	5595	5557	5605.05917941671	5560.31858648026	7.76971699636701	Patient04_TCGTGTACTATGGATG-1	5605.0591774153545	5560.318580738111	11.188404843143124	11.177090335987812	2.0013558241771534e-06	5.742149369325489e-06	10.592455181143436	True	Stroma
Patient04	ROI01	85	188.851	1.34282e-11	5595	5557	5617.6988219263	5536.85659397029	22.2605969403173	Patient04_TCGTGTACTATGGATG-1	5617.698819914933	5536.856588244204	10.99685905719061	10.98979619624377	2.01136754185427e-06	5.726086783397477e-06	30.34787180873868	True	Stroma
Patient04	ROI01	86	162.149	1.04911e-11	5595	5557	5630.33846443589	5513.39460146032	41.169940366899	Patient04_TCGTGTACTATGGATG-1	5630.338462414511	5513.394595750297	10.860231544656656	10.856270678996832	2.021379259531386e-06	5.710022378480062e-06	56.12697970219872	True	Stroma
Patient04	ROI01	93	411.156	1.21626e-11	5595	5557	5606.89167672706	5501.29089654678	41.7840282985346	Patient04_TCGTGTACTATGGATG-1	5606.891674689148	5501.290890838912	10.942839746273863	10.938751169664394	2.0379120542202145e-06	5.707867785531562e-06	56.96416577939613	True	Stroma
Patient04	ROI01	94	463.892	1.72336e-11	5595	5557	5594.25203421747	5524.75288905675	23.6600779292421	Patient04_TCGTGTACTATGGATG-1	5594.25203218957	5524.752883332818	11.076614061059924	11.06948842704246	2.027900336543098e-06	5.723932190448977e-06	32.25578424094049	True	Stroma
Patient04	ROI01	95	91.8567	1.01343e-11	5595	5557	5581.61239170788	5548.21488156672	11.7455393286996	Patient04_TCGTGTACTATGGATG-1	5581.612389689991	5548.214875826724	11.26500023492692	11.253692348982629	2.0178895283606835e-06	5.7399956858716905e-06	16.01269376682118	True	Stroma
Patient04	ROI01	96	74.6139	9.13574e-12	5595	5557	5568.97274919829	5571.67687407669	21.9175783417201	Patient04_TCGTGTACTATGGATG-1	5568.972747190412	5571.67686832063	11.50531596342885	11.488791472526772	2.007878720178269e-06	5.756060090789106e-06	29.88023455326476	True	Stroma
Patient04	ROI01	97	605.563	2.55923e-11	5595	5557	5556.3331066887	5595.13886658666	39.8380085640331	Patient04_TCGTGTACTATGGATG-1	5556.333104690833	5595.138860814536	11.794387412407293	11.771736833508802	1.9978670025011525e-06	5.772123586211819e-06	54.31115707534192	True	Stroma
Patient04	ROI01	70	108.752	1.27456e-11	5662	5436	5691.70417967349	5455.11232884395	25.9089388263578	Patient04_ACCACGTGCAGCTATA-1	5691.70417763861	5455.112323179965	10.710544431601388	10.708477721092674	2.0348797988845035e-06	5.66398557566572e-06	35.32165630196699	True	Stroma
Patient04	ROI01	71	175.213	1.24726e-11	5662	5436	5679.0645371639	5478.57432135393	33.6440155451881	Patient04_ACCACGTGCAGCTATA-1	5679.064535139032	5478.57431567387	10.674879055333871	10.67352103495418	2.024868081207387e-06	5.680059985024855e-06	45.86688639275425	True	Stroma
Patient04	ROI01	72	316.882	1.24855e-11	5662	5436	5666.42489465431	5502.0363138639	48.5471996374756	Patient04_ACCACGTGCAGCTATA-1	5666.424892639454	5502.036308167777	10.698296012024436	10.696323107900731	2.0148563635302708e-06	5.696123480447568e-06	66.18439726577037	True	Stroma
Patient04	ROI01	87	530.524	2.95394e-11	5662	5436	5642.97810694548	5489.93260895035	41.9487999226071	Patient04_ACCACGTGCAGCTATA-1	5642.97810491409	5489.932603256391	10.780610519520208	10.778512246170576	2.031390067713801e-06	5.6939588830573484e-06	57.188798934485234	True	Stroma
Patient04	ROI01	89	225.838	1.84435e-11	5662	5436	5668.25739196466	5443.00862393041	6.89174669690461	Patient04_ACCACGTGCAGCTATA-1	5668.257389913248	5443.008618268579	10.796530590159035	10.794253763222624	2.051412593573332e-06	5.66183098271722e-06	9.395518271884246	True	Stroma
Patient04	ROI01	90	227.772	1.43465e-11	5662	5436	5644.81060425583	5430.90491901687	13.150893669341	Patient04_ACCACGTGCAGCTATA-1	5644.810602187884	5430.904913357193	10.885224527710776	10.882679352312012	2.067946297756862e-06	5.65967638976872e-06	17.92861333941747	True	Stroma
Patient04	ROI01	79	108.362	1.0477e-11	5529	5679	5577.94739708717	5666.27026143369	37.0979430830249	Patient04_GCGGAGAGGGAGAACG-1	5577.9473951424025	5666.270255625121	12.382527588928337	12.344814338436812	1.944767973327544e-06	5.808569767395966e-06	50.57562580508254	True	Stroma
Patient04	ROI01	80	93.3885	8.25615e-12	5529	5679	5554.50060937834	5654.16655652015	26.1092030222644	Patient04_GCGGAGAGGGAGAACG-1	5554.50060741704	5654.166550713735	12.44228745357626	12.404896847598884	1.961300768016372e-06	5.806415174447466e-06	35.59467648024912	True	Stroma
Patient04	ROI01	81	48.8324	1.36124e-11	5529	5679	5567.14025188793	5630.70456401018	45.1402078515078	Patient04_GCGGAGAGGGAGAACG-1	5567.140249916618	5630.704558219828	12.062676639381998	12.032907196417204	1.9713124856934883e-06	5.790351679024752e-06	61.53964536395716	True	Stroma
Patient04	ROI01	98	37.852	1.10155e-11	5529	5679	5543.69346417911	5618.60085909663	45.5957690607979	Patient04_GCGGAGAGGGAGAACG-1	5543.693462191255	5618.600853308442	12.128729007598713	12.09917217085956	1.987855284824036e-06	5.788187991129234e-06	62.16071196059378	True	Stroma
Patient04	ROI01	99	250.258	1.05325e-11	5529	5679	5531.05382166951	5642.0628516066	27.1357762790372	Patient04_GCGGAGAGGGAGAACG-1	5531.053819691676	5642.062845802349	12.5047100780376	12.46759266768638	1.977834472199902e-06	5.804250577057246e-06	36.99420380122013	True	Stroma
Patient04	ROI02	10	70.3887	7.61228e-12	5468	6042	5528.69479170217	6033.06839736693	44.9999570349288	Patient04_CTGGGTAGGCAGTTAA-1	5528.694789517113	6033.068391811439	10.857395281255156	10.854555141917915	2.1850564735359512e-06	5.555491043196525e-06	61.34844142571873	True	Stroma
Patient04	ROI02	11	85.6994	8.18575e-12	5468	6042	5515.99981172184	6056.51203944705	36.782513128748	Patient04_CTGGGTAGGCAGTTAA-1	5515.999809539053	6056.512033885649	10.886755020805277	10.884424910806644	2.182787284255028e-06	5.561400939768646e-06	50.14560014841608	True	Stroma
Patient04	ROI02	26	139.287	3.4752e-11	5468	6042	5467.4612822378	6090.79949103912	35.7973039775669	Patient04_CTGGGTAGGCAGTTAA-1	5467.461280051695	6090.799485473008	11.03629494403905	11.034632291824574	2.1861051209270954e-06	5.56611212232383e-06	48.80246451260887	True	Stroma
Patient04	ROI02	27	124.869	2.20292e-11	5468	6042	5480.15626221812	6067.355848959	20.6258914862476	Patient04_CTGGGTAGGCAGTTAA-1	5480.156260029756	6067.355843398798	10.986302895423616	10.98451624824262	2.1883643057663e-06	5.560201316257007e-06	28.11927786319006	True	Stroma
Patient04	ROI02	28	96.8472	8.29425e-12	5468	6042	5492.85124219845	6043.91220687888	18.2826245753358	Patient04_CTGGGTAGGCAGTTAA-1	5492.851240007814	6043.912201324587	10.94620997277496	10.94412016938018	2.1906353140366264e-06	5.5542932386742905e-06	24.92470208354839	True	Stroma
Patient04	ROI02	30	25.5805	7.80961e-12	5468	6042	5482.39765265539	6007.86873223059	27.1720837523261	Patient04_CTGGGTAGGCAGTTAA-1	5482.397650454637	6007.868726689314	10.97671862712848	10.974376020910578	2.2007525330991484e-06	5.541275641007815e-06	37.04370177955285	True	Stroma
Patient04	ROI02	31	63.5572	9.43265e-12	5468	6042	5469.70267267506	6031.31237431071	7.93838803296067	Patient04_CTGGGTAGGCAGTTAA-1	5469.702670476577	6031.312368763525	11.007515334240775	11.005629887781549	2.198483343818225e-06	5.547184628085233e-06	10.822404405342224	True	Stroma
Patient04	ROI02	32	26.4244	1.00766e-11	5468	6042	5457.00769269474	6054.75601639083	12.351534637458	Patient04_CTGGGTAGGCAGTTAA-1	5457.007690498517	6054.756010837735	11.048260138494914	11.04665248331472	2.1962232494843192e-06	5.553095434152056e-06	16.83884717124041	True	Stroma
Patient04	ROI02	33	10.3566	7.39239e-12	5468	6042	5444.31271271441	6078.19965847095	31.7324651651714	Patient04_CTGGGTAGGCAGTTAA-1	5444.312710520457	6078.199652911946	11.09884347948374	11.097335474302636	2.193953150708694e-06	5.559004421229474e-06	43.2608697596747	True	Stroma
Patient04	ROI02	46	83.6134	1.2737e-11	5468	6042	5421.16414319102	6065.59982590278	38.4696539204395	Patient04_CTGGGTAGGCAGTTAA-1	5421.164140989219	6065.599820350884	11.163182801188652	11.161794736725987	2.2018011804902926e-06	5.551895810640417e-06	52.44567918973678	True	Stroma
Patient04	ROI02	47	36.1107	8.19382e-12	5468	6042	5433.85912317135	6042.15618382266	25.0430822803665	Patient04_CTGGGTAGGCAGTTAA-1	5433.859120967279	6042.156178276673	11.112023040209037	11.110559268933802	2.204071279265918e-06	5.545986823562998e-06	34.14123407282634	True	Stroma
Patient04	ROI02	48	55.9242	8.01517e-12	5468	6042	5446.55410315168	6018.71254174254	23.2216321920765	Patient04_CTGGGTAGGCAGTTAA-1	5446.554100945339	6018.712536202462	11.07064036446998	11.068923817335504	2.2063404685468413e-06	5.540078745980281e-06	31.658051167463256	True	Stroma
Patient04	ROI02	49	61.4995	1.21473e-11	5468	6042	5459.249083132	5995.26889966242	34.8737575756756	Patient04_CTGGGTAGGCAGTTAA-1	5459.249080923399	5995.26889412825	11.03914472921889	11.036997026422677	2.208601472375449e-06	5.534169758902863e-06	47.54339370292786	True	Stroma
Patient04	ROI02	16	46.5037	7.53565e-12	5401	6164	5452.52491182021	6173.73024984765	38.462275748704	Patient04_GTTTGGCCCAAGTTAT-1	5452.524909648754	6173.730244256705	11.18202537243438	11.179562711315672	2.171455889765639e-06	5.590944965661038e-06	52.435620528206925	True	Stroma
Patient04	ROI02	17	118.466	7.69121e-12	5401	6164	5439.82993183988	6197.17389192777	37.4614771133751	Patient04_GTTTGGCCCAAGTTAT-1	5439.829929670695	6197.173886330915	11.269684621090958	11.266678783789336	2.1691857909900136e-06	5.596854862233158e-06	51.07123174865757	True	Stroma
Patient04	ROI02	20	16.9473	7.2237e-12	5401	6164	5391.29140235584	6231.46134351984	49.9936642085697	Patient04_GTTTGGCCCAAGTTAT-1	5391.291400183337	6231.461337918274	11.535140910321608	11.530633147438085	2.1725027181673795e-06	5.601566044788342e-06	68.15636241553705	True	Stroma
Patient04	ROI02	21	26.5927	8.39817e-12	5401	6164	5403.98638233616	6208.01770143972	32.3618357902312	Patient04_GTTTGGCCCAAGTTAT-1	5403.986380161396	6208.017695844064	11.429296723756286	11.425668386669074	2.1747646314906888e-06	5.5956561482162215e-06	44.11889073281531	True	Stroma
Patient04	ROI02	22	31.6263	7.4327e-12	5401	6164	5416.68136231649	6184.5740593596	18.9751654709136	Patient04_GTTTGGCCCAAGTTAT-1	5416.681360139456	6184.574053769853	11.332245479968678	11.329341422397851	2.177033820771612e-06	5.589747161138803e-06	25.868843086488788	True	Stroma
Patient04	ROI02	23	91.7404	8.01885e-12	5401	6164	5429.37634229682	6161.13041727948	20.920610120245	Patient04_GTTTGGCCCAAGTTAT-1	5429.3763401175165	6161.130411695642	11.244214862621057	11.24187429791802	2.179303919547237e-06	5.583838174061384e-06	28.521067776929893	True	Stroma
Patient04	ROI02	24	62.9458	8.01919e-12	5401	6164	5442.07132227714	6137.68677519936	35.7789531034388	Patient04_GTTTGGCCCAAGTTAT-1	5442.071320095576	6137.68676962143	11.165418235570913	11.163475268791508	2.181564013881143e-06	5.577930096478667e-06	48.77744676591526	True	Stroma
Patient04	ROI02	35	228.313	2.10212e-11	5401	6164	5418.92275275376	6125.08694263119	31.4253392347074	Patient04_GTTTGGCCCAAGTTAT-1	5418.922750564338	6125.086937060369	11.228968086617098	11.22713439657685	2.1894220481044613e-06	5.57082148588961e-06	42.84216497868291	True	Stroma
Patient04	ROI02	37	18.2678	7.67112e-12	5401	6164	5393.5327927931	6171.97422679143	8.01336980827981	Patient04_GTTTGGCCCAAGTTAT-1	5393.5327906082175	6171.9742212087895	11.396560312572632	11.393724834994956	2.1848827600479126e-06	5.582640369539149e-06	10.92462705962691	True	Stroma
Patient04	ROI02	38	328.251	8.86839e-12	5401	6164	5380.83781281278	6195.41786887155	27.3827495304657	Patient04_GTTTGGCCCAAGTTAT-1	5380.837810630159	6195.417863283001	11.493908936993355	11.490330611721804	2.1826208467246037e-06	5.588549356616568e-06	37.330902434878645	True	Stroma
Patient04	ROI02	39	96.8761	1.17076e-11	5401	6164	5368.14283283245	6218.86151095167	46.9069545188368	Patient04_GTTTGGCCCAAGTTAT-1	5368.142830652098	6218.861505357212	11.59999631834422	11.59552116981211	2.18035165744368e-06	5.5944583436939865e-06	63.948251095527056	True	Stroma
Patient04	ROI02	42	265.567	1.33393e-11	5401	6164	5370.38422326971	6159.37439422326	22.7119757093687	Patient04_GTTTGGCCCAAGTTAT-1	5370.38422107698	6159.374388647728	11.462599595133694	11.459800018676267	2.192729880334809e-06	5.575532668444794e-06	30.963236484592297	True	Stroma
Patient04	ROI02	43	307.114	1.20196e-11	5401	6164	5383.07920325004	6135.93075214314	24.4276510041465	Patient04_GTTTGGCCCAAGTTAT-1	5383.079201055039	6135.930746573516	11.373879299169996	11.371682165121443	2.1950008886051364e-06	5.569623681367375e-06	33.302216613961264	True	Stroma
Patient04	ROI02	57	39.6953	1.12181e-11	5401	6164	5347.23565374633	6146.77456165509	41.4115459680592	Patient04_GTTTGGCCCAAGTTAT-1	5347.235651545741	6146.774556086666	11.53033369764428	11.527537882075016	2.2005888240528293e-06	5.5684240578557365e-06	56.456360618258	True	Stroma
Patient04	ROI02	54	13.8933	8.10356e-12	5329	6045	5385.32059368731	6076.44363541473	47.3142941948839	Patient04_GAATGTGGTCCGGATT-1	5385.320591479921	6076.443629864032	11.290584894626743	11.289161096152204	2.207389115937985e-06	5.550698006118182e-06	64.50357727588091	True	Stroma
Patient04	ROI02	63	272.859	1.00493e-11	5329	6045	5336.78206420326	6110.7310870068	48.5514213744288	Patient04_GAATGTGGTCCGGATT-1	5336.782061992563	6110.731081451391	11.510391195309625	11.508206724224848	2.2106969481683336e-06	5.555409188673366e-06	66.19015275975143	True	Stroma
Patient04	ROI02	64	148.133	1.57849e-11	5329	6045	5349.47704418359	6087.28744492668	34.4637549900278	Patient04_GAATGTGGTCCGGATT-1	5349.477041970623	6087.287439377182	11.43004913016188	11.428342864008782	2.212967046943959e-06	5.549498382606544e-06	46.98443717789642	True	Stroma
Patient04	ROI02	65	18.6161	7.22307e-12	5329	6045	5362.17202416392	6063.84380284656	27.9840460399866	Patient04_GAATGTGGTCCGGATT-1	5362.172021948683	6063.84379730297	11.358897702095952	11.357504167244953	2.2152362362248823e-06	5.543589395529125e-06	38.15064996630698	True	Stroma
Patient04	ROI02	66	49.5526	1.11598e-11	5329	6045	5374.86700414425	6040.40016076644	33.8128642936907	Patient04_GAATGTGGTCCGGATT-1	5374.867001926743	6040.400155228759	11.297110565775675	11.295860431256752	2.2175072444952093e-06	5.537681317946408e-06	46.09707789158932	True	Stroma
Patient04	ROI02	67	793.612	1.05947e-11	5329	6045	5387.56198412457	6016.95651868632	47.6272955870797	Patient04_GAATGTGGTCCGGATT-1	5387.561981904802	6016.956513154548	11.24484208443825	11.243562893392696	2.219767338829115e-06	5.531772330868989e-06	64.93029207386239	True	Stroma
Patient04	ROI02	72	38.6742	8.13629e-12	5329	6045	5364.41341460118	6004.35668611815	39.5417185546199	Patient04_GAATGTGGTCCGGATT-1	5364.413412373565	6004.356680593486	11.313836086999403	11.312598712298431	2.2276153686107136e-06	5.524663720279932e-06	53.90722490551409	True	Stroma
Patient04	ROI02	73	232.235	1.2662e-11	5329	6045	5351.71843462086	6027.80032819827	20.9013726380817	Patient04_GAATGTGGTCCGGATT-1	5351.718432395504	6027.800322667697	11.366637160888496	11.365406147800956	2.225355274276808e-06	5.530572707357351e-06	28.494841317499837	True	Stroma
Patient04	ROI02	75	216.621	7.83399e-12	5329	6045	5326.3284746602	6074.68761235851	21.8642796502068	Patient04_GAATGTGGTCCGGATT-1	5326.328472439385	6074.687606816118	11.500451980449911	11.498723255554149	2.220815076725557e-06	5.54239159100689e-06	29.80757244712047	True	Stroma
Patient04	ROI02	76	688.524	1.74199e-11	5329	6045	5313.63349467988	6098.13125443863	40.5697695234486	Patient04_GAATGTGGTCCGGATT-1	5313.633492461325	6098.1312488903295	11.581139746077495	11.578913974643568	2.218554982391652e-06	5.548300578084309e-06	55.30876679131197	True	Stroma
Patient04	ROI02	83	37.9287	8.17189e-12	5329	6045	5290.48492515649	6085.53142187046	41.0126131183709	Patient04_GAATGTGGTCCGGATT-1	5290.484922930087	6085.531416329268	11.65350991537353	11.651211866541985	2.2264030121732503e-06	5.5411919674952514e-06	55.91249546427303	True	Stroma
Patient04	ROI02	84	18.0739	7.86129e-12	5329	6045	5303.17990513682	6062.08777979034	22.7113538815988	Patient04_GAATGTGGTCCGGATT-1	5303.179902908147	6062.0877742550565	11.57249202081267	11.570709343011488	2.2286731109488755e-06	5.535283889912535e-06	30.96238874678099	True	Stroma
Patient04	ROI02	85	52.5438	1.24303e-11	5329	6045	5315.87488511714	6038.64413771022	10.696882241724	Patient04_GAATGTGGTCCGGATT-1	5315.874882886206	6038.644132180845	11.500541988782537	11.499111840644815	2.230934114777483e-06	5.529374902835116e-06	14.58305956015094	True	Stroma
Patient04	ROI02	86	200.356	1.06885e-11	5329	6045	5328.56986509747	6015.2004956301	21.8606385650427	Patient04_GAATGTGGTCCGGATT-1	5328.569862864266	6015.200490106634	11.437830945578837	11.436586607404406	2.2332042135531083e-06	5.523465915757697e-06	29.80260855573008	True	Stroma
Patient04	ROI02	92	8.93208	6.62954e-12	5329	6045	5318.11627555441	5979.15702098181	48.952135914477	Patient04_GAATGTGGTCCGGATT-1	5318.116273311088	5979.157015471361	11.45683741456683	11.45558565537289	2.243322342110332e-06	5.510449227585923e-06	66.73644689221422	True	Stroma
Patient04	ROI02	93	374.876	1.14675e-11	5329	6045	5305.42129557408	6002.60066306193	35.5860957775631	Patient04_GAATGTGGTCCGGATT-1	5305.421293333028	6002.600657545572	11.51066098503508	11.509371479581423	2.241052243334707e-06	5.516358214663342e-06	48.51452437356088	True	Stroma
Patient04	ROI02	94	140.8	1.42076e-11	5329	6045	5292.72631559375	6026.04430514205	30.0212482920091	Patient04_GAATGTGGTCCGGATT-1	5292.726313354968	6026.044299619784	11.573812047934457	11.572316219505032	2.2387821445590816e-06	5.522266292246059e-06	40.9279677965075	True	Stroma
Patient04	ROI02	95	151.345	8.49595e-12	5329	6045	5280.03133561343	6049.48794722217	36.0697521415251	Patient04_GAATGTGGTCCGGATT-1	5280.031333376908	6049.487941693995	11.646138869570892	11.644271346685269	2.236522050225176e-06	5.528175279323477e-06	49.173893094542485	True	Stroma
Patient04	ROI02	96	13.778	7.55451e-12	5329	6045	5267.3363556331	6072.93158930229	49.6550624238024	Patient04_GAATGTGGTCCGGATT-1	5267.336353398849	6072.931583768204	11.727471682236573	11.725070975821492	2.234251041954849e-06	5.5340860853903e-06	67.69474660237222	True	Stroma
Patient04	ROI02	59	153.137	1.0716e-11	5263	6167	5321.84569378567	6193.66184581533	47.3879152947492	Patient04_CCCAGTTAAGGCGCCG-1	5321.845691589622	6193.661840235087	11.734743357061689	11.73023950921454	2.196047717006877e-06	5.580242941505276e-06	64.60394492132235	True	Stroma
Patient04	ROI02	60	19.7719	7.78786e-12	5263	6167	5298.69712426228	6181.06201324716	28.1427247478073	Patient04_CCCAGTTAAGGCGCCG-1	5298.697122058384	6181.062007674025	11.804577500359049	11.80001340121069	2.203896656283177e-06	5.57313524041092e-06	38.36697664867533	True	Stroma
Patient04	ROI02	61	310.193	3.12914e-11	5263	6167	5311.39210424261	6157.61837116704	36.1571995847539	Patient04_CCCAGTTAAGGCGCCG-1	5311.392102036443	6157.618365599814	11.697868134454918	11.69424943436729	2.2061667550588027e-06	5.5672262533335015e-06	49.29311019389077	True	Stroma
Patient04	ROI02	77	94.9439	1.99656e-11	5263	6167	5300.93851469955	6121.57489651875	43.4124637122446	Patient04_CCCAGTTAAGGCGCCG-1	5300.938512483265	6121.574890964541	11.670767589221844	11.667885105638035	2.2162848836160265e-06	5.554209565161727e-06	59.18421177890445	True	Stroma
Patient04	ROI02	78	93.6691	1.92885e-11	5263	6167	5288.24353471922	6145.01853859887	24.5526925379811	Patient04_CCCAGTTAAGGCGCCG-1	5288.243532505206	6145.01853303875	11.769131262119537	11.765437455800075	2.2140147848404013e-06	5.560119461733848e-06	33.47268573702839	True	Stroma
Patient04	ROI02	79	428.643	2.28221e-11	5263	6167	5275.5485547389	6168.46218067899	9.2668198634908	Patient04_CCCAGTTAAGGCGCCG-1	5275.548552527145	6168.462175112963	11.876013701923776	11.871359479693826	2.2117546905064955e-06	5.566026629821863e-06	12.633455519895476	True	Stroma
Patient04	ROI02	80	188.863	1.14113e-11	5263	6167	5252.39998521551	6155.86234811082	11.2781868417307	Patient04_CCCAGTTAAGGCGCCG-1	5252.399982995908	6155.8623425519	11.94902322849019	11.944249571472938	2.219602720288094e-06	5.558919838222209e-06	15.37555212133735	True	Stroma
Patient04	ROI02	81	208.708	7.47056e-12	5263	6167	5265.09496519584	6132.4187060307	25.412376784169	Patient04_CCCAGTTAAGGCGCCG-1	5265.094962973967	6132.41870047769	11.841984023774128	11.838185229233304	2.2218728190637198e-06	5.553009941650089e-06	34.64469326986312	True	Stroma
Patient04	ROI02	82	765.5	1.13169e-11	5263	6167	5277.78994517616	6108.97506395058	43.9229646474847	Patient04_CCCAGTTAAGGCGCCG-1	5277.789942952028	6108.975058403477	11.743407996129514	11.740436231224264	2.2241320039029237e-06	5.547102773562074e-06	59.88017770392032	True	Stroma
Patient04	ROI02	98	373.856	9.82014e-12	5263	6167	5241.94639567245	6119.81887346253	37.8973037389138	Patient04_CCCAGTTAAGGCGCCG-1	5241.9463934427295	6119.818867916627	11.916397264025	11.912464179131122	2.229720848845318e-06	5.545903150050435e-06	51.66539418726784	True	Stroma
Patient04	ROI02	99	50.5914	1.05637e-11	5263	6167	5229.25141569212	6143.26251554265	30.2652209705231	Patient04_CCCAGTTAAGGCGCCG-1	5229.251413464669	6143.262509990836	12.023577419476007	12.01865558443609	2.2274507500696927e-06	5.5518139561172575e-06	41.2605757491218	True	Stroma
Patient04	ROI02	69	1087.43	2.19569e-11	5396	5923	5412.95194408523	5970.06923452608	36.6968416156397	Patient04_TCCCGTGTGCAATTTG-1	5412.9519418609225	5970.069229006127	11.169371287627625	11.167508177456872	2.224307536380365e-06	5.51995344721945e-06	50.02880417459453	True	Stroma
Patient04	ROI02	70	96.4281	8.62706e-12	5396	5923	5389.80337456184	5957.46940195791	25.689108945919	Patient04_TCCCGTGTGCAATTTG-1	5389.803372329684	5957.469396445064	11.23710946087238	11.23533711612355	2.232156475656666e-06	5.512846655619796e-06	35.02196222596364	True	Stroma
Patient04	ROI02	71	394.413	1.49871e-11	5396	5923	5377.10839458151	5980.91304403803	44.6830824182166	Patient04_TCCCGTGTGCAATTTG-1	5377.108392351624	5980.913038519275	11.270623314599858	11.2692060070051	2.229885467386339e-06	5.518755642697215e-06	60.91644626074946	True	Stroma
Patient04	ROI02	88	1264.68	1.08128e-11	5396	5923	5353.95982505812	5968.31321146986	45.3396284420896	Patient04_TCCCGTGTGCAATTTG-1	5353.959822820387	5968.313205958211	11.34071632954296	11.339331483119642	2.237733497167937e-06	5.511648851097561e-06	61.81151545510039	True	Stroma
Patient04	ROI02	89	32.4545	2.54911e-11	5396	5923	5366.65480503845	5944.86956938974	26.8452045291191	Patient04_TCCCGTGTGCAATTTG-1	5366.654802798445	5944.869563884002	11.306555898716168	11.3048407168996	2.2400045054382645e-06	5.505738045030739e-06	36.5980673345469	True	Stroma
Patient04	ROI02	90	17.1124	7.81435e-12	5396	5923	5343.50623551506	5932.26973682157	39.1006681258544	Patient04_TCCCGTGTGCAATTTG-1	5343.506233267208	5932.269731322938	11.377679320774414	11.375988284898543	2.247852535219863e-06	5.498632162925787e-06	53.30594085598239	True	Stroma
Patient04	ROI03	4	139.294	1.07647e-11	5043	8820	5007.41227034237	8859.01676631133	38.7361832160386	Patient04_CACCCACGAGGCAATT-1	5007.412269323237	8859.016759156688	21.996122830959347	21.993586306461584	1.019133378576953e-06	7.1546419349033386e-06	52.809038578424015	True	Stroma
Patient04	ROI03	5	19.2454	7.44819e-12	5043	8820	5020.36602456033	8836.13033740462	20.3870077753697	Patient04_CACCCACGAGGCAATT-1	5020.36602352831	8836.130330272077	21.844132113700077	21.84158360008408	1.0320200090063736e-06	7.13254303263966e-06	27.79360770016175	True	Stroma
Patient04	ROI03	6	551.37	1.23869e-11	5043	8820	5033.31977877829	8813.24390849791	8.65893181024371	Patient04_CACCCACGAGGCAATT-1	5033.319777733383	8813.243901387468	21.69525181877684	21.692621961749264	1.044907548930496e-06	7.110442311386578e-06	11.804721736908828	True	Stroma
Patient04	ROI03	7	236.191	1.08377e-11	5043	8820	5046.27353299625	8790.3574795912	21.8753955925571	Patient04_CACCCACGAGGCAATT-1	5046.273531938457	8790.357472502857	21.549546413619044	21.546764464009208	1.057792360370513e-06	7.088343409122899e-06	29.822726811336462	True	Stroma
Patient04	ROI03	12	21.5254	8.18057e-12	5043	8820	5022.05632321586	8777.70376471856	34.6200793177473	Patient04_CACCCACGAGGCAATT-1	5022.056322141354	8777.703757632973	21.555053512810808	21.552621810811434	1.0745061445049942e-06	7.085587640176527e-06	47.19755413388905	True	Stroma
Patient04	ROI03	14	197.674	1.26712e-11	5043	8820	4996.14881477994	8823.47662253198	34.4605007310168	Patient04_CACCCACGAGGCAATT-1	4996.148813731208	8823.476615402193	21.84929924260773	21.847101284583136	1.0487319741514511e-06	7.129787263693288e-06	46.9800006465968	True	Stroma
Patient04	ROI03	24	28.9489	8.05622e-12	4905	8823	4958.97785078159	8833.70933656605	40.3652725413663	Patient04_CCGTTACGTTAGAACA-1	4958.977849729032	8833.709329416919	22.00819789320254	22.00632311425359	1.0525582183618098e-06	7.149130397010595e-06	55.02997605564183	True	Stroma
Patient04	ROI03	35	36.4957	8.50826e-12	4905	8823	4934.7606410012	8821.05562169341	21.8763957011744	Patient04_CCGTTACGTTAGAACA-1	4934.760639931929	8821.055614547033	22.017347549735703	22.01574423358501	1.0692710930015892e-06	7.146376447053626e-06	29.8240902594106	True	Stroma
Patient04	ROI03	36	966.62	7.40455e-12	4905	8823	4921.80688678324	8843.94205060012	19.6964756458886	Patient04_CCGTTACGTTAGAACA-1	4921.806885726856	8843.942043431643	22.171843469142942	22.17018527179373	1.0563835530774668e-06	7.168477168306708e-06	26.85220524803607	True	Stroma
Patient04	ROI03	37	28.4825	7.89245e-12	4905	8823	4908.85313256528	8866.82847950683	32.2728126298089	Patient04_CCGTTACGTTAGAACA-1	4908.853131521783	8866.828472316254	22.329327083181997	22.327547417683505	1.0434969226480462e-06	7.190576070570387e-06	43.997525458214845	True	Stroma
Patient04	ROI03	42	213.081	1.31757e-11	4905	8823	4884.63592278489	8854.17476463419	27.31354988173	Patient04_CCGTTACGTTAGAACA-1	4884.635921724681	8854.174757446368	22.34013165436708	22.338585641642965	1.0602088877931235e-06	7.1878221206134185e-06	37.23656255376051	True	Stroma
Patient04	ROI03	43	135.611	1.10235e-11	4905	8823	4897.58967700285	8831.28833572748	8.15519420311412	Patient04_CCGTTACGTTAGAACA-1	4897.589675929754	8831.288328561759	22.182855610234125	22.181430152320484	1.073096427717246e-06	7.165721399360336e-06	11.117976257103384	True	Stroma
Patient04	ROI03	44	407.158	1.76633e-11	4905	8823	4910.54343122081	8808.40190682077	11.4539598399075	Patient04_CCGTTACGTTAGAACA-1	4910.543430134827	8808.401899677148	22.02856870492865	22.02719720281601	1.0859830581466667e-06	7.143622497096658e-06	15.61518344974876	True	Stroma
Patient04	ROI03	45	670.278	3.77768e-11	4905	8823	4923.49718543877	8785.51547791406	30.6608548105379	Patient04_CCGTTACGTTAGAACA-1	4923.4971843399	8785.51547079254	21.877334180019588	21.87594860794469	1.0988705980707891e-06	7.121519956854172e-06	41.79994336321081	True	Stroma
Patient04	ROI03	54	402.103	1.55397e-11	4905	8823	4899.27997565838	8772.86176304142	37.0156728694116	Patient04_CCGTTACGTTAGAACA-1	4899.279974542798	8772.861755922653	21.890848091980665	21.88965347122852	1.115581653721165e-06	7.118766006897204e-06	50.463466822876185	True	Stroma
Patient04	ROI03	55	130.084	1.08903e-11	4905	8823	4886.32622144042	8795.74819194813	24.2323079536028	Patient04_CCGTTACGTTAGAACA-1	4886.326220337725	8795.748184807264	22.04185819508174	22.04067885452429	1.1026950232917445e-06	7.140866728150286e-06	33.03590543315181	True	Stroma
Patient04	ROI03	56	186.087	9.96075e-12	4905	8823	4873.37246722246	8818.63462085484	23.4191861027694	Patient04_CCGTTACGTTAGAACA-1	4873.372466132651	8818.634613691873	22.19592193785236	22.194689849653223	1.0898083928623237e-06	7.162967449403368e-06	31.927376413908085	True	Stroma
Patient04	ROI03	57	381.596	1.1272e-11	4905	8823	4860.4187130045	8841.52104976155	35.4107416591215	Patient04_CCGTTACGTTAGAACA-1	4860.4187119275775	8841.521042576484	22.352976180446404	22.351624740777652	1.0769226719276048e-06	7.185066351667047e-06	48.275464103879166	True	Stroma
Patient04	ROI03	63	902.419	1.42195e-11	4905	8823	4849.15525744207	8805.9809059822	42.8229425488959	Patient04_CCGTTACGTTAGAACA-1	4849.155256335549	8805.98089882199	22.21103882668248	22.20996075515987	1.106521267502103e-06	7.160209861467592e-06	58.38051757691228	True	Stroma
Patient04	ROI03	29	57.6584	8.7152e-12	4972	8701	5023.74662187139	8719.2771920325	40.2549570455754	Patient04_TGCCATTACTAAAGAA-1	5023.746620754399	8719.277184993867	21.281772220498294	21.27912713986547	1.116991370508913e-06	7.0386322477133945e-06	54.87958294022889	True	Stroma
Patient04	ROI03	30	291.164	9.07568e-12	4972	8701	4999.529412091	8706.62347715986	20.6102110542012	Patient04_TGCCATTACTAAAGAA-1	4999.529410957296	8706.623470123983	21.291915760508967	21.28953870253568	1.1337042451486925e-06	7.035876478767023e-06	28.097900730189263	True	Stroma
Patient04	ROI03	31	48.114	9.32056e-12	4972	8701	4986.57565787304	8729.50990606657	23.4869452362608	Patient04_TGCCATTACTAAAGAA-1	4986.575656752222	8729.509899008593	21.43051443808125	21.428436471490443	1.1208176147192717e-06	7.057977200020105e-06	32.01975244058876	True	Stroma
Patient04	ROI03	32	206.29	1.03069e-11	4972	8701	4973.62190365508	8752.39633497328	37.7187116898032	Patient04_TGCCATTACTAAAGAA-1	4973.621902547149	8752.396327893204	21.57242167403169	21.5705692770232	1.107930984289851e-06	7.080076102283783e-06	51.4219196467032	True	Stroma
Patient04	ROI03	47	508.881	1.1346e-11	4972	8701	4949.40469387469	8739.74262010064	32.8982454708993	Patient04_TGCCATTACTAAAGAA-1	4949.404692750047	8739.742613023318	21.58427762323565	21.58265421345287	1.1246429494349286e-06	7.077322152326815e-06	44.85017805047168	True	Stroma
Patient04	ROI03	48	449.536	1.67171e-11	4972	8701	4962.35844809265	8716.85619119393	13.61214191722	Patient04_TGCCATTACTAAAGAA-1	4962.358446955121	8716.856184138707	21.442584232621726	21.44073430206672	1.1375295798643492e-06	7.055223250063136e-06	18.55743307574084	True	Stroma
Patient04	ROI03	49	51.2091	8.82432e-12	4972	8701	4975.31220231061	8693.96976228722	5.70044544404259	Patient04_TGCCATTACTAAAGAA-1	4975.312201160194	8693.969755254098	21.30420033942764	21.302050366159225	1.1504162102937698e-06	7.033122528810054e-06	7.77141727386908	True	Stroma
Patient04	ROI03	50	29.297	8.71693e-12	4972	8701	4951.09499253022	8681.31604741458	21.0619182988289	Patient04_TGCCATTACTAAAGAA-1	4951.094991363092	8681.316040384214	21.318622256017115	21.31665843281772	1.1671281754388474e-06	7.030366759863682e-06	28.713713216799118	True	Stroma
Patient04	ROI03	51	201.699	9.57268e-12	4972	8701	4938.14123831226	8704.20247632129	24.9467285274472	Patient04_TGCCATTACTAAAGAA-1	4938.141237158017	8704.202469268823	21.456777845421414	21.455115252879757	1.1542424545041283e-06	7.052467481116764e-06	34.00987500147002	True	Stroma
Patient04	ROI03	52	19.2525	8.61176e-12	4972	8701	4925.1874840943	8727.088905228	39.3100870539961	Patient04_TGCCATTACTAAAGAA-1	4925.187482952944	8727.088898153434	21.59824371549712	21.596808842130045	1.141355824074708e-06	7.074566383380443e-06	53.59144168071026	True	Stroma
Patient04	ROI03	68	207.949	8.79391e-12	4972	8701	4913.92402853187	8691.54876144866	43.159971808077	Patient04_TGCCATTACTAAAGAA-1	4913.924027360916	8691.548754398938	21.473091064978924	21.471575138314854	1.170954419649206e-06	7.04972080711741e-06	58.83998956595238	True	Stroma
Patient04	ROI03	69	405.581	7.04953e-12	4972	8701	4926.87778274983	8668.66233254195	40.7198817802401	Patient04_TGCCATTACTAAAGAA-1	4926.877781565989	8668.662325514328	21.33517717595635	21.333358595961084	1.1838410500786267e-06	7.027621904853731e-06	55.51341483100292	True	Stroma
Patient04	ROI03	39	325.197	1.25007e-11	4838	8945	4882.94562412936	8912.60133732025	40.6408110407359	Patient04_TCGCTAAACCGCTATC-1	4882.945623111636	8912.601330085474	22.653006969108908	22.6507903774692	1.017723661789205e-06	7.234775694087148e-06	55.40561769183677	True	Stroma
Patient04	ROI03	40	196.399	1.27066e-11	4838	8945	4858.72841434897	8899.94762244761	36.376568354988	Patient04_TCGCTAAACCGCTATC-1	4858.728413314535	8899.947615215588	22.663401054873614	22.661419898831618	1.0344347174395807e-06	7.232021744130179e-06	49.592175638357766	True	Stroma
Patient04	ROI03	73	58.528	9.46626e-12	4833	8704	4863.79931031556	8724.66790438943	27.2069507787949	Patient04_GCCAGGAGTAACCGAT-1	4863.799309153666	8724.667897298274	21.77670672805606	21.77568640613154	1.1618940334301442e-06	7.091155566740781e-06	37.09123599672533	True	Stroma
Patient04	ROI03	85	106.47	1.08672e-11	4833	8704	4826.62834631721	8734.9006184235	23.1428829892372	Patient04_GCCAGGAGTAACCGAT-1	4826.628345151492	8734.900611313	21.943842711030783	21.94298169552263	1.1657184586510994e-06	7.110500519047491e-06	31.550692379220152	True	Stroma
Patient04	ROI03	86	72.5771	8.73173e-12	4833	8704	4839.58210053517	8712.01418951679	7.60705154729015	Patient04_GCCAGGAGTAACCGAT-1	4839.582099356564	8712.01418242839	21.79670900541031	21.795758068898525	1.1786059985752215e-06	7.088401616783813e-06	10.370693374414463	True	Stroma
Patient04	ROI03	87	147.009	7.94958e-12	4833	8704	4852.53585475313	8689.12776061008	18.0097265833689	Patient04_GCCAGGAGTAACCGAT-1	4852.535853561638	8689.127753543778	21.65275893459851	21.651647322596205	1.1914917195099406e-06	7.0663008955307305e-06	24.55266025111093	True	Stroma
Patient04	ROI03	88	41.2338	9.03781e-12	4833	8704	4865.48960897109	8666.24133170338	36.5382277641808	Patient04_GCCAGGAGTAACCGAT-1	4865.489607766711	8666.24132465917	21.512056409519783	21.510712020815063	1.204379259434063e-06	7.04421108821407e-06	49.812565910907125	True	Stroma
Patient04	ROI03	93	41.3163	7.86994e-12	4833	8704	4815.36489075478	8699.36047464416	13.3757744228414	Patient04_GCCAGGAGTAACCGAT-1	4815.3648895594615	8699.360467558505	21.81878819860828	21.81786667942453	1.195318873215001e-06	7.085654942784458e-06	18.235193270659767	True	Stroma
Patient04	ROI03	77	62.8804	9.48975e-12	4767	8826	4811.98429344372	8816.21362001627	33.7684339878979	Patient04_GGAAAGTGCCCATGCC-1	4811.984292333375	8816.213612836715	22.3847704931091	22.38369104124337	1.1103456927230582e-06	7.179554813774303e-06	46.03650605570199	True	Stroma
Patient04	ROI03	78	630.551	8.06703e-12	4767	8826	4799.03053922576	8839.10004892298	25.3839045169868	Patient04_GGAAAGTGCCCATGCC-1	4799.030538128301	8839.100041721325	22.54426949891217	22.543008802360397	1.0974590622936375e-06	7.201653716037981e-06	34.60587702800455	True	Stroma
Patient04	ROI03	79	713.65	9.16887e-12	4767	8826	4786.0767850078	8861.98647782969	29.876192883883	Patient04_GGAAAGTGCCCATGCC-1	4786.076783923227	8861.986470605934	22.70663735393731	22.705131688078275	1.0845733413589187e-06	7.223756256280467e-06	40.73021375859245	True	Stroma
Patient04	ROI03	81	34.0874	7.86398e-12	4767	8826	4774.81332944537	8826.44633405034	5.74053209860941	Patient04_GGAAAGTGCCCATGCC-1	4774.813328331198	8826.44632685144	22.56294806753774	22.561766952536463	1.1141719369334169e-06	7.198901585070416e-06	7.826067410032997	True	Stroma
Patient04	ROI03	82	124.293	1.12882e-11	4767	8826	4787.76708366333	8803.55990514363	22.4271866662111	Patient04_GGAAAGTGCCCATGCC-1	4787.767082536271	8803.559897966828	22.403711615390453	22.402709671457327	1.1270585673628377e-06	7.176800863817334e-06	30.57498358205037	True	Stroma
Patient04	ROI03	97	102.557	7.92541e-12	4767	8826	4763.54987388294	8790.90619027099	25.8659102900192	Patient04_GGAAAGTGCCCATGCC-1	4763.54987273917	8790.906183096946	22.42467537567524	22.4237120459747	1.143770532507915e-06	7.174043275881559e-06	35.26299549839234	True	Stroma
Patient04	ROI03	98	1347.63	7.64639e-12	4767	8826	4750.59611966498	8813.7926191777	14.9986617612049	Patient04_GGAAAGTGCCCATGCC-1	4750.596118534096	8813.792611981555	22.583635473493835	22.58249533336049	1.1308839020784944e-06	7.196145816124044e-06	20.44767557905577	True	Stroma
Patient04	ROI03	99	579.248	1.10588e-11	4767	8826	4737.64236544702	8836.67904808441	22.9146942440373	Patient04_GGAAAGTGCCCATGCC-1	4737.642364329022	8836.679040866165	22.745467068585526	22.744086416427542	1.1179981811437756e-06	7.218244718387723e-06	31.239602662893628	True	Stroma
Patient04	ROI04	1	86.6602	1.01871e-11	7696	6716	7740.25071142595	6696.32511578367	35.5222907425791	Patient04_GCGAGGCCCGAGCAGA-1	7740.250710483866	6696.325109566176	5.947354923491784	5.94195776762324	9.420837159268558e-07	6.2174940467230044e-06	48.42753896935766	True	Stroma
Patient04	ROI04	18	146.923	1.52376e-11	7696	6716	7716.54678970465	6683.78936707375	28.0246173258504	Patient04_GCGAGGCCCGAGCAGA-1	7716.546788738504	6683.789360853172	5.922221349816192	5.917700835587868	9.661462172516622e-07	6.2205781432567164e-06	38.20596080033474	True	Stroma
Patient04	ROI04	20	18.7616	8.66582e-12	7696	6716	7679.74486932222	6694.60078121615	19.7116976247902	Patient04_GCGAGGCCCGAGCAGA-1	7679.7448683395505	6694.600774980536	5.948413787663669	5.944272641492908	9.826699169934727e-07	6.2356139096664265e-06	26.87295737187818	True	Stroma
Patient04	ROI04	38	46.0992	8.87647e-12	7696	6716	7669.13894626207	6658.71786965393	46.4075101630809	Patient04_GCGAGGCCCGAGCAGA-1	7669.138945247778	6658.717863427166	5.8934469273673935	5.890299693461003	1.0142921382794157e-06	6.226764526218176e-06	63.26735860533511	True	Stroma
Patient04	ROI04	39	21.2593	7.45755e-12	7696	6716	7656.04094760093	6682.06503250623	38.4539765756951	Patient04_GCGAGGCCCGAGCAGA-1	7656.040946594187	6682.065026267532	5.936154041536677	5.932662753190038	1.0067433322547004e-06	6.2386980062001385e-06	52.42430626565193	True	Stroma
Patient04	ROI04	4	45.176	7.64845e-12	7763	6594	7779.54470740938	6626.28362722676	26.6090823810183	Patient04_TGCAGAGTACCGAGCA-1	7779.544706444638	6626.283621045077	5.857826749735982	5.85317909030811	9.647419574321248e-07	6.181682692840695e-06	36.27616201003578	True	Stroma
Patient04	ROI04	5	16.2834	8.74773e-12	7763	6594	7792.64270607053	6602.93646437446	22.7099430901349	Patient04_TGCAGAGTACCGAGCA-1	7792.642705098228	6602.936458204711	5.84552794367925	5.840950359833037	9.723016773932611e-07	6.169749212858733e-06	30.96046541478076	True	Stroma
Patient04	ROI04	6	39.8669	6.89357e-12	7763	6594	7805.74070473167	6579.58930152215	33.0849581048623	Patient04_TGCAGAGTACCGAGCA-1	7805.740703751819	6579.589295364345	5.8421263593516	5.837526931708376	9.798513929126784e-07	6.157804818940349e-06	45.10472338435652	True	Stroma
Patient04	ROI04	7	91.6874	7.51163e-12	7763	6594	7818.83870339282	6556.24213866985	49.4435241269246	Patient04_TGCAGAGTACCGAGCA-1	7818.83870240541	6556.242132523979	5.84763752337723	5.842924283300311	9.874102033791132e-07	6.1458704294636846e-06	67.40635644223924	True	Stroma
Patient04	ROI04	12	143.757	8.18219e-12	7763	6594	7795.13478167153	6543.70638995994	43.7785219630803	Patient04_TGCAGAGTACCGAGCA-1	7795.134780660046	6543.706383810975	5.831590182700783	5.827569962688925	1.0114836186403409e-06	6.148964530439116e-06	59.68325899227126	True	Stroma
Patient04	ROI04	13	40.6155	8.13694e-12	7763	6594	7782.03678301038	6567.05355281224	24.2005257777228	Patient04_TGCAGAGTACCGAGCA-1	7782.036782006457	6567.053546651341	5.824477298333803	5.820605389277118	1.0039229891845023e-06	6.1608989199157804e-06	32.992576792772894	True	Stroma
Patient04	ROI04	15	55.8559	8.8142e-12	7763	6594	7755.84078568809	6613.74787851685	15.4078692929537	Patient04_TGCAGAGTACCGAGCA-1	7755.840784699275	6613.747872332075	5.837059321449646	5.833204071665636	9.888153726933524e-07	6.184774974826723e-06	21.00554820708333	True	Stroma
Patient04	ROI04	16	164.542	6.75975e-12	7763	6594	7742.74278702694	6637.09504136915	34.9289702357929	Patient04_TGCAGAGTACCGAGCA-1	7742.742786045685	6637.0950351724405	5.856696637662288	5.852710223312241	9.812556527322158e-07	6.196709364303388e-06	47.61866512245629	True	Stroma
Patient04	ROI04	23	76.3536	9.85282e-12	7763	6594	7719.03886530565	6624.55929265924	39.271806731752	Patient04_TGCAGAGTACCGAGCA-1	7719.038864300322	6624.559286459436	5.841668624073501	5.8383760773898405	1.0053281584987417e-06	6.199803465278819e-06	53.5392541174032	True	Stroma
Patient04	ROI04	24	69.0957	7.87488e-12	7763	6594	7732.1368639668	6601.21212980694	23.2484449040438	Patient04_TGCAGAGTACCGAGCA-1	7732.136862953912	6601.212123619071	5.823567839734499	5.82037533798837	1.0128878784598785e-06	6.187869075802155e-06	31.694604937685583	True	Stroma
Patient04	ROI04	33	199.253	1.36356e-11	7763	6594	7734.6289395678	6541.98205539242	43.46208909049	Patient04_TGCAGAGTACCGAGCA-1	7734.628938515731	6541.982049225335	5.811143373567717	5.80833066387197	1.0520698197069578e-06	6.16708530287724e-06	59.25186605706838	True	Stroma
Patient04	ROI04	9	153.582	6.78322e-12	7830	6472	7845.03470071511	6509.54781296525	29.6677322560597	Patient04_CTTCGTAGATAGGTGA-1	7845.034699712591	6509.547806843248	5.885257450682622	5.880044470326735	1.0025196388596669e-06	6.122002560005058e-06	40.44601938468541	True	Stroma
Patient04	ROI04	11	383.463	8.52268e-12	7830	6472	7808.23278033267	6520.35922710764	38.8999614840923	Patient04_CTTCGTAGATAGGTGA-1	7808.232779313637	6520.359220970609	5.847609175297314	5.843348369895451	1.0190324246650562e-06	6.1370310504571535e-06	53.032317491263306	True	Stroma
Patient04	ROI04	28	47.9192	7.84355e-12	7830	6472	7784.52885861138	6507.82347839773	42.4612035176198	Patient04_CTTCGTAGATAGGTGA-1	7784.528857568274	6507.823472257607	5.840475164302967	5.836740853155664	1.0431058399262838e-06	6.14012242294848e-06	57.8873587555733	True	Stroma
Patient04	ROI04	29	175.524	8.03756e-12	7830	6472	7797.62685727252	6484.47631554542	25.4485987714291	Patient04_CTTCGTAGATAGGTGA-1	7797.626856221865	6484.47630941724	5.866933096155054	5.862831848926554	1.0506555554457009e-06	6.128180757514201e-06	34.694074705094344	True	Stroma
Patient04	ROI04	30	22.7164	7.0768e-12	7830	6472	7773.92293555123	6471.94056683551	41.1333499184437	Patient04_CTTCGTAGATAGGTGA-1	7773.922934476502	6471.940560704237	5.8686930961018575	5.864949874381429	1.0747280612122267e-06	6.131273039500229e-06	56.07709594382157	True	Stroma
Patient04	ROI04	41	26.9346	9.90116e-12	7625	6597	7645.43502454078	6646.18212094402	39.0658931757833	Patient04_CGCTACGGGACATTTA-1	7645.435023502415	6646.182114714162	5.889911079544131	5.8872537494792	1.0383655535406433e-06	6.229858627193607e-06	53.25853216654165	True	Stroma
Patient04	ROI04	42	456.569	8.17996e-12	7625	6597	7658.53302320193	6622.83495809172	31.0503503546383	Patient04_CGCTACGGGACATTTA-1	7658.533022156005	6622.834951873796	5.857346601290662	5.854912881198225	1.045924364007078e-06	6.217924237716943e-06	42.33094263847768	True	Stroma
Patient04	ROI04	44	157.488	1.75491e-11	7625	6597	7684.72902052422	6576.14063238711	46.4069910157049	Patient04_CGCTACGGGACATTTA-1	7684.729019463186	6576.140626193064	5.8185878713592665	5.816319532700031	1.0610337994876318e-06	6.194045454321895e-06	63.26665085171148	True	Stroma
Patient04	ROI04	55	52.152	6.64555e-12	7625	6597	7661.02509880292	6563.6048836772	36.0322153327007	Patient04_CGCTACGGGACATTTA-1	7661.025097717824	6563.60487748006	5.827118188916451	5.825107501540712	1.085096300812438e-06	6.197139555297326e-06	49.122719163066726	True	Stroma
Patient04	ROI04	57	110.223	8.60947e-12	7625	6597	7634.82910148063	6610.2992093818	12.1302992406367	Patient04_CGCTACGGGACATTTA-1	7634.829100410642	6610.299203160794	5.862668562228931	5.860558608500879	1.0699877748265862e-06	6.221006515261252e-06	16.537236954748092	True	Stroma
Patient04	ROI04	58	19.6139	7.39437e-12	7625	6597	7621.73110281949	6633.64637223411	26.9873674166066	Patient04_CGCTACGGGACATTTA-1	7621.731101757052	6633.64636600116	5.893635714382532	5.891334144115192	1.0624380593071692e-06	6.2329499996849336e-06	36.79187799905928	True	Stroma
Patient04	ROI04	59	64.3153	6.91027e-12	7625	6597	7608.63310415834	6656.99353508641	45.6143237167495	Patient04_CGCTACGGGACATTTA-1	7608.633103103461	6656.993528841525	5.933226941979063	5.930641847315893	1.0548783393460326e-06	6.244884389161598e-06	62.1860075230436	True	Stroma
Patient04	ROI04	60	207.986	7.77736e-12	7625	6597	7584.92918243705	6644.4577863765	45.5601052440383	Patient04_CGCTACGGGACATTTA-1	7584.929181358098	6644.457780128523	5.942570224205593	5.940238041736447	1.0789517546072602e-06	6.247976671147626e-06	62.11209147920149	True	Stroma
Patient04	ROI04	61	445.099	1.23147e-11	7625	6597	7598.0271810982	6621.11062352419	26.537154592284	Patient04_CGCTACGGGACATTTA-1	7598.027180011689	6621.110617288156	5.904607092129149	5.902526098152255	1.0865114745683968e-06	6.2360340962186456e-06	36.17810285565682	True	Stroma
Patient04	ROI04	64	40.5724	5.90253e-12	7625	6597	7637.32117708163	6551.06913496729	34.8820993025249	Patient04_CGCTACGGGACATTTA-1	7637.321175972461	6551.069128767058	5.842961708597831	5.841071559006444	1.109168806578964e-06	6.200231837283354e-06	47.55476597913106	True	Stroma
Patient04	ROI04	75	58.3635	6.14602e-12	7625	6597	7613.61725536034	6538.53338625737	43.6913005647454	Patient04_CGCTACGGGACATTTA-1	7613.617254227098	6538.533380054054	5.866059174466956	5.864153098722141	1.1332422218401916e-06	6.203315933817066e-06	59.56435005992782	True	Stroma
Patient04	ROI04	76	46.3592	7.02983e-12	7625	6597	7600.5192566992	6561.88054910968	31.4016303084691	Patient04_CGCTACGGGACATTTA-1	7600.519255573507	6561.88054289442	5.876170513004583	5.874329949812595	1.1256934158154763e-06	6.21526032773545e-06	42.80984259953848	True	Stroma
Patient04	ROI04	77	132.283	1.23243e-11	7625	6597	7587.42125803805	6585.22771196198	28.8854585330846	Patient04_CGCTACGGGACATTTA-1	7587.421256919917	6585.227705734787	5.895107319238905	5.893236554122939	1.118132786359638e-06	6.227192898222711e-06	39.379545618162346	True	Stroma
Patient04	ROI04	82	154.64	9.36537e-12	7625	6597	7563.71733631676	6572.69196325207	48.3588189180021	Patient04_CGCTACGGGACATTTA-1	7563.717335174554	6572.691957021783	5.92210473372805	5.920150724835885	1.1422062016208656e-06	6.2302869991981424e-06	65.92757783091808	True	Stroma
Patient04	ROI04	46	29.3457	7.4823e-12	7691	6475	7710.92501784651	6529.44630668251	42.5274255138044	Patient04_GAAGTGATTTATCGTG-1	7710.925016770368	6529.4463005123325	5.81550887002496	5.813023024623923	1.0761423254734837e-06	6.170177584863268e-06	57.97763920296932	True	Stroma
Patient04	ROI04	47	18.7042	7.54041e-12	7691	6475	7724.02301650765	6506.0991438302	33.2733937979662	Patient04_GAAGTGATTTATCGTG-1	7724.023015423958	6506.099137671967	5.8273925420781625	5.824654879762198	1.0836920409929007e-06	6.158233190944884e-06	45.36161776475773	True	Stroma
Patient04	ROI04	48	245.696	1.12501e-11	7691	6475	7737.1210151688	6482.7519809779	34.3049593569622	Patient04_GAAGTGATTTATCGTG-1	7737.121014077548	6482.751974831599	5.848165952628271	5.845083077377122	1.091251760954037e-06	6.146300620457623e-06	46.76795109134468	True	Stroma
Patient04	ROI04	49	485.883	1.12483e-11	7691	6475	7750.21901382994	6459.4048181256	44.918998494813	Patient04_GAAGTGATTTATCGTG-1	7750.219012731139	6459.404811991233	5.877734846637415	5.874215847593316	1.0988014764734544e-06	6.1343671404756606e-06	61.23807064797399	True	Stroma
Patient04	ROI04	50	147.026	8.75317e-12	7691	6475	7726.51509210865	6446.86906941569	33.2329000247897	Patient04_GAAGTGATTTATCGTG-1	7726.515090985776	6446.869063278229	5.894024836067946	5.8905960372543245	1.1228739822399805e-06	6.137461241451092e-06	45.30641260379288	True	Stroma
Patient04	ROI04	51	313.909	1.57906e-11	7691	6475	7713.41709344751	6470.21623226799	16.8134928762313	Patient04_GAAGTGATTTATCGTG-1	7713.417092332185	6470.216226118597	5.862961947369514	5.860002129781853	1.1153242667205632e-06	6.149392902443651e-06	22.9218348381669	True	Stroma
Patient04	ROI04	52	109.29	1.15889e-11	7691	6475	7700.31909478636	6493.56339512029	15.2360142093134	Patient04_GAAGTGATTTATCGTG-1	7700.319093678595	6493.563388958963	5.840659001542804	5.838077781046833	1.1077654562541284e-06	6.161327291920316e-06	20.771258171549768	True	Stroma
Patient04	ROI04	53	132.662	8.52864e-12	7691	6475	7687.22109612521	6516.91055797259	30.8667037909727	Patient04_GAAGTGATTTATCGTG-1	7687.221095025005	6516.9105517993285	5.827216582227388	5.824920885611286	1.1002057362929918e-06	6.17326168139698e-06	42.08057727822587	True	Stroma
Patient04	ROI04	66	87.3567	8.91397e-12	7691	6475	7663.51717440392	6504.37480926268	29.5068376537672	Patient04_GAAGTGATTTATCGTG-1	7663.517173279642	6504.374803086324	5.846222399524398	5.843980237590098	1.1242782420595177e-06	6.176355782372411e-06	40.22667177338189	True	Stroma
Patient04	ROI04	67	77.0681	6.77861e-12	7691	6475	7676.61517306507	6481.02764641038	11.4403717796629	Patient04_GAAGTGATTTATCGTG-1	7676.615171933232	6481.027640245959	5.861198245649569	5.858637635291862	1.1318379620206542e-06	6.164421392895747e-06	15.596658847216458	True	Stroma
Patient04	ROI04	68	592.193	8.64721e-12	7691	6475	7689.71317172621	6457.68048355808	12.7391299637768	Patient04_GAAGTGATTTATCGTG-1	7689.713170586822	6457.680477405593	5.884993980693023	5.88202250892887	1.139387677540071e-06	6.152487003419083e-06	17.367255879619364	True	Stroma
Patient04	ROI04	69	19.4238	5.38124e-12	7691	6475	7702.81117038736	6434.33332070577	31.0622511363397	Patient04_GAAGTGATTTATCGTG-1	7702.811169240413	6434.333314565227	5.917503204786931	5.914031330573655	1.146947397501208e-06	6.1405435189954005e-06	42.34716697417879	True	Stroma
Patient04	ROI04	70	208.248	9.71316e-12	7691	6475	7679.10724866607	6421.79757199586	39.9878710432926	Patient04_GAAGTGATTTATCGTG-1	7679.107247495051	6421.797565852223	5.948084831171252	5.944438286229195	1.171018993773032e-06	6.143637619970832e-06	54.51546459332767	True	Stroma
Patient04	ROI04	72	19.1842	7.26822e-12	7691	6475	7652.91125134378	6468.49189770047	28.3435471888414	Patient04_GAAGTGATTTATCGTG-1	7652.911250187869	6468.491891532956	5.888934177504123	5.886259657936761	1.155911377281882e-06	6.167513674881775e-06	38.64075788254964	True	Stroma
Patient04	ROI04	73	21.8381	7.53858e-12	7691	6475	7639.81325268263	6491.83906055277	39.5257146304844	Patient04_GAAGTGATTTATCGTG-1	7639.813251534279	6491.839054373322	5.87245546282675	5.8701313244208615	1.1483516573207453e-06	6.179448064358439e-06	53.88540675574528	True	Stroma
Patient04	ROI04	87	126.389	1.24444e-11	7691	6475	7629.20732962249	6455.95614899055	47.4295246798229	Patient04_GAAGTGATTTATCGTG-1	7629.207328442506	6455.956142819952	5.923765710155542	5.920845010177188	1.1799838830484075e-06	6.170597771415487e-06	64.66067099600615	True	Stroma
Patient04	ROI04	88	59.3224	6.09702e-12	7691	6475	7642.30532828363	6432.60898613825	47.3566781062586	Patient04_GAAGTGATTTATCGTG-1	7642.305327096097	6432.608979979586	5.950418268893165	5.947026284557073	1.187532689073123e-06	6.158663381938823e-06	64.56135926227199	True	Stroma
Patient04	ROI04	84	101.897	7.97917e-12	7553	6478	7589.91333363905	6525.99763754746	44.4146820251934	Patient04_CCACACTGAGATATTA-1	7589.913332481735	6525.99763134105	5.896325340262642	5.894268506605494	1.1573147276067175e-06	6.206410034792498e-06	60.55053600493653	True	Stroma
Patient04	ROI04	85	25.9383	8.30854e-12	7553	6478	7603.0113323002	6502.65047469516	40.8981353923862	Patient04_CCACACTGAGATATTA-1	7603.011331135325	6502.650468500684	5.896659025290293	5.894407979934422	1.164874447567854e-06	6.194475645315833e-06	55.756427980437365	True	Stroma
Patient04	ROI04	86	36.9834	7.60694e-12	7553	6478	7616.10933096134	6479.30331184286	46.3014650458804	Patient04_CCACACTGAGATATTA-1	7616.109329788916	6479.303305660318	5.905819464793567	5.903279899296725	1.1724241630872712e-06	6.182542165333871e-06	63.1227872970424	True	Stroma
Patient04	ROI04	92	165.198	7.65425e-12	7553	6478	7605.50340790119	6443.42040028064	46.1144065306603	Patient04_CCACACTGAGATATTA-1	7605.503406697143	6443.420394106948	5.965568556334024	5.962272516693328	1.204047293867916e-06	6.1736918723909184e-06	62.86777042324571	True	Stroma
Patient04	ROI04	93	107.106	5.81131e-12	7553	6478	7592.40540924005	6466.76756313295	30.0557765353649	Patient04_CCACACTGAGATATTA-1	7592.405408043553	6466.767556947316	5.946194371886401	5.943308878716036	1.1964975783484988e-06	6.185634447319899e-06	40.97504015065866	True	Stroma
Patient04	ROI04	94	33.7302	7.65042e-12	7553	6478	7579.3074105789	6490.11472598525	21.2446606058672	Patient04_CCACACTGAGATATTA-1	7579.307409389962	6490.114719787682	5.935539365893277	5.932973219382179	1.1889378583873622e-06	6.197567927301861e-06	28.962845803969373	True	Stroma
Patient04	ROI04	95	16.7235	6.13415e-12	7553	6478	7566.20941191776	6513.46188883755	27.7578131887069	Patient04_CCACACTGAGATATTA-1	7566.209410736372	6513.461882628048	5.933650509405387	5.9313106431513605	1.1813881428679451e-06	6.209502316778526e-06	37.84222672015751	True	Stroma
Patient04	ROI04	89	32.8658	7.28785e-12	7619	6356	7655.40332694478	6409.26182328595	47.321756563733	Patient04_CGATACCTCGCGGACA-1	7655.403325749688	6409.2618171392205	5.985660841429588	5.981710587570954	1.1950924090342596e-06	6.14672990195686e-06	64.51375072333306	True	Stroma
Patient04	ROI04	91	41.1413	6.48603e-12	7619	6356	7618.60140656234	6420.07323742834	46.9995431834808	Patient04_CGATACCTCGCGGACA-1	7618.601405350734	6420.073231266582	5.993577365836852	5.989782185387182	1.2116061043343509e-06	6.161757482914254e-06	64.07447722203395	True	Stroma
Patient02	ROI01	0	394.369	2.0823e-11	8687	8148	8663.93441017475	8163.29979632215	20.3026520083898	Patient02_CGTTAATGTCCCGACG-1	8663.934408645482	8163.299800198053	38.52413074358742	38.52272628117738	1.5292680473066866e-06	-3.875903530570213e-06	27.678605483042904	True	Stroma
Patient02	ROI01	19	761.324	1.39466e-11	8687	8148	8663.42039569889	8188.07861420322	34.1087529960375	Patient02_CGTTAATGTCCCGACG-1	8663.420394170575	8188.078618078718	38.5746725535424	38.57354619883891	1.5283148968592286e-06	-3.875497895933222e-06	46.500462959496616	True	Stroma
Patient02	ROI01	6	161.835	1.18879e-11	8806	8220	8819.17591718005	8161.85605796764	43.7307573084734	Patient02_TTGAACGACGTGCTGA-1	8819.175915643222	8161.856061845292	41.32566271859633	41.32442568819001	1.5368277672678232e-06	-3.877652488881722e-06	59.61814143864276	True	Stroma
Patient02	ROI01	24	149.786	9.96813e-12	8806	8220	8766.40071922655	8211.89493984795	29.6488157790456	Patient02_TTGAACGACGTGCTGA-1	8766.40071769416	8211.89494372421	40.48365414594179	40.483058608170055	1.5323912521125749e-06	-3.876259142998606e-06	40.42023055157899	True	Stroma
Patient02	ROI01	25	141.656	8.38888e-12	8806	8220	8792.27430372744	8211.65431678887	11.7830149725995	Patient02_TTGAACGACGTGCTGA-1	8792.274302193784	8211.654320665417	40.95172849463339	40.95111471471447	1.5336554497480392e-06	-3.876546543324366e-06	16.06378431214492	True	Stroma
Patient02	ROI01	26	125.195	8.65617e-12	8806	8220	8818.14788822832	8211.41369372978	10.9117697663178	Patient02_TTGAACGACGTGCTGA-1	8818.147886693407	8211.413697606622	41.421250249867946	41.42057895802351	1.534914190415293e-06	-3.876841219607741e-06	14.876015722423215	True	Stroma
Patient02	ROI01	33	143.138	8.05411e-12	8806	8220	8817.63387375245	8236.19251161085	14.6251865064086	Patient02_TTGAACGACGTGCTGA-1	8817.6338722185	8236.192515487288	41.47138194943642	41.4708601736184	1.5339501260314137e-06	-3.8764374039601535e-06	19.93851676417924	True	Stroma
Patient02	ROI01	34	183.49	7.8348e-12	8806	8220	8791.76028925157	8236.43313466994	15.9497997251744	Patient02_TTGAACGACGTGCTGA-1	8791.760287718876	8236.433138546083	41.00245224078426	41.00197811763056	1.5326932043535637e-06	-3.876142727676779e-06	21.744361965331308	True	Stroma
Patient02	ROI01	39	387.516	2.65759e-11	8684	8287	8662.39236674715	8237.63624996536	39.5259363162495	Patient02_AGTGATAACCTGCGCG-1	8662.39236522076	8237.63625384005	38.68074860544618	38.679892459488926	1.526390406070277e-06	-3.874689355143346e-06	53.885708979951616	True	Stroma
Patient02	ROI01	40	572.823	1.61736e-11	8684	8287	8661.87835227129	8262.41506784643	24.2591054670635	Patient02_AGTGATAACCTGCGCG-1	8661.878350745852	8262.415071720716	38.73626917603753	38.73540588120705	1.525437255622819e-06	-3.874285539495759e-06	33.07243848325673	True	Stroma
Patient02	ROI01	41	3618.0	2.54979e-11	8684	8287	8687.75193677217	8262.17444478735	18.4166899526763	Patient02_AGTGATAACCTGCGCG-1	8687.751935245476	8262.174448661923	39.19669688660672	39.196009468172754	1.5266941773006693e-06	-3.874572939821519e-06	25.107473412486385	True	Stroma
Patient02	ROI01	42	2292.67	1.16041e-11	8684	8287	8713.62552127306	8261.93382172826	28.4655028483219	Patient02_AGTGATAACCTGCGCG-1	8713.6255197451	8261.933825603128	39.65881536098488	39.658258287667	1.5279601939255372e-06	-3.874867616104893e-06	38.80702003312199	True	Stroma
Patient02	ROI01	57	178.906	1.0255e-11	8684	8287	8713.11150679719	8286.71263960933	21.3547458617653	Patient02_AGTGATAACCTGCGCG-1	8713.111505270192	8286.712643483794	39.71461651707211	39.71398365092306	1.5269979485310614e-06	-3.874463800457306e-06	29.11292503334113	True	Stroma
Patient02	ROI01	58	148.155	9.9364e-12	8684	8287	8687.23792229631	8286.95326266842	2.37530960936275	Patient02_AGTGATAACCTGCGCG-1	8687.237920770569	8286.953266542587	39.25317376477601	39.25239783889089	1.5257410268532112e-06	-3.874167305184528e-06	3.2382595904443208	True	Stroma
Patient02	ROI01	59	2136.76	2.12614e-11	8684	8287	8661.36433779542	8287.1938857275	16.6041902393325	Patient02_AGTGATAACCTGCGCG-1	8661.364336270944	8287.193889601382	38.79343537238461	38.79247062916115	1.524475010228343e-06	-3.873881723848172e-06	22.636492553291088	True	Stroma
Patient02	ROI01	60	1266.05	3.85329e-11	8684	8287	8660.85032331956	8311.97270360858	24.9776789954887	Patient02_AGTGATAACCTGCGCG-1	8660.850321796039	8311.972707482048	38.85223993049258	38.85107986755413	1.5235218597808853e-06	-3.873466994264163e-06	34.052069774551015	True	Stroma
Patient02	ROI01	61	1601.2	1.22451e-11	8684	8287	8686.72390782044	8311.73208054949	18.2510301551324	Patient02_AGTGATAACCTGCGCG-1	8686.723906295661	8311.732084423253	39.31127186580348	39.3103146083099	1.5247787814587357e-06	-3.873763489536941e-06	24.881629410484283	True	Stroma
Patient02	ROI01	62	288.685	1.69454e-11	8684	8287	8712.59749232132	8311.49145749041	27.6180351996524	Patient02_AGTGATAACCTGCGCG-1	8712.597490795284	8311.49146136446	39.77202202141273	39.771221568723774	1.5260357031365857e-06	-3.874049070873298e-06	37.65166738768061	True	Stroma
Patient02	ROI02	0	328.631	1.13178e-11	7008	7834	7013.91369434268	7769.4913485698	47.516428542096	Patient02_AATTGAACGCTCTGGT-1	7013.913693298746	7769.491352959079	14.341632672639934	14.340678667116483	1.043934389599599e-06	-4.389279638417065e-06	64.77914703144613	True	Stroma
Patient02	ROI02	18	129.035	1.07941e-11	7008	7834	7038.83270290424	7793.4644312567	37.3573271266657	Patient02_AATTGAACGCTCTGGT-1	7038.832701846478	7793.464435633137	14.52056256090512	14.51991446228935	1.0577623470453543e-06	-4.376437573228031e-06	50.92924407179008	True	Stroma
Patient02	ROI02	19	79.4378	9.74649e-12	7008	7834	7013.1191139959	7794.20621319252	29.4298392295833	Patient02_AATTGAACGCTCTGGT-1	7013.119112953084	7794.206217569312	14.43488830283948	14.434083907095047	1.04281662061112e-06	-4.376791366667021e-06	40.121699821694456	True	Stroma
Patient02	ROI02	20	41.8872	1.10001e-11	7008	7834	7012.32453364913	7818.92107781524	11.5064867217737	Patient02_AATTGAACGCTCTGGT-1	7012.324532607423	7818.921082179542	14.529633215531872	14.528932257559957	1.041707037074957e-06	-4.364302185422275e-06	15.686793347797437	True	Stroma
Patient02	ROI02	21	919.633	1.27487e-11	7008	7834	7038.03812255746	7818.17929587942	24.9026039493911	Patient02_AATTGAACGCTCTGGT-1	7038.0381215008165	7818.179300243368	14.615181812330244	14.614609219937384	1.0566436685621738e-06	-4.363947482488584e-06	33.949719964204746	True	Stroma
Patient02	ROI02	22	255.554	9.60558e-12	7008	7834	7063.75171146579	7817.43751394361	42.6610868191444	Patient02_AATTGAACGCTCTGGT-1	7063.75171039421	7817.437518307194	14.71812984292521	14.717641612011986	1.0715803000493906e-06	-4.363584594102576e-06	58.1598596605327	True	Stroma
Patient02	ROI02	37	419.262	1.06869e-11	7008	7834	7062.95713111901	7842.15237856632	40.7529564538638	Patient02_AATTGAACGCTCTGGT-1	7062.957130048548	7842.152382917426	14.81395889420873	14.813474755593818	1.0704625310609115e-06	-4.35110541729955e-06	55.55850553354258	True	Stroma
Patient02	ROI02	38	25.3075	1.1142e-11	7008	7834	7037.24354221068	7842.89416050214	22.4207230210799	Patient02_AATTGAACGCTCTGGT-1	7037.243541155154	7842.8941648536	14.711254541802138	14.710712763659524	1.055525899573695e-06	-4.3514601202332415e-06	30.56617169463089	True	Stroma
Patient02	ROI02	39	44.9735	1.20182e-11	7008	7834	7011.52995330235	7843.63594243796	7.52744180939698	Patient02_AATTGAACGCTCTGGT-1	7011.529952261761	7843.635946789774	14.625838468417346	14.625195641652414	1.040589268086478e-06	-4.351813913672231e-06	10.262161418748258	True	Stroma
Patient02	ROI02	40	365.153	1.74064e-11	7008	7834	7010.73537295557	7868.35080706067	25.2765675602047	Patient02_AATTGAACGCTCTGGT-1	7010.735371916098	7868.350811400005	14.723475435321022	14.7228463033677	1.0394714990979992e-06	-4.339334736869205e-06	34.45954455481768	True	Stroma
Patient02	ROI02	41	501.676	1.18364e-11	7008	7834	7036.4489618639	7867.60902512486	32.2988746248525	Patient02_AATTGAACGCTCTGGT-1	7036.448960809492	7867.609029463831	14.808752460752205	14.808197664889786	1.054408130585216e-06	-4.338970938988496e-06	44.03305577605405	True	Stroma
Patient02	ROI02	59	19.3268	8.89269e-12	7008	7834	7009.94079260879	7893.06567168339	43.3488950144472	Patient02_AATTGAACGCTCTGGT-1	7009.940791570436	7893.0656760102365	14.822515823863446	14.821856823377535	1.0383537301095205e-06	-4.326846465119161e-06	59.09754857318838	True	Stroma
Patient02	ROI02	2	216.927	1.37252e-11	7130	7767	7065.34087215935	7768.00778469817	47.4341532227548	Patient02_AGATACTCAAGATCGA-1	7065.340871085535	7768.0077890867315	14.530839183362776	14.53020981617463	1.0738149285316467e-06	-4.3885611376026645e-06	64.66698108858522	True	Stroma
Patient02	ROI02	3	1033.6	2.29575e-11	7130	7767	7091.05446106768	7767.26600276235	28.5677747651369	Patient02_AGATACTCAAGATCGA-1	7091.054459978928	7767.266007150556	14.651500952287869	14.650966740406368	1.0887515600188635e-06	-4.388206434668973e-06	38.94644733731754	True	Stroma
Patient02	ROI02	4	829.857	1.37035e-11	7130	7767	7116.76804997602	7766.52422082653	9.71209639840019	Patient02_AGATACTCAAGATCGA-1	7116.768048872322	7766.524225214383	14.788988524344312	14.788505584282795	1.1036981959477998e-06	-4.387852641229983e-06	13.240501019939307	True	Stroma
Patient02	ROI02	5	1176.04	2.11916e-11	7130	7767	7142.48163888435	7765.78243889072	9.19891712216687	Patient02_AGATACTCAAGATCGA-1	7142.481637765715	7765.782443278208	14.942837469089923	14.942362941170575	1.1186348274350166e-06	-4.3874879338545725e-06	12.540883712647654	True	Stroma
Patient02	ROI02	6	240.472	1.08448e-11	7130	7767	7168.19522779268	7765.0406569549	28.0535832709055	Patient02_AGATACTCAAGATCGA-1	7168.195226659109	7765.040661342034	15.112548108053849	15.112040397524323	1.1335714589222334e-06	-4.387133230920881e-06	38.24545007321937	True	Stroma
Patient02	ROI02	13	47.6944	1.18242e-11	7130	7767	7167.4006474459	7789.75552157762	32.1126999523455	Patient02_AGATACTCAAGATCGA-1	7167.400646313447	7789.755525952265	15.203553876512306	15.203033667311797	1.1324536899337545e-06	-4.374644959170837e-06	43.77924384502381	True	Stroma
Patient02	ROI02	14	283.852	1.1386e-11	7130	7767	7141.68705853757	7790.49730351344	19.2498323706995	Patient02_AGATACTCAAGATCGA-1	7141.687057420053	7790.497307888439	15.034452784372728	15.033991007949416	1.1175170584465377e-06	-4.374999662104528e-06	26.24329647097144	True	Stroma
Patient02	ROI02	15	1035.32	1.30087e-11	7130	7767	7115.97346962924	7791.23908544925	20.5420250393947	Patient02_AGATACTCAAGATCGA-1	7115.973468526659	7791.239089824614	14.881128962925072	14.880684810391822	1.102580426959321e-06	-4.375364369479939e-06	28.00494273620072	True	Stroma
Patient02	ROI02	16	304.939	1.25815e-11	7130	7767	7090.2598807209	7791.98086738507	34.4308253965344	Patient02_AGATACTCAAGATCGA-1	7090.259879633266	7791.980871760788	14.744074624507194	14.743605972989869	1.0876337910303846e-06	-4.375718162918929e-06	46.93954426310069	True	Stroma
Patient02	ROI02	23	383.258	2.36757e-11	7130	7767	7089.46530037413	7816.69573200779	47.0406745684833	Patient02_AGATACTCAAGATCGA-1	7089.465299287604	7816.695736371019	14.838115155743232	14.837667891188577	1.0865260264836252e-06	-4.363228981674183e-06	64.13055163921186	True	Stroma
Patient02	ROI02	24	650.288	1.71546e-11	7130	7767	7115.17888928246	7815.95395007197	37.5180504944306	Patient02_AGATACTCAAGATCGA-1	7115.178888180997	7815.953954434845	14.974728221678786	14.974279419732536	1.101462657970842e-06	-4.3628751882351935e-06	51.14835823905337	True	Stroma
Patient02	ROI02	26	614.144	2.18905e-11	7130	7767	7166.60606709913	7814.47038620034	43.9707494368402	Patient02_AGATACTCAAGATCGA-1	7166.606065967784	7814.470390562496	15.296001408789753	15.29542680367442	1.131345925386995e-06	-4.362156687420793e-06	59.94532270724236	True	Stroma
Patient02	ROI02	10	727.439	2.66371e-11	7249	7839	7244.5414141709	7787.53017577017	37.8952368060304	Patient02_ACTGAATGGCGAAAGT-1	7244.541412993629	7787.530180143743	15.800219686585974	15.799295080634463	1.177270860353019e-06	-4.373572664917447e-06	51.66257633766487	True	Stroma
Patient02	ROI02	29	24.4385	7.60305e-12	7249	7839	7243.74683382413	7812.24504039289	19.9998501873598	Patient02_ACTGAATGGCGAAAGT-1	7243.746832647967	7812.245044753974	15.890381825044036	15.889334489424831	1.1761630958062597e-06	-4.361084393167403e-06	27.265795760428723	True	Stroma
Patient02	ROI02	30	789.799	1.95465e-11	7249	7839	7242.95225347735	7836.9599050156	4.68170763341487	Patient02_ACTGAATGGCGAAAGT-1	7242.952252302304	7836.959909364205	15.98193340653492	15.980724535915968	1.1750453268177807e-06	-4.348605216364376e-06	6.382572016640557	True	Stroma
Patient02	ROI02	32	64.4034	1.08318e-11	7249	7839	7191.52507566068	7838.44346888724	42.1606533620017	Patient02_ACTGAATGGCGAAAGT-1	7191.525074515517	7838.4434732365535	15.572823998545786	15.572009628006796	1.1451629688963294e-06	-4.349313712737057e-06	57.477618728423415	True	Stroma
Patient02	ROI02	48	137.274	1.33088e-11	7249	7839	7216.44408422224	7862.41655157414	29.4158659385635	Patient02_ACTGAATGGCGAAAGT-1	7216.444083063249	7862.416555910611	15.86412099996371	15.862947200051728	1.158990926342085e-06	-4.336471647548024e-06	40.10265003404304	True	Stroma
Patient02	ROI02	49	27.3333	8.58789e-12	7249	7839	7242.15767313057	7861.67476963832	17.3730282083736	Patient02_ACTGAATGGCGAAAGT-1	7242.157671956643	7861.674773974437	16.0748506910658	16.073442181840356	1.1739275578293018e-06	-4.336116944614332e-06	23.68464935647127	True	Stroma
Patient02	ROI02	50	200.991	1.59505e-11	7249	7839	7241.36309278379	7886.38963426104	35.2094472522554	Patient02_ACTGAATGGCGAAAGT-1	7241.36309161098	7886.389638584668	16.169110134237936	16.167464586546604	1.1728097888408229e-06	-4.323628672864288e-06	48.00103943899651	True	Stroma
Patient02	ROI02	51	333.245	1.29658e-11	7249	7839	7215.64950387546	7887.13141619686	42.9521855297694	Patient02_ACTGAATGGCGAAAGT-1	7215.649502717587	7887.131420520842	15.95923154900235	15.957840364671208	1.157873157353606e-06	-4.323981556808576e-06	58.55671453273599	True	Stroma
Patient02	ROI02	43	64.0377	9.54298e-12	7127	7906	7087.87613968057	7866.12546125322	40.9761795810056	Patient02_TCCTACATCCACGGCC-1	7087.87613859628	7866.125465591482	15.030486234681945	15.029952537731766	1.084290488506667e-06	-4.338261533121113e-06	55.86282562279397	True	Stroma
Patient02	ROI02	44	499.395	1.43837e-11	7127	7906	7113.5897285889	7865.38367931741	31.3745316189502	Patient02_TCCTACATCCACGGCC-1	7113.589727489673	7865.383683655308	15.166194740565588	15.165609571679996	1.0992262104991823e-06	-4.337898644735105e-06	42.77289895611939	True	Stroma
Patient02	ROI02	45	352.236	1.16803e-11	7127	7906	7139.30331749724	7864.64189738159	31.6506457108012	Patient02_TCCTACATCCACGGCC-1	7139.303316383067	7864.641901719134	15.317895351604609	15.317218936093775	1.1141728464281186e-06	-4.337543941801414e-06	43.1493252975389	True	Stroma
Patient02	ROI02	46	144.051	1.26352e-11	7127	7906	7165.01690640557	7863.90011544577	41.6083370475346	Patient02_TCCTACATCCACGGCC-1	7165.016905276461	7863.900119782959	15.485118072937494	15.48431206264138	1.1291085684206337e-06	-4.3371892388677225e-06	56.72464589690576	True	Stroma
Patient02	ROI02	53	871.059	1.77664e-11	7127	7906	7164.22232605879	7888.61498006849	30.1343201643841	Patient02_TCCTACATCCACGGCC-1	7164.222324930799	7888.614984393191	15.58173596703035	15.580754493374718	1.1279907994321547e-06	-4.324700967117678e-06	41.08211868010059	True	Stroma
Patient02	ROI02	54	278.02	1.49695e-11	7127	7906	7138.50873715046	7889.35676200431	14.8425375191306	Patient02_TCCTACATCCACGGCC-1	7138.5087360374055	7889.356766329365	15.415153932292297	15.414324315850209	1.113054167944938e-06	-4.325054760556668e-06	20.234831399829712	True	Stroma
Patient02	ROI02	55	345.594	9.86188e-12	7127	7906	7112.79514824213	7890.09854394012	15.6401018728276	Patient02_TCCTACATCCACGGCC-1	7112.795147144012	7890.09854826554	15.264008464438191	15.263293206482034	1.098118445952423e-06	-4.325419467932079e-06	21.32215088323268	True	Stroma
Patient02	ROI02	63	603.61	1.01771e-11	7127	7906	7086.28697898702	7915.55519049866	30.6750347011111	Patient02_TCCTACATCCACGGCC-1	7086.286977904956	7915.555194811945	15.228396021331022	15.227609166913762	1.0820640454767272e-06	-4.313284989621025e-06	41.81927480802383	True	Stroma
Patient02	ROI02	65	440.772	1.54281e-11	7127	7906	7137.71415680368	7914.07162662703	9.83960415967971	Patient02_TCCTACATCCACGGCC-1	7137.714155691743	7914.071630939597	15.513758151194006	15.51273583209386	1.1119373084511608e-06	-4.312566488806624e-06	13.414332350886268	True	Stroma
Patient02	ROI02	66	293.507	9.8086e-12	7127	7906	7163.42774571202	7913.32984469121	27.2558275529149	Patient02_TCCTACATCCACGGCC-1	7163.427744585138	7913.329849003422	15.679693180148456	15.678497434910886	1.1268821253906935e-06	-4.3122117858729325e-06	37.157869702888455	True	Stroma
Patient02	ROI02	67	349.961	1.31109e-11	7127	7906	7189.14133462035	7912.58806275539	45.8370009873876	Patient02_TCCTACATCCACGGCC-1	7189.141333478532	7912.588067067248	15.86049725291122	15.859093054084768	1.1418178473832086e-06	-4.311857992433943e-06	62.48958344610122	True	Stroma
Patient02	ROI02	74	1122.51	1.62147e-11	7127	7906	7136.9195764569	7938.78649124974	25.1259635426742	Patient02_TCCTACATCCACGGCC-1	7136.919575346082	7938.786495549828	15.613682514228527	15.61242878550878	1.11081862996798e-06	-4.300088221498299e-06	34.25422609771759	True	Stroma
Patient02	ROI02	84	61.0267	1.11798e-11	7127	7906	7110.41140720179	7964.24313780828	44.4212055998215	Patient02_TCCTACATCCACGGCC-1	7110.411406107026	7964.243142096234	15.565456616077046	15.564113248466274	1.0947642294922844e-06	-4.287953743187245e-06	60.55942959423523	True	Stroma
Patient02	ROI02	85	599.437	2.84179e-11	7127	7906	7136.12499611013	7963.50135587246	42.7058499715519	Patient02_TCCTACATCCACGGCC-1	7136.12499500042	7963.501360160059	15.714901838714365	15.71337878602096	1.1097099559265189e-06	-4.2875990402535535e-06	58.22088526621035	True	Stroma
Patient02	ROI02	60	414.425	1.31389e-11	7005	7972	7009.14621226202	7917.78053630611	39.8868663796979	Patient02_ATGGTCGCGTGGTTTC-1	7009.146211224775	7917.780540620468	14.922931691419684	14.922200133256329	1.037245056068059e-06	-4.314358193369117e-06	54.37776493544769	True	Stroma
Patient02	ROI02	61	633.385	1.12806e-11	7005	7972	7034.85980117035	7917.03875437029	45.8804012055744	Patient02_ATGGTCGCGTGGTTTC-1	7034.859800118169	7917.038758684293	15.007912357681896	15.007203481327258	1.052180778060574e-06	-4.314003490435425e-06	62.54875096356552	True	Stroma
Patient02	ROI02	79	389.62	1.35919e-11	7005	7972	7008.35163191524	7942.49540092883	21.7812340747199	Patient02_ATGGTCGCGTGGTTTC-1	7008.351630879113	7942.495405230699	15.024695459435746	15.023849528178308	1.03612728707958e-06	-4.301869012124371e-06	29.69435641406837	True	Stroma
Patient02	ROI02	80	309.914	1.1475e-11	7005	7972	7007.55705156846	7967.21026555155	3.9826561438119	Patient02_ATGGTCGCGTGGTTTC-1	7007.557050533451	7967.210269840931	15.127779926172774	15.126778678154444	1.0350095180911012e-06	-4.289380740374327e-06	5.429555120857854	True	Stroma
Patient02	ROI02	82	701.015	9.26608e-12	7005	7972	7058.98422938513	7965.72670167991	39.8646702475066	Patient02_ATGGTCGCGTGGTTTC-1	7058.984228320238	7965.726705968583	15.313835747732734	15.31274121349952	1.0648918760125523e-06	-4.288673153496347e-06	54.34750494842571	True	Stroma
Patient02	ROI02	97	203.488	1.13866e-11	7005	7972	7058.18964903835	7990.44156630263	41.2938573836991	Patient02_ATGGTCGCGTGGTTTC-1	7058.1896479745765	7990.441570578814	15.417769233521735	15.416432382734143	1.0637731975293718e-06	-4.2761839722516015e-06	56.29591577119177	True	Stroma
Patient02	ROI02	98	102.466	8.62661e-12	7005	7972	7032.47606013001	7991.18334823845	24.5802232017425	Patient02_ATGGTCGCGTGGTTTC-1	7032.476059081182	7991.183352514988	15.31665344170412	15.315406262396518	1.048828380589839e-06	-4.276537765690591e-06	33.51021829092716	True	Stroma
Patient02	ROI02	99	86.9184	1.25193e-11	7005	7972	7006.76247122168	7991.92513017426	14.6724328595558	Patient02_ATGGTCGCGTGGTTTC-1	7006.7624701877885	7991.925134451162	15.232158277951216	15.230961637878584	1.0338917491026225e-06	-4.276902473066002e-06	20.002927717422924	True	Stroma
Patient02	ROI03	9	219.08	1.9008e-11	3669	6375	3663.22795382653	6373.22660344567	4.42920261079067	Patient02_ACGTGCGCCTCGTGCA-1	3663.2279522279023	6373.226607668643	65.69299339023597	65.69277990558379	1.5986279322532937e-06	-4.222973075229675e-06	6.038331919295065	True	Stroma
Patient02	ROI03	10	118.152	2.08283e-11	3669	6375	3662.71266728796	6397.85172986396	17.3849397700955	Patient02_ACGTGCGCCTCGTGCA-1	3662.712665690396	6397.851734075519	65.68396457308144	65.68378461241655	1.5975642781995705e-06	-4.211558916722424e-06	23.700888388566515	True	Stroma
Patient02	ROI03	24	193.25	9.61347e-12	3547	6441	3532.57480386747	6424.66677811756	15.9842238022531	Patient02_AGAGCGGGCTAATCAT-1	3532.574802256176	6424.666782315733	68.19046747717424	68.19034534861305	1.6112944649648853e-06	-4.19817297370173e-06	21.791292309612263	True	Stroma
Patient02	ROI03	25	31.773	9.15116e-12	3547	6441	3558.49931924385	6424.22879375049	14.9159310429329	Patient02_AGAGCGGGCTAATCAT-1	3558.4993176355183	6424.228797949066	67.68713154863421	67.687012191041	1.60833178597386e-06	-4.198575879854616e-06	20.33488879083413	True	Stroma
Patient02	ROI03	34	101.89	1.07613e-11	3547	6441	3557.98403270529	6448.85392016878	9.90469821409625	Patient02_AGAGCGGGCTAATCAT-1	3557.984031098013	6448.853924355943	67.67898520620491	67.67887930726911	1.6072772268671542e-06	-4.187162630842067e-06	13.503075075272458	True	Stroma
Patient02	ROI03	35	46.3087	8.44144e-12	3547	6441	3532.0595173289	6449.29190453584	12.5337328714527	Patient02_AGAGCGGGCTAATCAT-1	3532.059515718669	6449.29190872261	68.1823335643743	68.18222302556177	1.6102308109111618e-06	-4.186769729130901e-06	17.087238023651885	True	Stroma
Patient02	ROI03	40	170.826	1.08995e-11	3425	6508	3427.84616928479	6475.66896842238	23.8069881606124	Patient02_AGCCCTAAGCGAAGTT-1	3427.846167663792	6475.668972596157	70.18949101317318	70.18931933406841	1.6209983186854515e-06	-4.173776687821373e-06	32.45606695936417	True	Stroma
Patient02	ROI03	59	74.1606	1.31216e-11	3425	6508	3427.33088274622	6500.29409484067	5.90531324895781	Patient02_AGCCCTAAGCGAAGTT-1	3427.330881126287	6500.294099003033	70.18218323768308	70.18200440408545	1.6199333003896754e-06	-4.162362529314123e-06	8.050713552301422	True	Stroma
Patient02	ROI03	50	79.3664	8.99165e-12	3666	6513	3660.6515211337	6496.35223553712	12.8261065489385	Patient02_GCGTCGAAATGTCGGT-1	3660.651519540372	6496.352239703025	65.65200531208816	65.65189788788295	1.5933283066260628e-06	-4.165905011177529e-06	17.48583105816817	True	Stroma
Patient02	ROI03	69	60.1022	9.76523e-12	3666	6513	3660.13623459513	6520.9773619554	7.26223757862566	Patient02_GCGTCGAAATGTCGGT-1	3660.136233002867	6520.977366109902	65.64505525750234	65.64495056460544	1.5922632883302867e-06	-4.1545017666067e-06	9.900608490936737	True	Stroma
Patient02	ROI03	84	92.59	9.61063e-12	3544	6580	3529.48308463607	6572.41753662729	12.0134003370254	Patient02_AACTGATATTAGGCCT-1	3529.4830830311403	6572.417540756993	68.1476731686812	68.14753152986528	1.6049298210418783e-06	-4.129702574573457e-06	16.377868679470758	True	Stroma
Patient02	ROI03	85	50.9305	1.02607e-11	3544	6580	3555.40760001246	6571.97955226022	10.2288010888145	Patient02_AACTGATATTAGGCCT-1	3555.407598410483	6571.979556390324	67.64430733787744	67.64417902644406	1.6019771464925725e-06	-4.130104571231641e-06	13.944924524386051	True	Stroma
Patient02	ROI03	95	85.6656	1.29144e-11	3544	6580	3528.9677980975	6597.04266304557	16.669012180678	Patient02_AACTGATATTAGGCCT-1	3528.9677964936336	6597.042667163869	68.14194377904157	68.14177809855177	1.6038661669881549e-06	-4.118298420507927e-06	22.72486430591792	True	Stroma
Patient02	ROI04	0	136.426	1.29188e-11	6198	6362	6168.49999548603	6364.80354863945	21.7361721080381	Patient02_TCACGTGCCCGATTCA-1	6168.499993823779	6364.803552565321	19.002923424070115	18.998235935457902	1.6622507246211171e-06	-3.9258711694856174e-06	29.632923434889776	True	Stroma
Patient02	ROI04	1	71.1329	9.35041e-12	6198	6362	6193.92111690066	6363.96625742861	3.32140699895348	Patient02_TCACGTGCCCGATTCA-1	6193.921115240862	6363.966261354488	18.59062073257332	18.58648020904227	1.6597987269051373e-06	-3.92587753594853e-06	4.528074161676716	True	Stroma
Patient02	ROI04	2	251.436	1.63376e-11	6198	6362	6219.3422383153	6363.12896621778	15.6767238333847	Patient02_TCACGTGCCCGATTCA-1	6219.342236657943	6363.1289701436535	18.184033668679664	18.180355880575856	1.657356733630877e-06	-3.925873897969723e-06	21.37207760204782	True	Stroma
Patient02	ROI04	16	94.3595	9.93227e-12	6198	6362	6244.31480053316	6386.22786548979	38.3400702204373	Patient02_TCACGTGCCCGATTCA-1	6244.314798878828	6386.227869420303	17.770517714346425	17.767915600579773	1.654332663747482e-06	-3.9305132304434665e-06	52.26901773151853	True	Stroma
Patient02	ROI04	17	71.6153	8.88539e-12	6198	6362	6218.89367911852	6387.06515670063	23.9355934188918	Patient02_TCACGTGCCCGATTCA-1	6218.893677461745	6387.065160631137	18.170866778473176	18.167889990699805	1.6567746570217423e-06	-3.930506863980554e-06	32.631394507970285	True	Stroma
Patient02	ROI04	18	114.081	2.27468e-11	6198	6362	6193.47255770388	6387.90244791146	19.2878624858738	Patient02_TCACGTGCCCGATTCA-1	6193.472556044662	6387.902451841971	18.57733349558316	18.5738914641086	1.6592175597907044e-06	-3.930511411454063e-06	26.295142926985125	True	Stroma
Patient02	ROI04	19	32.3863	8.2958e-12	6198	6362	6168.05143628925	6388.7397391223	29.449753910458	Patient02_TCACGTGCCCGATTCA-1	6168.05143462758	6388.739743052804	18.98952502858325	18.985533361174674	1.6616695575066842e-06	-3.930504135496449e-06	40.148849506125714	True	Stroma
Patient02	ROI04	21	41.3662	9.19526e-12	6198	6362	6193.0239985071	6411.83863839431	36.7391109639537	Patient02_TCACGTGCCCGATTCA-1	6193.023996848466	6411.838642329454	18.566629404090428	18.563767229811223	1.658634573686868e-06	-3.935144377464894e-06	50.08642997715159	True	Stroma
Patient02	ROI04	12	67.9381	1.23491e-11	6317	6434	6345.9992861917	6382.87870064645	43.1113352071273	Patient02_CATACGGCGTCTGGGC-1	6345.999284547157	6382.878704576968	16.239245920152513	16.23709862951761	1.6445428627775982e-06	-3.930517777916975e-06	58.77368328787462	True	Stroma
Patient02	ROI04	13	106.554	1.37587e-11	6317	6434	6320.57816477707	6383.71599185728	36.9773027806604	Patient02_CATACGGCGTCTGGGC-1	6320.578163130074	6383.715995787801	16.610566666444676	16.608477109706158	1.6469957699882798e-06	-3.930521415895782e-06	50.41115688088325	True	Stroma
Patient02	ROI04	14	85.1962	1.3485e-11	6317	6434	6295.15704336243	6384.55328306812	39.6511283279186	Patient02_CATACGGCGTCTGGGC-1	6295.157041712992	6384.553286998635	16.989895896843848	16.98774462322936	1.649438672757242e-06	-3.930514139938168e-06	54.056383249457056	True	Stroma
Patient02	ROI04	25	19.855	8.36106e-12	6317	6434	6294.70848416565	6408.48947355097	24.8497771508184	Patient02_CATACGGCGTCTGGGC-1	6294.708482516795	6408.489477486119	16.97997891467377	16.978404927078508	1.6488547771587037e-06	-3.935148924938403e-06	33.877701189717186	True	Stroma
Patient02	ROI04	26	100.387	1.07939e-11	6317	6434	6320.12960558029	6407.65218234013	19.4623594419061	Patient02_CATACGGCGTCTGGGC-1	6320.129603933876	6407.652186275285	16.600880240854423	16.59936648182198	1.6464146028738469e-06	-3.935155291401316e-06	26.53303462715765	True	Stroma
Patient02	ROI04	27	99.4969	8.79285e-12	6317	6434	6345.55072699492	6406.8148911293	28.9173443593907	Patient02_CATACGGCGTCTGGGC-1	6345.550725350959	6406.814895064452	16.229805491120096	16.228232091306133	1.6439616956631653e-06	-3.935151653422508e-06	39.423015565152745	True	Stroma
Patient02	ROI04	31	47.6541	1.04671e-11	6317	6434	6370.52328921278	6429.91379040131	39.3743434591113	Patient02_CATACGGCGTCTGGGC-1	6370.523287571843	6429.9137943411	15.861169318968102	15.85984009061962	1.6409367162850683e-06	-3.93979007640155e-06	53.67904243780143	True	Stroma
Patient02	ROI04	32	206.083	9.92909e-12	6317	6434	6345.10216779814	6430.75108161215	20.7506415945224	Patient02_CATACGGCGTCTGGGC-1	6345.102166154761	6430.751085551934	16.223326771750088	16.222190782895943	1.6433787095593289e-06	-3.939783709938638e-06	28.289349685804275	True	Stroma
Patient02	ROI04	33	489.922	2.56852e-11	6317	6434	6319.68104638351	6431.58837282298	2.64512560867328	Patient02_CATACGGCGTCTGGGC-1	6319.681044737678	6431.588376762767	16.594089056075603	16.59301766933297	1.6458316167700104e-06	-3.939787347917445e-06	3.606099742307869	True	Stroma
Patient02	ROI04	44	138.251	1.00138e-11	6317	6434	6268.39024435745	6457.1991457275	39.5085022852505	Patient02_CATACGGCGTCTGGGC-1	6268.390242707317	6457.199149671918	17.354614681934205	17.35364245380065	1.6501326172146946e-06	-3.944418494938873e-06	53.86194116548547	True	Stroma
Patient02	ROI04	45	129.201	1.30207e-11	6317	6434	6293.81136577209	6456.36185451667	23.6296961250283	Patient02_CATACGGCGTCTGGGC-1	6293.811364124398	6456.361858461084	16.968639538103293	16.967828472839376	1.647691533435136e-06	-3.944413947465364e-06	32.214364727253795	True	Stroma
Patient02	ROI04	47	62.3689	8.44396e-12	6317	6434	6344.65360860136	6454.687272095	25.3321177301755	Patient02_CATACGGCGTCTGGGC-1	6344.653606958563	6454.687276039416	16.21981331105148	16.218977861345397	1.642797542444896e-06	-3.944416675949469e-06	34.535276101542514	True	Stroma
Patient02	ROI04	52	283.817	1.39861e-11	6317	6434	6344.20504940458	6478.62346257784	38.3352838926885	Patient02_CATACGGCGTCTGGGC-1	6344.205047762365	6478.6234665269	16.219267036051	16.21859500757417	1.6422145563410595e-06	-3.949060555896722e-06	52.26249253089151	True	Stroma
Patient02	ROI04	53	111.798	1.12806e-11	6317	6434	6318.78392798995	6479.46075378868	33.3717757894955	Patient02_CATACGGCGTCTGGGC-1	6318.783926345282	6479.460757737734	16.589205115902555	16.588616795170168	1.644667463551741e-06	-3.949053279939108e-06	45.49574193381564	True	Stroma
Patient02	ROI04	54	238.139	1.17067e-11	6317	6434	6293.36280657531	6480.29804499952	38.1302269427913	Patient02_CATACGGCGTCTGGGC-1	6293.362804928201	6480.298048948567	16.96722282072769	16.96659676587406	1.6471094568260014e-06	-3.949046913476195e-06	51.98293839110874	True	Stroma
Patient02	ROI04	40	15.044	9.07721e-12	6195	6501	6166.7057586989	6460.54831057085	36.209932106183	Patient02_CACATGATTCAGCAAC-1	6166.705757038988	6460.548314515253	18.96450762596997	18.961905878674127	1.659912413742859e-06	-3.944403033528943e-06	49.36500044036528	True	Stroma
Patient02	ROI04	41	126.32	1.0011e-11	6195	6501	6192.12688011354	6459.71101936001	30.3592927865145	Patient02_CACATGATTCAGCAAC-1	6192.12687845607	6459.71102330442	18.55298746270372	18.55092745107777	1.6574704204685986e-06	-3.944409399991855e-06	41.38882385586027	True	Stroma
Patient02	ROI04	42	21.777	9.09084e-12	6195	6501	6217.54800152818	6458.87372814917	35.0481310915903	Patient02_CACATGATTCAGCAAC-1	6217.547999873152	6458.873732093585	18.147230057697133	18.14562645708542	1.6550284271943385e-06	-3.944414856960066e-06	47.78111711717102	True	Stroma
Patient02	ROI04	57	20.7475	7.9632e-12	6195	6501	6217.0994423314	6482.80991863202	20.9952287193165	Patient02_CACATGATTCAGCAAC-1	6217.099440676953	6482.809922581068	18.144650614996312	18.14326030847001	1.6544463505852036e-06	-3.949048732465599e-06	28.62279531304731	True	Stroma
Patient02	ROI04	58	58.1687	9.61039e-12	6195	6501	6191.67832091676	6483.64720984286	12.959619096078	Patient02_CACATGATTCAGCAAC-1	6191.678319259871	6483.647213791903	18.550055324201256	18.548217035218254	1.656888343859464e-06	-3.949042366002686e-06	17.6678487136878	True	Stroma
Patient02	ROI04	59	267.638	1.19965e-11	6195	6501	6166.25719950212	6484.48450105369	24.3158628143757	Patient02_CACATGATTCAGCAAC-1	6166.2571978427895	6484.484505002736	18.961238878341963	18.958866823512757	1.6593303371337242e-06	-3.949046003981493e-06	33.149815774850104	True	Stroma
Patient02	ROI04	60	153.746	1.53701e-11	6195	6501	6165.80864030534	6508.42069153654	22.0933004779067	Patient02_CACATGATTCAGCAAC-1	6165.808638646591	6508.42069549022	18.96050835675582	18.95824886413428	1.6587491700192911e-06	-3.9536798794870265e-06	30.11979654153532	True	Stroma
Patient02	ROI04	61	178.834	2.33882e-11	6195	6501	6191.22976171998	6507.58340032571	5.56484825129853	Patient02_CACATGATTCAGCAAC-1	6191.229760063674	6507.583404279386	18.54971774204668	18.54798137692432	1.6563062672503293e-06	-3.953676241508219e-06	7.586557620995183	True	Stroma
Patient02	ROI04	62	91.8662	1.18264e-11	6195	6501	6216.65088313462	6506.74610911487	16.4310226482091	Patient02_CACATGATTCAGCAAC-1	6216.650881480757	6506.746113068552	18.14472375520152	18.143424202847942	1.6538633644813672e-06	-3.95368169847643e-06	22.40041317630019	True	Stroma
Patient02	ROI04	63	364.44	1.14476e-11	6195	6501	6242.07200454925	6505.90881790404	34.7152248102331	Patient02_CACATGATTCAGCAAC-1	6242.072002897839	6505.908821857718	17.74592326917716	17.744967904499525	1.6514113667653874e-06	-3.953678060497623e-06	47.327265983781736	True	Stroma
Patient02	ROI04	76	60.5902	1.08002e-11	6195	6501	6241.62344535247	6529.84500838688	40.2149166054835	Patient02_CACATGATTCAGCAAC-1	6241.62344370164	6529.845012345201	17.749137792028495	17.74813608265609	1.6508301996509545e-06	-3.958321030950174e-06	54.824995808244005	True	Stroma
Patient02	ROI04	78	122.31	1.15987e-11	6195	6501	6190.7812025232	6531.51959080856	22.5994266593415	Patient02_CACATGATTCAGCAAC-1	6190.781200867476	6531.519594766869	18.55197485787607	18.550220570512423	1.6557241906411946e-06	-3.958309207519051e-06	30.809798364679096	True	Stroma
Patient02	ROI04	79	28.7002	7.61012e-12	6195	6501	6165.36008110856	6532.35688201939	31.6499195565015	Patient02_CACATGATTCAGCAAC-1	6165.360079450394	6532.356885977702	18.962316354566404	18.960052237268886	1.658166183915455e-06	-3.958312845497858e-06	43.14833533137829	True	Stroma
Patient02	ROI04	80	10.5103	8.40142e-12	6195	6501	6164.91152191178	6556.29307250224	46.1743611778811	Patient02_CACATGATTCAGCAAC-1	6164.911520254196	6556.293076465186	18.966662145820365	18.964276252160083	1.6575841073063202e-06	-3.962945811508689e-06	62.94950659380278	True	Stroma
Patient02	ROI04	81	85.5131	9.29051e-12	6195	6501	6190.33264332642	6555.45578129141	40.0905397185959	Patient02_CACATGATTCAGCAAC-1	6190.332641671278	6555.455785254351	18.556825724889443	18.55493371999361	1.65514211403206e-06	-3.96294126403518e-06	54.655432798362185	True	Stroma
Patient02	ROI04	82	118.859	1.13852e-11	6195	6501	6215.75376474106	6554.61849008057	42.1733147715988	Patient02_CACATGATTCAGCAAC-1	6215.753763088361	6554.618494043518	18.15282649325215	18.15134078849112	1.6526992112630978e-06	-3.962947630498093e-06	57.4948800281161	True	Stroma
Patient02	ROI04	50	17.8604	9.29885e-12	6436	6506	6395.04729223386	6476.94888015617	36.8301000342898	Patient02_GCTGAGGCGTGAGTAT-1	6395.047290596529	6476.948884105232	15.505930441129491	15.50469297179225	1.6373314792872409e-06	-3.949061465391424e-06	50.210475376751766	True	Stroma
Patient02	ROI04	69	658.314	2.55447e-11	6436	6506	6394.59873303708	6500.88507063902	30.5993053553565	Patient02_GCTGAGGCGTGAGTAT-1	6394.598731400332	6500.885074592716	15.509441707963898	15.508200276177496	1.6367475836887024e-06	-3.953695340896957e-06	41.71603299095913	True	Stroma
Patient02	ROI04	70	1679.96	1.34353e-11	6436	6506	6394.1501738403	6524.82126112187	33.6590173393598	Patient02_GCTGAGGCGTGAGTAT-1	6394.150172204134	6524.821265080198	15.516054665387855	15.51466595016731	1.6361664165742695e-06	-3.958328306907788e-06	45.88733833874746	True	Stroma
Patient02	ROI04	89	456.922	3.29639e-11	6436	6506	6393.70161464352	6548.75745160472	44.1168012054222	Patient02_GCTGAGGCGTGAGTAT-1	6393.701613007936	6548.757455567682	15.525765350051712	15.524086297341036	1.6355843399651349e-06	-3.962962182413321e-06	60.14443508334955	True	Stroma
Patient02	ROI04	73	84.5263	1.0841e-11	6314	6573	6317.88680959638	6527.33313475438	33.6184070427844	Patient02_GCTAGTAGAGCTTGTA-1	6317.886807952888	6527.3331387127	16.595925081475993	16.595283285025637	1.6434923963970505e-06	-3.958320121455472e-06	45.83197432142909	True	Stroma
Patient02	ROI04	74	119.936	1.61987e-11	6314	6573	6292.46568818175	6528.17042596521	36.480204293949	Patient02_GCTAGTAGAGCTTGTA-1	6292.465686535805	6528.170429923533	16.972898877724752	16.97224933614244	1.645945303607732e-06	-3.958323759434279e-06	49.733462513948965	True	Stroma
Patient02	ROI04	84	158.074	1.17615e-11	6314	6573	6266.59600757033	6552.9439076589	37.7555785492447	Patient02_GCTAGTAGAGCTTGTA-1	6266.596005922525	6552.943911621851	17.363963520879892	17.36300184292835	1.647804310778156e-06	-3.9629512684769e-06	51.47218023619153	True	Stroma
Patient02	ROI04	85	130.988	1.34872e-11	6314	6573	6292.01712898497	6552.10661644806	22.2459301119607	Patient02_GCTAGTAGAGCTTGTA-1	6292.017127339607	6552.106620411017	16.979988807551578	16.979130911461233	1.6453632269985974e-06	-3.96295672544511e-06	30.32787652164109	True	Stroma
Patient02	ROI04	86	330.442	1.00328e-11	6314	6573	6317.4382503996	6551.26932523723	16.1380438919126	Patient02_GCTAGTAGAGCTTGTA-1	6317.438248756689	6551.269329200182	16.603633076368684	16.60276348988377	1.6429112292826176e-06	-3.9629521779716015e-06	22.000995237844062	True	Stroma
Patient02	ROI04	93	32.9037	1.00655e-11	6314	6573	6316.98969120282	6575.20551572007	2.72513661064833	Patient02_GCTAGTAGAGCTTGTA-1	6316.989689560492	6575.205519687666	16.614234872493945	16.61300381552185	1.6423282431787811e-06	-3.967596057918854e-06	3.7151787412848902	True	Stroma
Patient02	ROI04	94	142.328	1.08869e-11	6314	6573	6291.56856978819	6576.04280693091	16.6044647035253	Patient02_GCTAGTAGAGCTTGTA-1	6291.568568143409	6576.0428108985	16.989909079647074	16.988712063356964	1.6447811503894627e-06	-3.967589691455942e-06	22.636866730316243	True	Stroma
Patient02	ROI04	95	194.266	8.12892e-12	6314	6573	6266.14744837355	6576.88009814175	35.2157278185134	Patient02_GCTAGTAGAGCTTGTA-1	6266.147446726327	6576.880102109333	17.373227718271856	17.37194850470812	1.647223143663723e-06	-3.967583324993029e-06	48.0096017349828	True	Stroma
Patient03	ROI01	0	51.0857	9.58551e-12	4325	9747	4346.66460484246	9694.99531650593	41.3238932524874	Patient03_GTCAAAGAAGTGGTGT-1	4346.664606740776	9694.995355633277	12.605486163760682	12.605811082749126	-1.898316440929193e-06	-3.9127346099121496e-05	56.33686367111931	True	Stroma
Patient03	ROI01	1	128.283	1.16161e-11	4325	9747	4368.00145328619	9710.22032899274	41.5059498955839	Patient03_GTCAAAGAAGTGGTGT-1	4368.0014551892045	9710.22036812803	12.547198790747007	12.547521255192487	-1.903014890558552e-06	-3.913528962584678e-05	56.5850614926468	True	Stroma
Patient03	ROI01	2	120.248	9.95349e-12	4325	9747	4389.33830172991	9725.44534147954	49.7710936288376	Patient03_GTCAAAGAAGTGGTGT-1	4389.338303637633	9725.445380622785	12.493503982973843	12.49382886967589	-1.9077224351349287e-06	-3.914324224751908e-05	67.85293194418773	True	Stroma
Patient03	ROI01	17	410.721	1.07215e-11	4325	9747	4374.34079694907	9746.66953905454	36.1929902229643	Patient03_GTCAAAGAAGTGGTGT-1	4374.340798852824	9746.669578204324	12.58314856354591	12.583408118049563	-1.9037543097510932e-06	-3.914978515240364e-05	49.3419035709591	True	Stroma
Patient03	ROI01	18	254.897	1.95505e-11	4325	9747	4353.00394850535	9731.44452656773	23.4975875606045	Patient03_GTCAAAGAAGTGGTGT-1	4353.003950404395	9731.444565709571	12.633140915767443	12.63339847190431	-1.8990449461853127e-06	-3.914184162567835e-05	32.03426112137415	True	Stroma
Patient03	ROI01	19	126.776	1.18894e-11	4325	9747	4331.66710006162	9716.21951408093	23.1014904744485	Patient03_GTCAAAGAAGTGGTGT-1	4331.667101955966	9716.219553214818	12.68772632236776	12.687986743929375	-1.8943464965559544e-06	-3.913388718501665e-05	31.49426196381916	True	Stroma
Patient03	ROI01	20	331.171	1.02058e-11	4325	9747	4316.66959528078	9737.44371165593	9.29910638839657	Patient03_GTCAAAGAAGTGGTGT-1	4316.669597171157	9737.44375079636	12.77764745586625	12.77785449866098	-1.8903765521827156e-06	-3.91404300899012e-05	12.67747173931055	True	Stroma
Patient03	ROI01	21	93.5462	8.07093e-12	4325	9747	4338.00644372451	9752.66872414273	10.4071693791086	Patient03_GTCAAAGAAGTGGTGT-1	4338.006445619586	9752.668763291113	12.726745804380208	12.726949660660136	-1.895075911306776e-06	-3.9148382711573504e-05	14.188094014532586	True	Stroma
Patient03	ROI01	22	123.98	1.04365e-11	4325	9747	4359.34329216823	9767.89373662954	29.4869993460215	Patient03_GTCAAAGAAGTGGTGT-1	4359.343294068014	9767.893775785868	12.680432612514048	12.680638127503652	-1.8997843653778543e-06	-3.915632805728819e-05	40.19962620842323	True	Stroma
Patient03	ROI01	38	505.6	6.97286e-11	4325	9747	4323.00893894367	9773.89292171773	19.7803320671374	Patient03_GTCAAAGAAGTGGTGT-1	4323.008940834776	9773.892960872656	12.827845711947846	12.828006929944191	-1.8911059669335373e-06	-3.915492561645806e-05	26.96652670712333	True	Stroma
Patient03	ROI01	4	160.212	9.40607e-12	4444	9819	4432.01199861736	9755.89536645315	47.1159855635737	Patient03_CAGATCCTGGTTTGAA-1	4432.012000534491	9755.895405612291	12.400125602331446	12.400470189243231	-1.917130248330068e-06	-3.915914203389548e-05	64.23322311882308	True	Stroma
Patient03	ROI01	5	388.279	1.32965e-11	4444	9819	4453.34884706109	9771.12037893995	35.7836126280798	Patient03_CAGATCCTGGTTTGAA-1	4453.34884898292	9771.120418107046	12.36054787849429	12.360909830131098	-1.921829607454129e-06	-3.9167096474557184e-05	48.78379909586448	True	Stroma
Patient03	ROI01	6	1372.6	1.51318e-11	4444	9819	4474.68569550481	9786.34539142675	32.8687683202464	Patient03_CAGATCCTGGTTTGAA-1	4474.685697431349	9786.3454306018	12.325773848639274	12.326158214246924	-1.9265389710199088e-06	-3.9175049096229486e-05	44.80999185099298	True	Stroma
Patient03	ROI01	7	52.4249	9.86882e-12	4444	9819	4496.02254394854	9801.57040391356	40.2440441574616	Patient03_CAGATCCTGGTTTGAA-1	4496.022545879778	9801.570443096552	12.295844268993877	12.29625611299454	-1.931237420649268e-06	-3.918299262295477e-05	54.86470539986752	True	Stroma
Patient03	ROI01	11	466.008	1.0137e-11	4444	9819	4502.36188761142	9838.01961397536	45.0252043840725	Patient03_CAGATCCTGGTTTGAA-1	4502.3618895433965	9838.019653172849	12.382406486394547	12.382782503615674	-1.931976839841809e-06	-3.9197486330522224e-05	61.38286113680036	True	Stroma
Patient03	ROI01	12	440.112	1.09892e-11	4444	9819	4481.0250391677	9822.79460148855	27.3006533557386	Patient03_CAGATCCTGGTTTGAA-1	4481.025041094968	9822.794640678094	12.403847901755643	12.404191958294073	-1.927267476276029e-06	-3.918954462278634e-05	37.2189807198776	True	Stroma
Patient03	ROI01	13	499.34	2.54776e-11	4444	9819	4459.68819072397	9807.56958900175	14.2379941900897	Patient03_CAGATCCTGGTTTGAA-1	4459.688192646539	9807.56962818334	12.43014172701859	12.430458854131516	-1.92256902664667e-06	-3.918159018212464e-05	19.41065747934812	True	Stroma
Patient03	ROI01	14	202.875	1.026e-11	4444	9819	4438.35134228025	9792.34457651495	19.986331442962	Patient03_CAGATCCTGGTTTGAA-1	4438.35134419811	9792.344615688588	12.461257245797702	12.46155247511325	-1.9178605725755915e-06	-3.9173637560452335e-05	27.247365656192365	True	Stroma
Patient03	ROI01	15	789.029	1.16978e-11	4444	9819	4417.01449383652	9777.11956402815	36.5448296154582	Patient03_CAGATCCTGGTTTGAA-1	4417.014495749682	9777.119603193833	12.497158442879028	12.497436794616684	-1.913162122946233e-06	-3.916568311979063e-05	49.8215662147577	True	Stroma
Patient03	ROI01	24	85.7333	9.00254e-12	4444	9819	4402.01698905568	9798.34376160314	34.3207350810327	Patient03_CAGATCCTGGTTTGAA-1	4402.016990964872	9798.343800775376	12.601768955500113	12.601992515916791	-1.9091921785729937e-06	-3.91722351196222e-05	46.78945813598176	True	Stroma
Patient03	ROI01	25	168.509	9.21808e-12	4444	9819	4423.35383749941	9813.56877408995	15.6594944127519	Patient03_CAGATCCTGGTTTGAA-1	4423.353839413301	9813.568813270129	12.569505873498032	12.569745891068171	-1.9138915376970544e-06	-3.9180178646347485e-05	21.348588732906503	True	Stroma
Patient03	ROI01	26	64.9925	1.09887e-11	4444	9819	4444.69068594313	9828.79378657675	7.20172445374259	Patient03_CAGATCCTGGTTTGAA-1	4444.69068786173	9828.793825764882	12.542005549683608	12.542267009616792	-1.918599991768133e-06	-3.918813126801979e-05	9.81811094778326	True	Stroma
Patient03	ROI01	27	419.477	2.18116e-11	4444	9819	4466.02753438686	9844.01879906355	24.4509318030278	Patient03_CAGATCCTGGTTTGAA-1	4466.027536310158	9844.018838259635	12.519299370211776	12.519587265349935	-1.923298441397492e-06	-3.919608570868149e-05	33.333955327061865	True	Stroma
Patient03	ROI01	32	981.666	1.36819e-11	4444	9819	4451.03002960602	9865.24299663855	34.3096235378066	Patient03_CAGATCCTGGTTTGAA-1	4451.03003152535	9865.243035841177	12.641994626665507	12.642237771291631	-1.9193294065189548e-06	-3.9202626794576645e-05	46.774309769086415	True	Stroma
Patient03	ROI01	33	129.24	1.08129e-11	4444	9819	4429.69318116229	9850.01798415175	25.0557179211024	Patient03_CAGATCCTGGTTTGAA-1	4429.693183076921	9850.018023346423	12.661166633899816	12.661383793702871	-1.914630956889596e-06	-3.919467417290434e-05	34.15846024183797	True	Stroma
Patient03	ROI01	34	766.586	1.35323e-11	4444	9819	4408.35633271857	9834.79297166494	28.5966063521827	Patient03_CAGATCCTGGTTTGAA-1	4408.356334628492	9834.79301085167	12.685100753656416	12.685296876963717	-1.909921593323816e-06	-3.918673064617906e-05	38.98575343992793	True	Stroma
Patient03	ROI01	35	231.708	8.77386e-12	4444	9819	4387.01948427484	9819.56795917814	41.7980974479178	Patient03_CAGATCCTGGTTTGAA-1	4387.019486180063	9819.567998356915	12.713770091430376	12.713950122666914	-1.9052231436944569e-06	-3.917877620551735e-05	56.983346250753634	True	Stroma
Patient03	ROI01	9	195.242	1.39654e-11	4562	9891	4538.69624083599	9832.02042888716	46.5169221216099	Patient03_GCCCTAGCCGTCGCGA-1	4538.696242776636	9832.02046808606	12.250654739700227	12.251136734313958	-1.9406461433391087e-06	-3.919889968528878e-05	63.41651992839762	True	Stroma
Patient03	ROI01	10	740.746	1.3363e-11	4562	9891	4523.69873605514	9853.24462646216	39.4495337434845	Patient03_GCCCTAGCCGTCGCGA-1	4523.6987379918255	9853.2446656676	12.365842722071989	12.366255718898408	-1.936685293912888e-06	-3.920544077118393e-05	53.781549352502736	True	Stroma
Patient03	ROI01	43	85.7787	9.52692e-12	4322	9885	4350.68513105028	9825.56714426634	48.4069461447678	Patient03_TATCTTGCAATACAAC-1	4350.6851329468245	9825.567183443703	12.862769509530656	12.86290617205794	-1.8965447452501396e-06	-3.91773646697402e-05	65.99318967916079	True	Stroma
Patient03	ROI01	54	218.043	1.12247e-11	4322	9885	4378.36132315689	9877.24136681494	41.7317091360478	Patient03_TATCTTGCAATACAAC-1	4378.361325058873	9877.241406014751	12.937529129981332	12.937670473544667	-1.9019835235667413e-06	-3.919981281796936e-05	56.89283906517293	True	Stroma
Patient03	ROI01	55	98.9864	1.14696e-11	4322	9885	4357.02447471316	9862.01635432814	30.7285734395677	Patient03_TATCTTGCAATACAAC-1	4357.024476610445	9862.01639352	12.959165119841163	12.959290978541429	-1.8972850739373823e-06	-3.919186019629706e-05	41.892264170159336	True	Stroma
Patient03	ROI01	56	104.448	8.66149e-12	4322	9885	4335.68762626944	9846.79134184134	29.7706745796967	Patient03_TATCTTGCAATACAAC-1	4335.687628162015	9846.791381025248	12.985445291779516	12.985560505063887	-1.8925748008769008e-06	-3.918390575563535e-05	40.58636065449996	True	Stroma
Patient03	ROI01	57	105.596	9.63029e-12	4322	9885	4314.35077782571	9831.56632935453	39.59392712669	Patient03_TATCTTGCAATACAAC-1	4314.350779713586	9831.566368530492	13.01634151582492	13.016450905471052	-1.8878763512475416e-06	-3.917596222891007e-05	53.97840085182474	True	Stroma
Patient03	ROI01	62	167.786	8.40808e-12	4322	9885	4299.35327304487	9852.79052692953	28.8815073746088	Patient03_TATCTTGCAATACAAC-1	4299.353274928777	9852.790566112037	13.142371163494886	13.14246975604136	-1.8839073163690043e-06	-3.918250513379462e-05	39.37415900381337	True	Stroma
Patient03	ROI01	63	56.5441	1.191e-11	4322	9885	4320.6901214886	9868.01553941634	12.4953392783742	Patient03_TATCTTGCAATACAAC-1	4320.690123377206	9868.015578606788	13.114972240338307	13.115076495577089	-1.8886057659983635e-06	-3.919044866051991e-05	17.034896038207812	True	Stroma
Patient03	ROI01	64	93.8646	8.82158e-12	4322	9885	4342.02696993232	9883.24055190314	14.7466504745279	Patient03_TATCTTGCAATACAAC-1	4342.026971825634	9883.24059110154	13.092158039793349	13.092272730924496	-1.893314220069442e-06	-3.919840128219221e-05	20.10410859191692	True	Stroma
Patient03	ROI01	65	183.803	1.69316e-11	4322	9885	4363.36381837605	9898.46556438994	31.9081816755227	Patient03_TATCTTGCAATACAAC-1	4363.363820274063	9898.465603596294	13.073952563066117	13.074082477048767	-1.8980126696988009e-06	-3.920635390386451e-05	43.50042407823766	True	Stroma
Patient03	ROI01	74	150.487	1.28158e-11	4322	9885	4348.36631359521	9919.68976196494	31.9610446816788	Patient03_TATCTTGCAATACAAC-1	4348.366315489254	9919.689801177836	13.216904657371495	13.217033379922045	-1.894043634820264e-06	-3.921289498975966e-05	43.57249221452929	True	Stroma
Patient03	ROI01	75	335.511	1.26861e-11	4322	9885	4327.02946515148	9904.46474947814	14.7465922737583	Patient03_TATCTTGCAATACAAC-1	4327.029467040825	9904.464788683084	13.231742180948808	13.231855926889802	-1.8893451851909049e-06	-3.920494236808736e-05	20.10402924681288	True	Stroma
Patient03	ROI01	76	55.9777	1.26779e-11	4322	9885	4305.69261670776	9889.23973699133	12.3593588554091	Patient03_TATCTTGCAATACAAC-1	4305.692618592397	9889.23977618833	13.25114945098912	13.251252950331068	-1.8846367311198264e-06	-3.919699884136208e-05	16.849513927579235	True	Stroma
Patient03	ROI01	77	105.989	1.09457e-11	4322	9885	4284.35576826403	9874.01472450453	28.7642778464739	Patient03_TATCTTGCAATACAAC-1	4284.355770143968	9874.014763693576	13.275106425565705	13.275204398314957	-1.8799373719957655e-06	-3.918904621968977e-05	39.2143399881059	True	Stroma
Patient03	ROI01	82	110.974	9.98518e-12	4322	9885	4269.35826348319	9895.23892207953	39.3370779381531	Patient03_TATCTTGCAATACAAC-1	4269.358265359158	9895.238961275118	13.414348246921524	13.414455477591105	-1.8759683371172289e-06	-3.919558730558492e-05	53.62823835309094	True	Stroma
Patient03	ROI01	83	35.4408	9.37931e-12	4322	9885	4290.69511192692	9910.46393456633	29.5998954024412	Patient03_TATCTTGCAATACAAC-1	4290.695113807587	9910.46397376987	13.393774081587717	13.39388671884048	-1.8806676962412892e-06	-3.9203539927257225e-05	40.35353740214685	True	Stroma
Patient03	ROI01	84	90.5847	8.27253e-12	4322	9885	4312.03196037064	9925.68894705313	30.7284896479253	Patient03_TATCTTGCAATACAAC-1	4312.031962256016	9925.688986264624	13.377711224863258	13.377833931309029	-1.885376150312368e-06	-3.921149436791893e-05	41.89214993700932	True	Stroma
Patient03	ROI01	85	57.1152	9.4752e-12	4322	9885	4333.36880881437	9940.91395953994	41.8528912422306	Patient03_TATCTTGCAATACAAC-1	4333.368810704445	9940.913998759375	13.366175941208924	13.366313385893976	-1.8900755094364283e-06	-3.9219437894644216e-05	57.05804663052932	True	Stroma
Patient03	ROI01	48	1071.42	1.47586e-11	4440	9957	4457.3693732689	9901.69220670035	42.5226206413975	Patient03_GGGTATTCTAGCAAAC-1	4457.369375188968	9901.692245917471	12.760772192268869	12.761012203820398	-1.9200679162167944e-06	-3.92171223211335e-05	57.97108872042261	True	Stroma
Patient03	ROI01	49	638.718	1.4068e-11	4440	9957	4478.70622171262	9916.91721918716	40.8719580840111	Patient03_GGGTATTCTAGCAAAC-1	4478.706223637397	9916.917258412226	12.75457506408621	12.754850397402215	-1.924776370287873e-06	-3.922506584785879e-05	55.72074045592608	True	Stroma
Patient03	ROI01	50	32.7657	9.40535e-12	4440	9957	4463.70871693178	9938.14141676215	22.2213594597389	Patient03_GGGTATTCTAGCAAAC-1	4463.708718852588	9938.14145599377	12.897819180594942	12.898070845714216	-1.9208082449040376e-06	-3.923161966667976e-05	30.29437935146069	True	Stroma
Patient03	ROI01	51	2256.7	1.72347e-11	4440	9957	4442.37186848806	9922.91640427535	25.0612667077003	Patient03_GGGTATTCTAGCAAAC-1	4442.371870404159	9922.916443499014	12.900694841609283	12.900911696727649	-1.916099790832959e-06	-3.9223665226018056e-05	34.16602490261472	True	Stroma
Patient03	ROI01	52	721.236	4.64978e-11	4440	9957	4421.03502004434	9907.69139178855	38.7515615534934	Patient03_GGGTATTCTAGCAAAC-1	4421.03502195573	9907.69143100426	12.908278095300847	12.908464945614504	-1.911390427267179e-06	-3.921570896636695e-05	52.83000386587931	True	Stroma
Patient03	ROI01	67	1613.49	2.39301e-11	4440	9957	4406.0375152635	9928.91558936355	32.3261367729656	Patient03_GGGTATTCTAGCAAAC-1	4406.037517170921	9928.915628585804	13.051440043571924	13.051614768574936	-1.907421392388642e-06	-3.92222518712515e-05	44.07022226258592	True	Stroma
Patient03	ROI01	68	3058.91	2.63964e-11	4440	9957	4427.37436370722	9944.14060185035	13.2189530848846	Patient03_GGGTATTCTAGCAAAC-1	4427.37436561935	9944.140641080556	13.047156982202065	13.047361272001709	-1.9121298464597203e-06	-3.923020631191321e-05	18.02139874063037	True	Stroma
Patient03	ROI01	69	246.27	1.02523e-11	4440	9957	4448.71121215094	9959.36561433715	6.62121467257469	Patient03_GGGTATTCTAGCAAAC-1	4448.711214067778	9959.36565357531	13.04753048027838	13.047769075082114	-1.9168383005307987e-06	-3.923816075257491e-05	9.026701963109916	True	Stroma
Patient03	ROI01	70	3384.46	2.62708e-11	4440	9957	4433.7137073701	9980.58981191215	17.9073158269283	Patient03_GGGTATTCTAGCAAAC-1	4433.713709282969	9980.589851156852	13.203488975298235	13.20372476034436	-1.9128692656522617e-06	-3.9244701838470064e-05	24.413043666846733	True	Stroma
Patient03	ROI01	71	260.833	1.04053e-11	4440	9957	4412.37685892638	9965.36479942535	21.1705966191293	Patient03_GGGTATTCTAGCAAAC-1	4412.37686083454	9965.364838662095	13.199940935802788	13.200142920898648	-1.908159902086481e-06	-3.923674739780836e-05	28.86187437086237	True	Stroma
Patient03	ROI01	72	310.544	9.61558e-12	4440	9957	4391.04001048266	9950.13978693855	36.2636804996197	Patient03_GGGTATTCTAGCAAAC-1	4391.040012386113	9950.139826167346	13.200995739141806	13.201168595888188	-1.9034523575101048e-06	-3.922879659512546e-05	49.43827562513187	True	Stroma
Patient03	ROI01	88	1326.22	1.10292e-11	4440	9957	4397.37935414554	9986.58899700035	38.0582108176805	Patient03_GGGTATTCTAGCAAAC-1	4397.379356049731	9986.58903624364	13.358829797841516	13.359039393490333	-1.9041908672079444e-06	-3.924329030269291e-05	51.88475880774661	True	Stroma
Patient03	ROI01	60	31.9976	8.71697e-12	4204	9813	4256.67957615742	9822.34050195592	39.2439231042358	Patient03_TATTATGTTTGCCTGC-1	4256.67957803192	9822.340541122529	13.21080430149472	13.21090578404032	-1.8744995031738652e-06	-3.916660716640763e-05	53.50124036799508	True	Stroma
Patient03	ROI01	79	34.8768	8.3961e-12	4204	9813	4241.68207137658	9843.56469953092	35.5897264249505	Patient03_TATTATGTTTGCCTGC-1	4241.68207324711	9843.564738704068	13.336566758738288	13.33666775033734	-1.8705295588006263e-06	-3.917314825230278e-05	48.51947403512416	True	Stroma
Patient03	ROI02	0	245.805	1.51993e-11	6122	9859	6133.79075661897	9869.68327174288	11.6708144748233	Patient03_AGACCGGGAAACCCTG-1	6133.790758716728	9869.683311443365	9.09734467119754	9.097698580727084	-2.0977586245862767e-06	-3.9700484194327146e-05	15.910821373518356	True	Stroma
Patient03	ROI02	1	251.257	9.24718e-12	6122	9859	6154.5184405842	9884.83913503937	30.4661058200849	Patient03_AGACCGGGAAACCCTG-1	6154.518442674895	9884.83917473886	9.164496308984884	9.164793927137412	-2.0906945792376064e-06	-3.9699489207123406e-05	41.53444206452003	True	Stroma
Patient03	ROI02	18	470.293	1.63452e-11	6122	9859	6139.145450508	9906.21857857899	36.8481287011456	Patient03_AGACCGGGAAACCCTG-1	6139.145452600087	9906.218618277226	9.272300345098978	9.272573760436272	-2.0920870156260207e-06	-3.969823592342436e-05	50.23505385826227	True	Stroma
Patient03	ROI02	20	56.5127	8.83602e-12	6122	9859	6103.04477646658	9912.44215882213	41.5933302546411	Patient03_AGACCGGGAAACCCTG-1	6103.044778567111	9912.4421985201	9.314482575944194	9.314795563617272	-2.1005316739319824e-06	-3.969796853198204e-05	56.70418713615189	True	Stroma
Patient03	ROI02	3	91.453	8.59173e-12	6240	9931	6195.97380851465	9915.15086163234	34.3226737199123	Patient03_TTCAGGCGTCAAAGCC-1	6195.973810591228	9915.15090132985	9.316118058649645	9.316322881391368	-2.0765783119713888e-06	-3.969750832766295e-05	46.79210108236119	True	Stroma
Patient03	ROI02	5	183.378	8.48986e-12	6240	9931	6237.4291764451	9945.46258822531	10.7748125541041	Patient03_TTCAGGCGTCAAAGCC-1	6237.429178507562	9945.46262792084	9.489891260327978	9.490029155663857	-2.062462044705171e-06	-3.969552926719189e-05	14.689301955004131	True	Stroma
Patient03	ROI02	6	57.7329	9.89337e-12	6240	9931	6258.15686041033	9960.6184515218	25.4828836942061	Patient03_TTCAGGCGTCAAAGCC-1	6258.156862465728	9960.618491216335	9.584714151697108	9.584828007765571	-2.055397999356501e-06	-3.969453609897755e-05	34.7408153403082	True	Stroma
Patient03	ROI02	7	109.155	8.89992e-12	6240	9931	6278.88454437556	9975.77431481828	43.4989858456754	Patient03_TTCAGGCGTCAAAGCC-1	6278.884546423895	9975.77435451183	9.68462358317811	9.684719498361211	-2.048334863502532e-06	-3.969355020672083e-05	59.30216740340379	True	Stroma
Patient03	ROI02	13	495.444	1.53746e-11	6240	9931	6242.78387033414	9981.99789506142	37.4633766763379	Patient03_TTCAGGCGTCAAAGCC-1	6242.783872390919	9981.997934754703	9.710155978314848	9.710251141389245	-2.056778612313792e-06	-3.969328281527851e-05	51.07382142284789	True	Stroma
Patient03	ROI02	14	77.4638	9.47499e-12	6240	9931	6222.05618636891	9966.84203176494	29.4013132757428	Patient03_TTCAGGCGTCAAAGCC-1	6222.056188432753	9966.842071459208	9.612068214181726	9.61218643654195	-2.0638426576624624e-06	-3.969426688854583e-05	40.08281038882183	True	Stroma
Patient03	ROI02	15	113.466	1.13648e-11	6240	9931	6201.32850240368	9951.68616846845	32.1694495619193	Patient03_TTCAGGCGTCAAAGCC-1	6201.328504474586	9951.686208163712	9.519089290797396	9.519236745308064	-2.070905793516431e-06	-3.9695261875749566e-05	43.85661058776937	True	Stroma
Patient03	ROI02	16	444.31	1.32907e-11	6240	9931	6180.60081843846	9936.53030517196	43.7585806480151	Patient03_TTCAGGCGTCAAAGCC-1	6180.60082051642	9936.530344868215	9.431370305500543	9.431553297097944	-2.077959834423382e-06	-3.9696256862953305e-05	59.65607299743927	True	Stroma
Patient03	ROI02	25	243.938	1.44125e-11	6240	9931	6206.68319629272	9988.22147530456	48.5689848371623	Patient03_TTCAGGCGTCAAAGCC-1	6206.683198357944	9988.221514997576	9.74277101476386	9.742879248492509	-2.0652241801144555e-06	-3.9693015423836187e-05	66.21409702850067	True	Stroma
Patient03	ROI02	8	285.741	1.26956e-11	6358	10003	6299.61222834078	9990.93017811477	43.7337696718896	Patient03_TCGGGATTCAAACATA-1	6299.612230382061	9990.930217807325	9.78946381918687	9.789547734488137	-2.041280822595581e-06	-3.969255521951709e-05	59.62224819369325	True	Stroma
Patient03	ROI02	9	164.959	1.46205e-11	6358	10003	6320.33991230601	10006.0860414112	27.7168036235226	Patient03_TCGGGATTCAAACATA-1	6320.339914340228	10006.08608110282	9.89907819585742	9.899155882705273	-2.034217686741613e-06	-3.969162207795307e-05	37.786318379946266	True	Stroma
Patient03	ROI02	10	52.741	1.2928e-11	6358	10003	6304.96692222982	10027.4654849508	42.840418901943	Patient03_TCGGGATTCAAACATA-1	6304.966924265419	10027.465524641188	10.033535093766428	10.033596573773648	-2.035599209193606e-06	-3.969038698414806e-05	58.404343088984646	True	Stroma
Patient03	ROI02	23	96.326	7.77246e-12	6118	9997	6165.22782836226	9957.90974871159	44.9693633483434	Patient03_TCTATTACTAGAGGAT-1	6165.227830441611	9957.909788406583	9.555487871744862	9.55565886823286	-2.0793513613170944e-06	-3.969499448430725e-05	61.30673305279027	True	Stroma
Patient03	ROI02	35	266.531	1.4134e-11	6118	9997	6170.5825222513	9994.4450555477	38.6155336715953	Patient03_TCTATTACTAGAGGAT-1	6170.582524324969	9994.445095240448	9.782397851069396	9.782532812492937	-2.073668838420417e-06	-3.9692748032393865e-05	52.64455705448416	True	Stroma
Patient03	ROI02	36	204.275	9.69223e-12	6118	9997	6149.85483828607	9979.28919225121	26.7345919581807	Patient03_TCTATTACTAGAGGAT-1	6149.854840366803	9979.289231944951	9.688130034503867	9.688298532789425	-2.0807328837690875e-06	-3.9693743019597605e-05	36.44726921658563	True	Stroma
Patient03	ROI02	37	71.7905	3.88428e-11	6118	9997	6129.12715432084	9964.13332895473	25.4523281063281	Patient03_TCTATTACTAGAGGAT-1	6129.127156408636	9964.133368649456	9.599005091962292	9.59921340286756	-2.0877951101283543e-06	-3.969472709286492e-05	34.69915890735449	True	Stroma
Patient03	ROI02	38	142.181	1.00383e-11	6118	9997	6108.39947035562	9948.97746565824	35.9222387571735	Patient03_TCTATTACTAGAGGAT-1	6108.399472450469	9948.977505353962	9.515167538556124	9.51542204568602	-2.094849151035305e-06	-3.969572208006866e-05	48.97278809765879	True	Stroma
Patient03	ROI02	40	157.54	1.07435e-11	6118	9997	6072.2987963142	9955.20104590138	45.429071261775	Patient03_TCTATTACTAGAGGAT-1	6072.298798417493	9955.201085596833	9.56771347458715	9.568024158398805	-2.103292899846565e-06	-3.969545286963694e-05	61.93345285118118	True	Stroma
Patient03	ROI02	41	112.757	8.72933e-12	6118	9997	6093.02648027943	9970.35690919786	26.7861390617866	Patient03_TCTATTACTAGAGGAT-1	6093.02648237566	9970.35694889233	9.649544641667664	9.649803772952476	-2.0962297639925964e-06	-3.969446879636962e-05	36.517543382937774	True	Stroma
Patient03	ROI02	42	189.669	8.57132e-12	6118	9997	6113.75416424465	9985.51277249435	8.98318475824036	Patient03_TCTATTACTAGAGGAT-1	6113.754166333827	9985.512812187824	9.736670981012448	9.736884957606623	-2.0891766325803478e-06	-3.969347380916588e-05	12.246775780913003	True	Stroma
Patient03	ROI02	43	50.6734	9.1142e-12	6118	9997	6134.48184820988	10000.6686357908	12.3855400930853	Patient03_TCTATTACTAGAGGAT-1	6134.481850291993	10000.66867548332	9.828951680350045	9.82912680553252	-2.082113496726379e-06	-3.969251883972902e-05	16.885206808892253	True	Stroma
Patient03	ROI02	44	44.5149	8.875e-12	6118	9997	6155.2095321751	10015.8244990873	30.5877300698762	Patient03_TCTATTACTAGAGGAT-1	6155.20953425016	10015.824538778814	9.926242986046304	9.926385449961243	-2.075059455819428e-06	-3.969151293858886e-05	41.70025240424352	True	Stroma
Patient03	ROI02	55	93.6927	7.37073e-12	6118	9997	6139.83654209891	10037.2039426269	33.5593124173448	Patient03_TCTATTACTAGAGGAT-1	6139.836544175351	10037.203982317182	10.077757904924416	10.07791651182319	-2.076440978271421e-06	-3.969028148276266e-05	45.75141061852157	True	Stroma
Patient03	ROI02	57	103.526	9.4004e-12	6118	9997	6098.38117416846	10006.8922160339	16.1165331191609	Patient03_TCTATTACTAGAGGAT-1	6098.3811762590185	10006.89225572619	9.882334607787188	9.88256306055847	-2.0905581550323404e-06	-3.969228964706417e-05	21.971669601321825	True	Stroma
Patient03	ROI02	58	255.051	8.75837e-12	6118	9997	6077.65349020323	9991.73635273749	29.8455303749019	Patient03_TCTATTACTAGAGGAT-1	6077.653492300852	9991.736392430696	9.79208469975053	9.792357338752662	-2.0976222003810108e-06	-3.969320641772356e-05	40.68841156011134	True	Stroma
Patient03	ROI02	61	266.691	8.70933e-12	6118	9997	6062.28050012704	10013.1157962771	42.5462401381474	Patient03_TCTATTACTAGAGGAT-1	6062.280502226044	10013.115835969063	9.94243663361484	9.942731258941558	-2.099003722833004e-06	-3.969196404796094e-05	58.00328918033679	True	Stroma
Patient03	ROI02	62	127.623	9.56158e-12	6118	9997	6083.00818409227	10028.2716595736	34.4231913130268	Patient03_TCTATTACTAGAGGAT-1	6083.00818618421	10028.27169926456	10.03564772592452	10.035899055816536	-2.091939677484333e-06	-3.969095996581018e-05	46.929136717050106	True	Stroma
Patient03	ROI02	64	293.757	9.38467e-12	6118	9997	6124.46355202272	10058.5833861665	45.4204149918748	Patient03_TCTATTACTAGAGGAT-1	6124.463554100543	10058.58342585555	10.236602045273932	10.23678502175996	-2.077822500723414e-06	-3.9689050026936457e-05	61.92165175835209	True	Stroma
Patient03	ROI02	27	416.297	1.02175e-11	6237	10069	6248.13856422317	10018.5332018975	37.9090315828755	Patient03_GCTACAGTACGGACCG-1	6248.138566274278	10018.533241588564	9.949961959225387	9.95003179577566	-2.051107912848238e-06	-3.969106364820618e-05	51.68138275696703	True	Stroma
Patient03	ROI02	28	256.058	9.92436e-12	6237	10069	6268.8662481884	10033.689065194	34.8887630522608	Patient03_GCTACAGTACGGACCG-1	6268.866250232444	10033.68910488406	10.060643119294422	10.060702508804132	-2.044043867499568e-06	-3.969006138504483e-05	47.56385066916211	True	Stroma
Patient03	ROI02	29	96.1321	7.58182e-12	6237	10069	6289.59393215362	10048.8449284905	41.3141686533265	Patient03_GCTACAGTACGGACCG-1	6289.5939341906105	10048.844968179556	10.175844746201266	10.1758992951366	-2.0369907360873185e-06	-3.968905548390467e-05	56.323606125075294	True	Stroma
Patient03	ROI02	30	402.243	9.7661e-12	6237	10069	6274.22094207743	10070.2243720301	27.3168593216321	Patient03_GCTACAGTACGGACCG-1	6274.220944115802	10070.224411717923	10.325682475776002	10.325739003512304	-2.038372258539312e-06	-3.968782402807847e-05	37.241074313175645	True	Stroma
Patient03	ROI02	31	117.087	9.25877e-12	6237	10069	6253.4932581122	10055.0685087336	15.8363337026167	Patient03_GCTACAGTACGGACCG-1	6253.493260157635	10055.068548422429	10.20793209878155	10.20799294179017	-2.0454344848985784e-06	-3.968882629123982e-05	21.589673736798883	True	Stroma
Patient03	ROI02	32	184.319	8.7433e-12	6237	10069	6232.76557414698	10039.9126454371	21.5608849428036	Patient03_GCTACAGTACGGACCG-1	6232.765576199468	10039.912685126932	10.094578555706706	10.094649230707036	-2.052488525805529e-06	-3.968983219237998e-05	29.393954442582128	True	Stroma
Patient03	ROI02	33	222.267	1.01417e-11	6237	10069	6212.03789018175	10024.7567821406	37.2620139864509	Patient03_GCTACAGTACGGACCG-1	6212.037892241302	10024.756821831435	9.985771579730145	9.985857777015616	-2.0595516616594978e-06	-3.969083809352014e-05	50.79930366779413	True	Stroma
Patient03	ROI02	46	109.839	9.26956e-12	6237	10069	6196.66490010556	10046.1362256802	34.0090665182854	Patient03_GCTACAGTACGGACCG-1	6196.664902166493	10046.136265369803	10.135272823581325	10.135368003497016	-2.060933184111491e-06	-3.968960481870454e-05	46.36456038442682	True	Stroma
Patient03	ROI02	47	226.909	9.35022e-12	6237	10069	6217.39258407078	10061.2920889767	15.4537138738239	Patient03_GCTACAGTACGGACCG-1	6217.39258612466	10061.2921286653	10.246716640731398	10.246796899004856	-2.0538800526992418e-06	-3.968860073655378e-05	21.068048124222624	True	Stroma
Patient03	ROI02	48	66.0193	9.07446e-12	6237	10069	6238.12026803601	10076.4479522732	5.52463319835096	Patient03_GCTACAGTACGGACCG-1	6238.120270082826	10076.447991960797	10.362583073909224	10.362654007202677	-2.0468160073505715e-06	-3.968759483541362e-05	7.531732439244636	True	Stroma
Patient03	ROI02	49	188.511	1.02123e-11	6237	10069	6258.84795200124	10091.6038155697	23.0592606969966	Patient03_GCTACAGTACGGACCG-1	6258.8479540409935	10091.60385525629	10.482725473516435	10.482792505669662	-2.0397537809913047e-06	-3.968658893427346e-05	31.436690108176368	True	Stroma
Patient03	ROI02	51	638.411	9.04021e-12	6237	10069	6222.74727795982	10097.8273958128	23.5886012265219	Patient03_GCTACAGTACGGACCG-1	6222.747280008018	10097.827435499164	10.524271502807792	10.524360763995288	-2.0481975298025645e-06	-3.968636337958742e-05	32.15834005203668	True	Stroma
Patient03	ROI02	52	303.408	1.08748e-11	6237	10069	6202.01959399459	10082.6715325164	27.5487062215825	Patient03_GCTACAGTACGGACCG-1	6202.019596049851	10082.671572203668	10.40604632338126	10.406144508523418	-2.055261575151235e-06	-3.968726741732098e-05	37.557151191888046	True	Stroma
Patient03	ROI02	53	40.5351	9.2596e-12	6237	10069	6181.29191002936	10067.5156692199	40.8771813311009	Patient03_GCTACAGTACGGACCG-1	6181.291912091684	10067.515708908171	10.29212265983623	10.292235269085852	-2.0623238015105017e-06	-3.968827331846114e-05	55.72786130869952	True	Stroma
Patient03	ROI02	67	709.319	1.05919e-11	6237	10069	6186.6466039184	10104.050976056	45.0023731094698	Patient03_GCTACAGTACGGACCG-1	6186.646605975043	10104.051015742036	10.57224246430614	10.57236650989093	-2.056643097603228e-06	-3.968603596149478e-05	61.35173526012768	True	Stroma
Patient03	ROI02	68	52.2414	7.59086e-12	6237	10069	6207.37428788363	10119.2068393525	42.7608591200321	Patient03_GCTACAGTACGGACCG-1	6207.374289933208	10119.20687903753	10.692678141455524	10.692793561685743	-2.049578142759856e-06	-3.968503006035462e-05	58.29587923832885	True	Stroma
Patient03	ROI02	70	140.051	8.71718e-12	6233	10206	6212.72898177266	10155.7421461886	39.7505590318539	Patient03_AGTGGCTCCGTCGGCC-1	6212.728983816567	10155.742185871391	10.993927981646896	10.994073695768051	-2.0439074432943016e-06	-3.968279270338826e-05	54.19193712814813	True	Stroma
Patient03	ROI02	89	58.7319	9.51004e-12	6233	10206	6197.35599169647	10177.1215897282	33.6495055563815	Patient03_AGTGGCTCCGTCGGCC-1	6197.355993741759	10177.12162940976	11.17666842629892	11.176854752288191	-2.0452889657462947e-06	-3.968156124756206e-05	45.87437092504432	True	Stroma
Patient03	ROI02	72	26.9373	8.54756e-12	6115	10135	6171.27361384221	10125.4304195956	41.8700871812666	Patient03_GATCGGATAGAACCAT-1	6171.273615900233	10125.430459280402	10.744986451113236	10.7451438776328	-2.0580237105605192e-06	-3.968480268667918e-05	57.08148985422878	True	Stroma
Patient03	ROI02	73	134.933	1.23473e-11	6115	10135	6150.54592987698	10110.2745562991	31.7609195533734	Patient03_GATCGGATAGAACCAT-1	6150.545931942067	10110.274595984907	10.626551347022684	10.626722500524052	-2.065086846414488e-06	-3.9685806768829934e-05	43.2996616271484	True	Stroma
Patient03	ROI02	74	48.918	9.06861e-12	6115	10135	6129.81824591175	10095.1186930026	31.2075544318729	Patient03_GATCGGATAGAACCAT-1	6129.818247983901	10095.11873268941	10.51232289117991	10.512513234981094	-2.072150891763158e-06	-3.968681085098069e-05	42.54525895704455	True	Stroma
Patient03	ROI02	75	58.4712	8.65405e-12	6115	10135	6109.09056194653	10079.9628297061	40.6025926363598	Patient03_GATCGGATAGAACCAT-1	6109.090564025733	10079.962869393918	10.40243966323056	10.40265481444782	-2.079203113680705e-06	-3.968781675212085e-05	55.353514541241694	True	Stroma
Patient03	ROI02	83	176.1	2.44076e-11	6115	10135	6072.98988790511	10086.1864099493	47.2397772024822	Patient03_GATCGGATAGAACCAT-1	6072.989889992758	10086.186449636789	10.4671450797015	10.467429837268377	-2.087648681481369e-06	-3.968748933402821e-05	64.40198826017009	True	Stroma
Patient03	ROI02	84	64.3062	9.78347e-12	6115	10135	6093.71757187033	10101.3422732458	29.2099372883505	Patient03_GATCGGATAGAACCAT-1	6093.717573950926	10101.342312932284	10.574941746024235	10.57519645395559	-2.08059555006912e-06	-3.968648343288805e-05	39.82190750522802	True	Stroma
Patient03	ROI02	85	32.8196	8.96113e-12	6115	10135	6114.44525583556	10116.4981365423	13.5774797025097	Patient03_GATCGGATAGAACCAT-1	6114.445257909092	10116.498176227778	10.687101528726354	10.68733184390597	-2.0735324142151512e-06	-3.9685479350737296e-05	18.510178078435334	True	Stroma
Patient03	ROI02	86	126.857	9.41967e-12	6115	10135	6135.17293980079	10131.6539998387	14.9993035234347	Patient03_GATCGGATAGAACCAT-1	6135.1729418672585	10131.654039523277	10.803488537505713	10.803699972887625	-2.066468368866481e-06	-3.968457531300373e-05	20.44855049351233	True	Stroma
Patient03	ROI02	87	178.428	1.11068e-11	6115	10135	6155.90062376601	10146.8098631352	31.226813634081	Patient03_GATCGGATAGAACCAT-1	6155.900625825425	10146.80990281877	10.923967659048676	10.924165575776044	-2.059415237454232e-06	-3.968356941186357e-05	42.57151502731419	True	Stroma
Patient03	ROI02	92	243.634	9.16073e-12	6115	10135	6140.52763368982	10168.1893066748	30.713059240659	Patient03_GATCGGATAGAACCAT-1	6140.527635750616	10168.189346357138	11.108884618542191	11.109129729519148	-2.060796759906225e-06	-3.968233795603737e-05	41.87111366270933	True	Stroma
Patient03	ROI02	93	187.067	9.69719e-12	6115	10135	6119.79994972459	10153.0334433784	13.6883392167284	Patient03_GATCGGATAGAACCAT-1	6119.79995179245	10153.03348306164	10.986493894775148	10.986752402305884	-2.067859895760193e-06	-3.9683241993770935e-05	18.66131285415153	True	Stroma
Patient03	ROI02	94	176.766	8.7336e-12	6115	10135	6099.07226575937	10137.8775800819	11.8723580445361	Patient03_GATCGGATAGAACCAT-1	6099.072267834283	10137.877619766146	10.868084379180749	10.868361542213046	-2.0749130271724425e-06	-3.968424607592169e-05	16.18558572211391	True	Stroma
Patient03	ROI02	95	210.051	1.33983e-11	6115	10135	6078.34458179414	10122.7217167854	28.3555774583503	Patient03_GATCGGATAGAACCAT-1	6078.344583876116	10122.721756470652	10.753787583324586	10.754088810091265	-2.081976163026411e-06	-3.968525197706185e-05	38.65715874898749	True	Stroma
Patient03	ROI02	78	396.624	8.67021e-12	5997	10063	6046.90751005085	10034.4952398167	42.1581281079782	Patient03_CATAAGCTCTCCGTCT-1	6046.907512151234	10034.495279507431	10.100251587490854	10.10057625928435	-2.100384335790295e-06	-3.969073077314533e-05	57.47417604962326	True	Stroma
Patient03	ROI02	80	138.2	8.45641e-12	5997	10063	6010.80683600943	10040.7188200598	19.2270264612372	Patient03_CATAAGCTCTCCGTCT-1	6010.806838118258	10040.718859750305	10.171293021535336	10.17170315314203	-2.108828084601555e-06	-3.969050339946989e-05	26.212205174668192	True	Stroma
Patient03	ROI02	81	55.7463	9.84694e-12	5997	10063	6031.53451997465	10055.8746833563	25.8651235294887	Patient03_CATAAGCTCTCCGTCT-1	6031.534522076426	10055.8747230458	10.265185362115128	10.26554771534761	-2.101775862684008e-06	-3.968949931731913e-05	35.261922907755256	True	Stroma
Patient03	ROI02	82	89.2834	1.04982e-11	5997	10063	6052.26220393988	10071.0305466528	40.9613759080884	Patient03_CATAAGCTCTCCGTCT-1	6052.262206034592	10071.030586341294	10.363847675860756	10.364168274247143	-2.0947118173353374e-06	-3.968849341617897e-05	55.84264377548509	True	Stroma
Patient03	ROI02	97	210.882	8.58154e-12	5997	10063	6036.88921386369	10092.4099901924	36.3522514953485	Patient03_CATAAGCTCTCCGTCT-1	6036.889215959784	10092.410029879662	10.538062632165865	10.53842877105782	-2.0960933397873305e-06	-3.968726196035277e-05	49.55902446356549	True	Stroma
Patient03	ROI02	98	67.3894	8.848730000000001e-12	5997	10063	6016.16152989846	10077.2541268959	17.5177022989476	Patient03_CATAAGCTCTCCGTCT-1	6016.161532001617	10077.254166584167	10.436900467924431	10.43730771161381	-2.103157385136001e-06	-3.968826786149293e-05	23.881883544100333	True	Stroma
Patient03	ROI02	99	135.119	1.10937e-11	5997	10063	5995.43384593323	10062.0982635994	1.32560602046408	Patient03_CATAAGCTCTCCGTCT-1	5995.43384804345	10062.09830328867	10.340381910572018	10.3408361766136	-2.110219611495268e-06	-3.9689270124654286e-05	1.8071986877555808	True	Stroma
Patient03	ROI03	0	291.671	1.50893e-11	8808	7856	8846.68398005849	7835.64192968064	32.0647381585903	Patient03_AAGTAGAAGACCGGGT-1	8846.683982404447	7835.641969433148	27.9899169274769	27.99002921328357	-2.3459579097107053e-06	-3.975250820076326e-05	43.713857531606834	True	Stroma
Patient03	ROI03	1	349.983	8.94754e-12	8808	7856	8868.29929887748	7850.80253446763	44.3943964938518	Patient03_AAGTAGAAGACCGGGT-1	8868.299301216535	7850.802574220022	27.895013837202075	27.895108456727687	-2.3390548449242488e-06	-3.975239178544143e-05	60.522880740062966	True	Stroma
Patient03	ROI03	18	47.7503	7.84889e-12	8808	7856	8853.29107371127	7872.19989889911	35.2828603411653	Patient03_AAGTAGAAGACCGGGT-1	8853.291076051926	7872.19993865015	27.63321690933472	27.633292599982628	-2.340655555599369e-06	-3.97510402763146e-05	48.10112350310682	True	Stroma
Patient03	ROI03	19	141.895	1.14332e-11	8808	7856	8831.67575489228	7857.03929411213	17.383228086143	Patient03_AAGTAGAAGACCGGGT-1	8831.675757239838	7857.039333863278	27.728835389005216	27.728935829347165	-2.3475586203858256e-06	-3.975114850618411e-05	23.698554849838672	True	Stroma
Patient03	ROI03	20	234.931	8.83052e-12	8808	7856	8816.66752972606	7878.43665854361	17.6429580596135	Patient03_AAGTAGAAGACCGGGT-1	8816.66753207523	7878.436698293407	27.472410378201538	27.472520334168493	-2.349168426007964e-06	-3.974979699705728e-05	24.052644722664045	True	Stroma
Patient03	ROI03	21	37.9076	8.25161e-12	8808	7856	8838.28284854506	7893.5972633306	35.4113850694607	Patient03_AAGTAGAAGACCGGGT-1	8838.282850887317	7893.59730308028	27.376079231206	27.37615729856128	-2.342258085263893e-06	-3.9749679672240745e-05	48.27634126519399	True	Stroma
Patient03	ROI03	39	99.7067	1.51604e-11	8808	7856	8801.65930455985	7899.83402297509	32.4875281357966	Patient03_AAGTAGAAGACCGGGT-1	8801.65930691062	7899.834062723537	27.2207734915884	27.220914922357235	-2.350770955672488e-06	-3.974844639742514e-05	44.29024710752338	True	Stroma
Patient03	ROI03	3	128.878	1.10344e-11	8926	7928	8911.52993651547	7881.1237440416	35.9853316021964	Patient03_CAACTCCTTGATCCCG-1	8911.529938840711	7881.123783793768	27.714629423543727	27.71471463566394	-2.325241439393721e-06	-3.97521680497448e-05	49.05880257327716	True	Stroma
Patient03	ROI03	4	141.787	9.76543e-12	8926	7928	8933.14525533446	7896.28434882858	23.8469673843805	Patient03_CAACTCCTTGATCCCG-1	8933.145257652797	7896.28438858064	27.62920961266136	27.6293032559244	-2.318336555617861e-06	-3.9752059819875285e-05	32.51057063513104	True	Stroma
Patient03	ROI03	5	176.12	8.03942e-12	8926	7928	8954.76057415346	7911.44495361557	24.341626311578	Patient03_CAACTCCTTGATCCCG-1	8954.760576464885	7911.444993367513	27.54701122949997	27.547122167040527	-2.311424395884387e-06	-3.975194340455346e-05	33.18493915057477	True	Stroma
Patient03	ROI03	13	62.0109	8.32102e-12	8926	7928	8961.36766780624	7948.00292283403	29.8044172794014	Patient03_CAACTCCTTGATCCCG-1	8961.367670112362	7948.002962584515	27.20307817553459	27.20316160769448	-2.306122041773051e-06	-3.975048548454652e-05	40.63236207700356	True	Stroma
Patient03	ROI03	14	48.562	7.80833e-12	8926	7928	8939.75234898724	7932.84231804705	10.6946064850415	Patient03_CAACTCCTTGATCCCG-1	8939.752351300276	7932.842357797644	27.2826094222579	27.28267348948378	-2.313036020495929e-06	-3.975059371441603e-05	14.579957021048788	True	Stroma
Patient03	ROI03	15	209.41	8.97056e-12	8926	7928	8918.13703016825	7917.68171326007	9.51572811319057	Patient03_CAACTCCTTGATCCCG-1	8918.137032488188	7917.68175301077	27.365418974912465	27.36547266574602	-2.3199390852823853e-06	-3.9750700125296135e-05	12.972792136716013	True	Stroma
Patient03	ROI03	16	60.1037	9.01995e-12	8926	7928	8896.52171134926	7902.52110847308	28.5801803760501	Patient03_CAACTCCTTGATCCCG-1	8896.521713676102	7902.521148223896	27.451477165706752	27.451529391130013	-2.326842150068842e-06	-3.975081654061796e-05	38.96335990667269	True	Stroma
Patient03	ROI03	24	98.7117	9.08086e-12	8926	7928	8903.12880500204	7939.07907769155	18.641042741733	Patient03_CAACTCCTTGATCCCG-1	8903.12880732358	7939.079117440899	27.10629530310069	27.106330154545272	-2.3215397959575057e-06	-3.97493486161693e-05	25.413333569804298	True	Stroma
Patient03	ROI03	25	398.235	1.03319e-11	8926	7928	8924.74412382103	7954.23968247853	19.2692140247028	Patient03_CAACTCCTTGATCCCG-1	8924.744126135665	7954.239722227772	27.022877042073677	27.02291527939517	-2.3146349121816456e-06	-3.974924220528919e-05	26.26971947986849	True	Stroma
Patient03	ROI03	26	139.545	1.21389e-11	8926	7928	8946.35944264002	7969.40028726552	33.8410977793214	Patient03_CAACTCCTTGATCCCG-1	8946.359444947753	7969.400327014645	26.942765008902864	26.942815668634164	-2.3077336663845927e-06	-3.974912488047266e-05	46.1355686025417	True	Stroma
Patient03	ROI03	34	327.333	1.49309e-11	8926	7928	8909.73589865482	7975.63704691002	36.9228760428028	Patient03_CAACTCCTTGATCCCG-1	8909.735900971058	7975.637086657902	26.767950013194284	26.7679840869016	-2.316237441846169e-06	-3.974788160121534e-05	50.33695690915107	True	Stroma
Patient03	ROI03	35	446.407	1.18677e-11	8926	7928	8888.12057983582	7960.47644212303	36.5991261146571	Patient03_CAACTCCTTGATCCCG-1	8888.12058215897	7960.476481871028	26.851973707338093	26.852011453341664	-2.323149601579644e-06	-3.974799801653717e-05	49.89558863211232	True	Stroma
Patient03	ROI03	9	55.0384	1.18608e-11	9045	8000	9041.22184942943	7972.08737276351	20.6610173431412	Patient03_AGGGCGTGATCGGCTA-1	9041.221851713237	7972.087412515005	27.2509978592972	27.251267986327967	-2.283804860780947e-06	-3.975149502366549e-05	28.16716494390496	True	Stroma
Patient03	ROI03	10	15.9564	8.85405e-12	9045	8000	9026.21362426322	7993.48473719499	14.5852549853257	Patient03_AGGGCGTGATCGGCTA-1	9026.213626548626	7993.484776945135	26.98443816286214	26.98463431019329	-2.2854055714560677e-06	-3.975014533352805e-05	19.884078121497243	True	Stroma
Patient03	ROI03	11	156.415	1.14013e-11	9045	8000	9004.59830544422	7978.324132408	33.6309704764681	Patient03_AGGGCGTGATCGGCTA-1	9004.598307736538	7978.324172158262	27.05396505622003	27.05411446554633	-2.292317731189541e-06	-3.975026174884988e-05	45.84910205057924	True	Stroma
Patient03	ROI03	28	36.4922	1.02203e-11	9045	8000	8989.59008027801	7999.72149683949	40.6444800325937	Patient03_AGGGCGTGATCGGCTA-1	8989.590082571929	7999.721536588391	26.79257703316732	26.792679945960508	-2.293918441864662e-06	-3.974890114477603e-05	55.41061962844053	True	Stroma
Patient03	ROI03	29	63.1458	9.20554e-12	9045	8000	9011.205399097	8014.88210162647	27.0859715203802	Patient03_AGGGCGTGATCGGCTA-1	9011.205401384015	8014.882141375264	26.72255749619634	26.722700373703244	-2.287017196067609e-06	-3.974879382440122e-05	36.926304973739846	True	Stroma
Patient03	ROI03	42	280.846	1.38447e-11	8805	7994	8829.88171703162	7951.55259698055	36.0907048497817	Patient03_CATAGTAGCATAGTAG-1	8829.881719370185	7951.552636727412	26.781798711569376	26.78191028145793	-2.338565536774695e-06	-3.974686205765465e-05	49.20245792170528	True	Stroma
Patient03	ROI03	56	109.419	1.0351e-11	8805	7994	8836.48881068441	7988.11056619902	23.498008226412	Patient03_CATAGTAGCATAGTAG-1	8836.488813017664	7988.110605944414	26.44686809249736	26.44700634045085	-2.333254087716341e-06	-3.974539413320599e-05	32.03483461506782	True	Stroma
Patient03	ROI03	57	127.654	1.5269e-11	8805	7994	8814.87349186541	7972.94996141203	17.0546399639439	Patient03_CATAGTAGCATAGTAG-1	8814.873494205576	7972.95000115754	26.538769178353743	26.53894341013652	-2.3401662474498157e-06	-3.974551054852782e-05	23.25059066284901	True	Stroma
Patient03	ROI03	58	17.769	9.11705e-12	8805	7994	8793.25817304642	7957.78935662505	27.9225402343716	Patient03_CATAGTAGCATAGTAG-1	8793.25817539349	7957.789396370668	26.63395898516997	26.634178051659195	-2.347069312236272e-06	-3.974561877839733e-05	38.066799101522086	True	Stroma
Patient03	ROI03	59	249.854	2.1399e-11	8805	7994	8771.64285422742	7942.62875183806	44.9285979875801	Patient03_CATAGTAGCATAGTAG-1	8771.642856581402	7942.628791583795	26.73240238114208	26.732675022432936	-2.353981471969746e-06	-3.974573428422445e-05	61.25115763647805	True	Stroma
Patient03	ROI03	60	108.884	9.88416e-12	8805	7994	8756.63462906121	7964.02611626955	41.7371732774013	Patient03_CATAGTAGCATAGTAG-1	8756.634631416793	7964.026156013923	26.495942843427397	26.49631640060372	-2.35558400163427e-06	-3.97443736801506e-05	56.90028832908838	True	Stroma
Patient03	ROI03	62	46.5633	1.0491e-11	8805	7994	8799.8652666992	7994.34732584352	3.77500687786572	Patient03_CATAGTAGCATAGTAG-1	8799.865269040967	7994.3473655876705	26.30094968458622	26.301210252466653	-2.341766958124936e-06	-3.974415085394867e-05	5.146466876597854	True	Stroma
Patient03	ROI03	75	175.751	1.22023e-11	8805	7994	8828.08767917097	8046.06589984897	41.7774778480588	Patient03_CATAGTAGCATAGTAG-1	8828.087681500532	8046.065939591545	25.885498932898145	25.885777983667488	-2.329561539227143e-06	-3.97425756091252e-05	56.955235550251466	True	Stroma
Patient03	ROI03	77	42.0795	1.0122e-11	8805	7994	8784.85704153299	8015.744690275	21.7418668572552	Patient03_CATAGTAGCATAGTAG-1	8784.857043876358	8015.744730017799	26.068482822262823	26.06885399433865	-2.343367668800056e-06	-3.974279934482183e-05	29.64068708649214	True	Stroma
Patient03	ROI03	78	99.4164	7.9851e-12	8805	7994	8763.24172271399	8000.58408548802	31.0086934053826	Patient03_CATAGTAGCATAGTAG-1	8763.24172506427	8000.584125230927	26.16500073881279	26.16543134112382	-2.3502798285335302e-06	-3.9742907574691344e-05	42.274151719565225	True	Stroma
Patient03	ROI03	82	101.535	2.13485e-11	8805	7994	8769.84881636677	8037.14205470648	40.8195423398131	Patient03_CATAGTAGCATAGTAG-1	8769.84881871175	8037.142094447929	25.84151304649876	25.8420196739244	-2.3449792934115976e-06	-3.97414487451897e-05	55.64928207186484	True	Stroma
Patient03	ROI03	46	177.703	1.19446e-11	8923	8066	8916.3429923076	8012.19501612849	39.7676506176179	Patient03_ATTACTAGCCTCTTGC-1	8916.342994618535	8012.195055874903	26.43670378714459	26.43675431667611	-2.3109350877348334e-06	-3.974641276727198e-05	54.2152380869999	True	Stroma
Patient03	ROI03	47	762.386	1.83383e-11	8923	8066	8937.95831112659	8027.35562091547	30.3956408857441	Patient03_ATTACTAGCCTCTTGC-1	8937.958313430623	8027.355660661777	26.358833598231666	26.358891657949687	-2.3040338419377804e-06	-3.974630635639187e-05	41.4383772195374	True	Stroma
Patient03	ROI03	48	46.4826	8.92788e-12	8923	8066	8959.57362994559	8042.51622570246	31.881453687283	Patient03_ATTACTAGCCTCTTGC-1	8959.573632242711	8042.516265448649	26.284386511978948	26.284461384575483	-2.297121682204306e-06	-3.974618903157534e-05	43.46398581187295	True	Stroma
Patient03	ROI03	50	341.23	3.37557e-11	8923	8066	8966.18072359837	8079.07419492093	33.0936849549856	Patient03_ATTACTAGCCTCTTGC-1	8966.18072589019	8079.074234665652	25.96639275794301	25.96650652244664	-2.29181932809297e-06	-3.974472201662138e-05	45.11662069913194	True	Stroma
Patient03	ROI03	51	408.891	9.66336e-12	8923	8066	8944.56540477937	8063.91359013394	15.8923917679663	Patient03_ATTACTAGCCTCTTGC-1	8944.565407078102	8063.913629878779	26.03786868637614	26.037963297769927	-2.298731487826444e-06	-3.974483934143791e-05	21.666097697261744	True	Stroma
Patient03	ROI03	52	401.96	1.30186e-11	8923	8066	8922.95008596038	8048.75298534696	12.6509842882784	Patient03_ATTACTAGCCTCTTGC-1	8922.950088266014	8048.753025091905	26.112826785317104	26.11291164574023	-2.3056345526129007e-06	-3.974494575231802e-05	17.247086880210883	True	Stroma
Patient03	ROI03	53	180.723	1.14697e-11	8923	8066	8901.33476714139	8033.59238055997	28.5942274937987	Patient03_ATTACTAGCCTCTTGC-1	8901.334769453926	8033.592420305033	26.191237157354312	26.191321592216976	-2.3125357984099537e-06	-3.974506307713455e-05	38.982510342301175	True	Stroma
Patient03	ROI03	66	57.5331	8.08422e-12	8923	8066	8886.32654197517	8054.98974499146	28.086684054403	Patient03_ATTACTAGCCTCTTGC-1	8886.326544289317	8054.989784735162	25.95100495299952	25.95114677830692	-2.3141474230214958e-06	-3.974370247306069e-05	38.2905763713747	True	Stroma
Patient03	ROI03	67	564.904	1.00967e-11	8923	8066	8907.94186079417	8070.15034977844	11.4572242254363	Patient03_ATTACTAGCCTCTTGC-1	8907.941863101405	8070.150389522034	25.87206010960399	25.872195195162774	-2.307235263288021e-06	-3.974359424319118e-05	15.61963378653789	True	Stroma
Patient03	ROI03	68	1376.32	1.42118e-11	8923	8066	8929.55717961316	8085.31095456542	14.9591880755984	Patient03_ATTACTAGCCTCTTGC-1	8929.557181913493	8085.3109943089075	25.796596571662533	25.79673428033963	-2.300332198501565e-06	-3.974348783231108e-05	20.393861103453546	True	Stroma
Patient03	ROI03	69	448.86	1.4739e-11	8923	8066	8951.17249843215	8100.47155935241	32.655624078548	Patient03_ATTACTAGCCTCTTGC-1	8951.172500725579	8100.471599095781	25.724644976540624	25.72479475235452	-2.293429133715108e-06	-3.974337141698925e-05	44.51941230627597	True	Stroma
Patient03	ROI03	71	126.722	7.92284e-12	8923	8066	8914.54895444695	8106.70831899691	30.4967976111956	Patient03_ATTACTAGCCTCTTGC-1	8914.548956748884	8106.708358739037	25.560718713829896	25.560923511887147	-2.3019347281660885e-06	-3.974212722823722e-05	41.576284183340746	True	Stroma
Patient03	ROI03	72	1254.85	1.70519e-11	8923	8066	8892.93363562795	8091.54771420992	28.9405724774767	Patient03_ATTACTAGCCTCTTGC-1	8892.933637936796	8091.547753952164	25.63668120963058	25.636890572583727	-2.3088468878995627e-06	-3.974224455305375e-05	39.45468245854566	True	Stroma
Patient03	ROI03	73	94.7149	9.10968e-12	8923	8066	8871.31831680896	8076.38710942294	38.6673242060916	Patient03_ATTACTAGCCTCTTGC-1	8871.318319124708	8076.387149165291	25.71615386955663	25.71637719211613	-2.315748133696616e-06	-3.974235096393386e-05	52.715163090169405	True	Stroma
Patient03	ROI03	93	261.871	1.11541e-11	8802	8132	8841.30186647653	8119.18183828591	30.3230040706632	Patient03_CACTGTCCAAGTGAGA-1	8841.30186879549	8119.18187802555	25.26319192005956	25.26365299575845	-2.3189604689832777e-06	-3.9739639760227874e-05	41.339351449527086	True	Stroma
Patient03	ROI03	94	267.349	9.66806e-12	8802	8132	8819.68654765754	8104.02123349892	24.279492236499	Patient03_CACTGTCCAAGTGAGA-1	8819.686549983402	8104.021273238676	25.34722946982033	25.34772842053092	-2.3258617147803307e-06	-3.97397561755497e-05	33.1002317660224	True	Stroma
Patient03	ROI04	2	348.981	1.77933e-11	8316	8396	8259.14668794333	8400.28913641913	41.8212230244847	Patient03_ATTCCTCCGCCAGTGC-1	8259.146690611542	8400.289175985463	20.78088816951552	20.78100210738827	-2.6682118914322928e-06	-3.956633372581564e-05	57.0148733492848	True	Stroma
Patient03	ROI04	3	140.697	2.46368e-11	8316	8396	8280.32653463293	8415.05073826088	29.6645245734634	Patient03_ATTCCTCCGCCAGTGC-1	8280.326537291407	8415.050777824823	20.70700301257585	20.707110041980958	-2.6584766601445158e-06	-3.956394357373938e-05	40.44164635100904	True	Stroma
Patient03	ROI04	4	30.2896	1.12961e-11	8316	8396	8301.50638132254	8429.81234010262	26.9843472019908	Patient03_ATTCCTCCGCCAGTGC-1	8301.506383971273	8429.812379664181	20.6360942135706	20.636199407381422	-2.64873233390972e-06	-3.9561560697620735e-05	36.78776054046888	True	Stroma
Patient03	ROI04	5	54.6396	8.72207e-12	8316	8396	8322.68622801214	8444.57394194437	35.9656450311643	Patient03_ATTCCTCCGCCAGTGC-1	8322.68623065114	8444.573981503541	20.568192555485226	20.568301039677063	-2.6389989216113463e-06	-3.955917054554448e-05	49.031963870983496	True	Stroma
Patient03	ROI04	15	357.722	1.03763e-11	8316	8396	8286.46924881659	8450.86634154884	45.7043592752658	Patient03_ATTCCTCCGCCAGTGC-1	8286.469251458198	8450.866381121277	20.39169113442656	20.391759167984457	-2.6416091714054346e-06	-3.9572436435264535e-05	62.30875299996444	True	Stroma
Patient03	ROI04	8	195.417	1.01405e-11	8434	8467	8386.22576808096	8488.8587474696	38.5369581164404	Patient03_GCCCAGTTGGTATGCC-1	8386.225770690735	8488.858787021618	20.382824306305043	20.382973890330717	-2.6097750378539786e-06	-3.955201827920973e-05	52.53743500014028	True	Stroma
Patient03	ROI04	9	185.919	1.14709e-11	8434	8467	8407.40561477056	8503.62034931135	33.1975892179738	Patient03_GCCCAGTTGGTATGCC-1	8407.405617370601	8503.620388860978	20.32724002978104	20.327413860099103	-2.6000416255556047e-06	-3.9549628127133474e-05	45.2582733808655	True	Stroma
Patient03	ROI04	12	56.3473	1.04164e-11	8312	8533	8350.0087888854	8495.15114707408	39.3453914392592	Patient03_TTGGCTCGCATGAGAC-1	8350.008791497794	8495.151186639356	20.20112677491512	20.201222163262408	-2.6123943825950846e-06	-3.9565275073982775e-05	53.63957214913954	True	Stroma
Patient03	ROI04	25	142.917	1.01339e-11	8312	8533	8292.61196300024	8486.68194483681	36.8313152847084	Patient03_TTGGCTCGCATGAGAC-1	8292.611965624988	8486.681984417733	20.085485651975453	20.08553331952888	-2.624748958623968e-06	-3.958092383982148e-05	50.21213212764848	True	Stroma
Patient03	ROI04	26	297.937	8.25538e-12	8312	8533	8313.79180968984	8501.44354667855	23.1843928956972	Patient03_TTGGCTCGCATGAGAC-1	8313.791812304853	8501.443586257092	20.023331234441628	20.023388699590026	-2.6150137273361902e-06	-3.957854096370284e-05	31.60728283471083	True	Stroma
Patient03	ROI04	27	268.574	4.68499e-11	8312	8533	8334.97165637945	8516.2051485203	20.8731409980528	Patient03_TTGGCTCGCATGAGAC-1	8334.97165898472	8516.20518809645	19.964333285943653	19.96440590868917	-2.6052694011013955e-06	-3.9576150811626576e-05	28.456353122646163	True	Stroma
Patient03	ROI04	28	105.579	9.25982e-12	8312	8533	8356.15150306905	8530.96675036204	32.4200803384152	Patient03_TTGGCTCGCATGAGAC-1	8356.151505664584	8530.96678993581	19.90851986863741	19.908613049281094	-2.595534169813618e-06	-3.957376975449733e-05	44.19829552535456	True	Stroma
Patient03	ROI04	29	154.451	1.17005e-11	8312	8533	8377.33134975866	8545.72835220379	48.8225035820166	Patient03_TTGGCTCGCATGAGAC-1	8377.33135234445	8545.728391775168	19.85591783693827	19.856037011251157	-2.585789843578823e-06	-3.957137778343167e-05	66.55971913336302	True	Stroma
Patient03	ROI04	30	58.9618	9.23748e-12	8312	8533	8362.29421725271	8566.78235365001	44.4412541735127	Patient03_TTGGCTCGCATGAGAC-1	8362.294219831374	8566.782393232264	19.62593632768901	19.62604752090916	-2.578664862085134e-06	-3.958225534006488e-05	60.58676181474785	True	Stroma
Patient03	ROI04	31	373.954	9.22658e-12	8312	8533	8341.1143705631	8552.02075180826	25.5093818254256	Patient03_TTGGCTCGCATGAGAC-1	8341.11437315151	8552.020791392904	19.67697873965541	19.677062985533443	-2.588409188319929e-06	-3.958464367315173e-05	34.77694024259423	True	Stroma
Patient03	ROI04	32	141.668	7.47508e-12	8312	8533	8319.9345238735	8537.25914996652	6.60558116731701	Patient03_TTGGCTCGCATGAGAC-1	8319.934526471643	8537.259189553546	19.731278668216586	19.731341469028024	-2.598142600618303e-06	-3.9587026549270377e-05	9.005388805401566	True	Stroma
Patient03	ROI04	33	170.04	1.30496e-11	8312	8533	8298.75467718389	8522.49754812477	12.3992135574319	Patient03_TTGGCTCGCATGAGAC-1	8298.754679791778	8522.497587714188	19.78880929779267	19.788856121190765	-2.607888745842501e-06	-3.958941852033604e-05	16.903847842858383	True	Stroma
Patient03	ROI04	45	291.999	9.87482e-12	8312	8533	8262.53769798834	8528.78994772925	36.4124923914186	Patient03_TTGGCTCGCATGAGAC-1	8262.537700598838	8528.789987331924	19.6173805022498	19.617418681704294	-2.6104971766471863e-06	-3.960267349611968e-05	49.64115087722154	True	Stroma
Patient03	ROI04	46	81.7903	9.70048e-12	8312	8533	8283.71754467794	8543.551549571	22.1423219098823	Patient03_TTGGCTCGCATGAGAC-1	8283.717547278702	8543.551589171282	19.558114093111907	19.55816363155221	-2.600761945359409e-06	-3.9600281525054015e-05	30.186627459747683	True	Stroma
Patient03	ROI04	47	132.439	8.39405e-12	8312	8533	8304.89739136754	8558.31315141274	19.2846283295468	Patient03_TTGGCTCGCATGAGAC-1	8304.897393958569	8558.313191010642	19.502096963350777	19.502163355149342	-2.591028533061035e-06	-3.959790228691418e-05	26.290733801668445	True	Stroma
Patient03	ROI04	48	124.724	8.29833e-12	8312	8533	8326.07723805715	8573.07475325448	31.1562676342765	Patient03_TTGGCTCGCATGAGAC-1	8326.077240638435	8573.07479285	19.449357188254524	19.44944596666853	-2.58128420682624e-06	-3.9595521229784936e-05	42.475339665800014	True	Stroma
Patient03	ROI04	49	126.485	1.06282e-11	8312	8533	8347.25708474675	8587.83635509623	47.819774035756	Patient03_TTGGCTCGCATGAGAC-1	8347.2570873183	8587.836394689359	19.399921496859186	19.400038228747256	-2.5715489755384624e-06	-3.959312925871927e-05	65.19269794293925	True	Stroma
Patient03	ROI04	52	332.679	7.5387e-12	8312	8533	8289.86025886159	8579.36715285896	37.6892236173257	Patient03_TTGGCTCGCATGAGAC-1	8289.860261445494	8579.367192467738	19.27692630601643	19.27701017734697	-2.583903551567346e-06	-3.960877802455798e-05	51.38171855749837	True	Stroma
Patient03	ROI04	53	67.1674	8.39408e-12	8312	8533	8268.68041217199	8564.60555101722	39.3337239795101	Patient03_TTGGCTCGCATGAGAC-1	8268.680414765628	8564.605590628378	19.33138262226726	19.331448708646164	-2.59363696386572e-06	-3.961115908168722e-05	53.62366590126657	True	Stroma
Patient03	ROI04	18	98.1914	1.02333e-11	8194	8462	8222.92970874777	8406.58153602361	45.8556970326416	Patient03_AAGGCGCGTAAAGCTT-1	8222.929711418601	8406.5815756032	20.60971522083906	20.609802641565796	-2.670831236173399e-06	-3.957959052058868e-05	62.51507176460096	True	Stroma
Patient03	ROI04	21	657.9	1.41159e-11	8194	8462	8207.89257624182	8427.63553746983	27.1887525218713	Patient03_AAGGCGCGTAAAGCTT-1	8207.892578905527	8427.635577060297	20.365067991000995	20.365129104936575	-2.6637062546797097e-06	-3.959046625823248e-05	37.06642631306951	True	Stroma
Patient03	ROI04	23	118.573	9.83582e-12	8194	8462	8250.25226962103	8457.15874115332	41.4143715679073	Patient03_AAGGCGCGTAAAGCTT-1	8250.252272265257	8457.158780739013	20.21914597893944	20.219189947205667	-2.644226697157137e-06	-3.958569323003758e-05	56.46021275852315	True	Stroma
Patient03	ROI04	36	199.609	8.34056e-12	8194	8462	8235.21513711508	8478.21274259954	32.4868206291941	Patient03_AAGGCGCGTAAAGCTT-1	8235.215139752181	8478.212782196111	19.98049849045025	19.98052976677579	-2.637101715663448e-06	-3.959657078667078e-05	44.289282563773256	True	Stroma
Patient03	ROI04	37	54.3736	8.7781e-12	8194	8462	8214.03529042548	8463.4511407578	14.7346689581114	Patient03_AAGGCGCGTAAAGCTT-1	8214.035293072317	8463.451180356751	20.050659225744933	20.050695951190647	-2.6468369469512254e-06	-3.959895184380002e-05	20.08777419059318	True	Stroma
Patient03	ROI04	38	138.6	1.18087e-11	8194	8462	8192.85544373587	8448.68953891605	9.79944268104015	Patient03_AAGGCGCGTAAAGCTT-1	8192.855446392452	8448.689578517391	20.123898748170927	20.12394614582936	-2.656581273186021e-06	-3.960134017688688e-05	13.359580207067946	True	Stroma
Patient03	ROI04	40	325.616	1.01286e-11	8194	8462	8156.63846454032	8454.98193852053	27.8845187461257	Patient03_AAGGCGCGTAAAGCTT-1	8156.63846719951	8454.981978135129	19.961383266664665	19.9614453638223	-2.659190613485407e-06	-3.9614598790649325e-05	38.01496440659361	True	Stroma
Patient03	ROI04	41	253.494	1.64709e-11	8194	8462	8177.81831122992	8469.74354036227	13.1585481661054	Patient03_AAGGCGCGTAAAGCTT-1	8177.818313879376	8469.743579974487	19.88633402942117	19.88638076631364	-2.6494553821976297e-06	-3.961221773352008e-05	17.939048714851644	True	Stroma
Patient03	ROI04	42	299.206	2.74642e-11	8194	8462	8198.99815791952	8484.50514220402	16.9100575640212	Patient03_AAGGCGCGTAAAGCTT-1	8198.99816055924	8484.505181813845	19.81437584988155	19.81441245507484	-2.639721060404554e-06	-3.960982576245442e-05	23.053481477026377	True	Stroma
Patient03	ROI04	43	69.0463	8.39593e-12	8194	8462	8220.17800460913	8499.26674404576	33.4059030208644	Patient03_AAGGCGCGTAAAGCTT-1	8220.178007239107	8499.266783653205	19.74554252206414	19.74557428599908	-2.629976734169759e-06	-3.960744470532518e-05	45.54226758833898	True	Stroma
Patient03	ROI04	56	381.695	9.2557e-12	8194	8462	8205.14087210318	8520.32074549198	43.5526428417694	Patient03_AAGGCGCGTAAAGCTT-1	8205.140874726032	8520.320785110302	19.514411413335992	19.51445731989142	-2.6228517526760697e-06	-3.961832226195838e-05	59.37531798617712	True	Stroma
Patient03	ROI04	58	166.682	1.00217e-11	8194	8462	8162.78117872397	8490.79754180849	31.154184351989	Patient03_AAGGCGCGTAAAGCTT-1	8162.7811813663	8490.797581431583	19.652504552533017	19.65256415759632	-2.6423304007039405e-06	-3.962309347116389e-05	42.47249952706378	True	Stroma
Patient03	ROI04	63	187.105	9.79084e-12	8191	8599	8190.10373959722	8541.3747469382	42.2740574523404	Patient03_TGTGTCGCGAGTTGCA-1	8190.103742212956	8541.374786567398	19.287242671822447	19.287316857947975	-2.6157358661293983e-06	-3.962919799960218e-05	57.63222252478312	True	Stroma
Patient03	ROI04	64	128.325	7.61878e-12	8191	8599	8211.28358628683	8556.13634877995	34.783711115106	Patient03_TGTGTCGCGAGTTGCA-1	8211.283588892822	8556.136388406756	19.22445287367997	19.22452910035411	-2.605991539894603e-06	-3.962680602853652e-05	47.42063336322493	True	Stroma
Patient03	ROI04	65	256.82	1.11505e-11	8191	8599	8232.46343297643	8570.89795062169	36.7412416398341	Patient03_TGTGTCGCGAGTTGCA-1	8232.463435572687	8570.897990246114	19.16494708269591	19.1650308809798	-2.5962563086068258e-06	-3.962442497140728e-05	50.089334727583946	True	Stroma
Patient03	ROI04	73	139.329	1.005e-11	8191	8599	8238.60614716009	8606.71355390966	35.3751973563606	Patient03_TGTGTCGCGAGTTGCA-1	8238.606149739477	8606.713593542569	18.8903792913412	18.890521901130658	-2.579387000878341e-06	-3.963290873798542e-05	48.22700655592614	True	Stroma
Patient03	ROI04	74	51.6095	7.46175e-12	8191	8599	8217.42630047048	8591.95195206791	20.0616398215406	Patient03_TGTGTCGCGAGTTGCA-1	8217.426303059612	8591.95199170321	18.94495966663903	18.945088146042423	-2.5891313271131366e-06	-3.963530070905108e-05	27.350033568702923	True	Stroma
Patient03	ROI04	75	156.261	8.95676e-12	8191	8599	8196.24645378088	8577.19035022617	16.4540526770474	Patient03_TGTGTCGCGAGTTGCA-1	8196.246456379746	8577.190389863852	19.00290277168328	19.003022759882388	-2.598866558400914e-06	-3.963768176618032e-05	22.431810014620144	True	Stroma
Patient03	ROI04	76	149.819	1.50685e-11	8191	8599	8175.06660709127	8562.42874838442	29.2609630653371	Patient03_TGTGTCGCGAGTTGCA-1	8175.066609699881	8562.428788024494	19.06417794475116	19.06429503419855	-2.608610884635709e-06	-3.9640073737245984e-05	39.89147094698338	True	Stroma
Patient03	ROI04	83	364.828	1.28526e-11	8191	8599	8160.02947458532	8583.48274983065	25.4092401569886	Patient03_TGTGTCGCGAGTTGCA-1	8160.029477186806	8583.482789481588	18.845362965224076	18.84553807154661	-2.60148590314202e-06	-3.965093856095336e-05	34.64041710602747	True	Stroma
Patient03	ROI04	85	241.192	1.13568e-11	8191	8599	8202.38916796453	8613.00595351413	13.2415047195938	Patient03_TGTGTCGCGAGTTGCA-1	8202.389170546536	8613.005993160306	18.729321146618275	18.72950953807357	-2.5820063456194475e-06	-3.964617644669488e-05	18.05214338421429	True	Stroma
Patient03	ROI04	86	210.613	1.0201e-11	8191	8599	8223.56901465413	8627.76755535588	31.8746593306337	Patient03_TGTGTCGCGAGTTGCA-1	8223.569017226402	8627.767594999666	18.67640164067086	18.67660519694972	-2.5722729333210737e-06	-3.964378629461862e-05	43.45472306544495	True	Stroma
Patient03	ROI04	94	36.1458	7.94483e-12	8191	8599	8187.35203545858	8634.05995496035	25.8558117638212	Patient03_TGTGTCGCGAGTTGCA-1	8187.352038033461	8634.059994617402	18.51818344790546	18.518447469896667	-2.5748813641257584e-06	-3.965705218433868e-05	35.249228177610505	True	Stroma
Patient03	ROI04	96	163.646	7.92606e-12	8191	8599	8144.99234207937	8604.53675127687	33.9907709682698	Patient03_TGTGTCGCGAGTTGCA-1	8144.99234467373	8604.536790938684	18.63094746993501	18.631196197354598	-2.594360012153629e-06	-3.966181429859717e-05	46.33961806104583	True	Stroma
Patient03	ROI04	68	46.7347	1.53002e-11	8309	8671	8296.00297304525	8615.18275614693	42.0380310624734	Patient03_TTCTTGTAACCTAATG-1	8296.002975612284	8615.182795764193	19.00643369311636	19.006573841883306	-2.5670342438388616e-06	-3.961726179113612e-05	57.310447747470015	True	Stroma
Patient03	ROI04	69	287.887	7.89478e-12	8309	8671	8317.18281973485	8629.94435798867	30.7072261194308	Patient03_TTCTTGTAACCTAATG-1	8317.182822292149	8629.94439760355	18.960356801481844	18.960527067932077	-2.557299012551084e-06	-3.961488073400688e-05	41.86316136862474	True	Stroma
Patient03	ROI04	70	303.457	1.28905e-11	8309	8671	8302.1456872289	8650.99835943489	15.5090525977913	Patient03_TTCTTGTAACCTAATG-1	8302.145689779074	8650.998399060647	18.74709920624796	18.74731842496001	-2.550174031057395e-06	-3.962575647165068e-05	21.143491406574693	True	Stroma
Patient03	ROI04	71	97.0924	7.69281e-12	8309	8671	8280.96584053929	8636.23675759315	32.7577741552751	Patient03_TTCTTGTAACCTAATG-1	8280.965843099208	8636.236797221289	18.791422131118576	18.79161007816677	-2.55991835729219e-06	-3.962813934776932e-05	44.65867350589373	True	Stroma
Patient03	ROI04	88	93.782	1.04571e-11	8309	8671	8265.92870803334	8657.29075903937	33.1551651997667	Patient03_TTCTTGTAACCTAATG-1	8265.928710586133	8657.290798678383	18.58091072696634	18.58116185645609	-2.552793375798501e-06	-3.963901326642372e-05	45.20043671684951	True	Stroma
Patient03	ROI04	89	302.046	2.20022e-11	8309	8671	8287.10855472295	8672.05236088111	16.0762305541299	Patient03_TTCTTGTAACCTAATG-1	8287.108557265998	8672.052400517743	18.538392622146176	18.53867622142872	-2.5430472305743024e-06	-3.963663220929448e-05	21.916725114445093	True	Stroma
Patient03	ROI04	90	136.342	1.11418e-11	8309	8671	8272.07142221699	8693.10636232733	31.5701942501991	Patient03_TTCTTGTAACCTAATG-1	8272.071424752923	8693.106401974837	18.33439246692729	18.33475635077138	-2.5359331630170345e-06	-3.964750794693828e-05	43.039645821300525	True	Stroma
Patient03	ROI04	91	63.5148	7.97661e-12	8309	8671	8250.89157552739	8678.34476048559	42.962491676543	Patient03_TTCTTGTAACCTAATG-1	8250.891578073059	8678.344800135479	18.375054147719684	18.375384323187383	-2.545668394304812e-06	-3.964988900406752e-05	58.57076490263455	True	Stroma
Patient03	ROI05	0	53.4338	9.15309e-12	7199	9954	7222.74874567479	9894.17097681105	47.2164161247823	Patient03_CTGATAGTGTATCTCA-1	7222.748747824015	9894.171016457223	10.95568714900612	10.956245622563385	-2.149225110770203e-06	-3.964617462770548e-05	64.37014010292148	True	Stroma
Patient03	ROI05	1	449.294	9.71285e-12	7199	9954	7244.00637106824	9909.32512422578	46.5155512401477	Patient03_CTGATAGTGTATCTCA-1	7244.006373215391	9909.3251638751	11.055627514894791	11.056048122757558	-2.147151462850161e-06	-3.964931966038421e-05	63.41465100569539	True	Stroma
Patient03	ROI05	17	279.871	2.52378e-11	7199	9954	7250.43006177341	9945.68401446694	38.2146633416119	Patient03_CTGATAGTGTATCTCA-1	7250.430063912028	9945.684054129228	11.216049048789014	11.216322400701957	-2.1386185835581277e-06	-3.9662287235842086e-05	52.0980505336121	True	Stroma
Patient03	ROI05	18	196.227	1.4208e-11	7199	9954	7229.17243637996	9930.52986705221	28.0392778112338	Patient03_CTGATAGTGTATCTCA-1	7229.172438520653	9930.529906711352	11.104362312886876	11.104744615593482	-2.1406922314781696e-06	-3.965914220316336e-05	38.22594744005313	True	Stroma
Patient03	ROI05	19	402.956	2.40248e-11	7199	9954	7207.91481098651	9915.37571963749	29.0763139100106	Patient03_CTGATAGTGTATCTCA-1	7207.914813129277	9915.375759293478	10.999966892373456	11.000480758260837	-2.1427667888929136e-06	-3.965598807553761e-05	39.63973875351574	True	Stroma
Patient03	ROI05	20	67.3756	1.01429e-11	7199	9954	7193.08087629824	9936.58046246392	13.4949943271314	Patient03_CTGATAGTGTATCTCA-1	7193.080878434537	9936.580502129733	11.052289385798966	11.052764312187955	-2.1362975530792028e-06	-3.966581061831676e-05	18.397725766181715	True	Stroma
Patient03	ROI05	21	35.4145	9.74283e-12	7199	9954	7214.33850169169	9951.73460987865	11.3730583198724	Patient03_CTGATAGTGTATCTCA-1	7214.338503825913	9951.734649547603	11.1610242948999	11.161373979907449	-2.1342229956644587e-06	-3.9668955650995485e-05	15.504890407477584	True	Stroma
Patient03	ROI05	22	255.431	8.92844e-12	7199	9954	7235.59612708514	9966.88875729337	28.4599431440102	Patient03_CTGATAGTGTATCTCA-1	7235.59612921729	9966.88879696548	11.276929063431888	11.277175996329287	-2.1321493477444164e-06	-3.9672109778621234e-05	38.79944048822305	True	Stroma
Patient03	ROI05	39	144.273	1.23118e-11	7199	9954	7178.24694160997	9957.78520529035	15.4737996483106	Patient03_CTGATAGTGTATCTCA-1	7178.246943739799	9957.785244965984	11.112541023964589	11.11298268808445	-2.129828317265492e-06	-3.96756331610959e-05	21.09543106054211	True	Stroma
Patient03	ROI05	40	299.943	4.7323e-11	7199	9954	7163.41300692169	9978.98994811678	31.8967528377692	Patient03_CTGATAGTGTATCTCA-1	7163.41300904506	9978.98998780224	11.180593618357934	11.181007681221477	-2.1233699953882024e-06	-3.968545934185386e-05	43.48484314373253	True	Stroma
Patient03	ROI05	42	571.436	1.01724e-11	7199	9954	7205.92825770859	10009.2982429462	40.8791681638471	Patient03_CTGATAGTGTATCTCA-1	7205.928259827811	10009.298282637988	11.421593133118366	11.421804092809506	-2.119221790053416e-06	-3.969178760598879e-05	55.7305699577322	True	Stroma
Patient03	ROI05	6	37.5111	7.90521e-12	7317	10026	7350.29449803549	9985.09586129942	38.6866867928124	Patient03_TTAGCTCTGTAATCCG-1	7350.294500172271	9985.095900964472	11.662141362139057	11.662203786611434	-2.136781404260546e-06	-3.966505209973548e-05	52.74156010464146	True	Stroma
Patient03	ROI05	7	29.7431	9.80392e-12	7317	10026	7371.55212342894	10000.2500087141	44.2485830058067	Patient03_TTAGCTCTGTAATCCG-1	7371.552125563649	10000.250048382346	11.80326983806946	11.803323008235958	-2.134708665835205e-06	-3.96682462451281e-05	60.32409321183564	True	Stroma
Patient03	ROI05	11	72.119	7.53032e-12	7317	10026	7377.97581413411	10036.6088989553	45.3985404583884	Patient03_TTAGCTCTGTAATCCG-1	7377.975816260285	10036.608938636477	12.026989884160145	12.02705457497314	-2.12617487704847e-06	-3.9681175621808507e-05	61.891830206912616	True	Stroma
Patient03	ROI05	12	77.2014	9.05723e-12	7317	10026	7356.71818874066	10021.4547515405	29.3240050829416	Patient03_TTAGCTCTGTAATCCG-1	7356.718190868909	10021.4547912186	11.876185115858826	11.8762347402255	-2.128249434463214e-06	-3.9678101529716514e-05	39.97741612957559	True	Stroma
Patient03	ROI05	14	44.0196	9.20597e-12	7317	10026	7314.20293795376	9991.14645671112	25.6477649021252	Patient03_TTAGCTCTGTAATCCG-1	7314.202940086157	9991.146496382851	11.59268117435916	11.592758462885572	-2.1323967303032987e-06	-3.9671731428825296e-05	34.96559789107526	True	Stroma
Patient03	ROI05	15	178.219	8.11081e-12	7317	10026	7292.94531256031	9975.99230929639	40.7044053695993	Patient03_TTAGCTCTGTAATCCG-1	7292.945314694781	9975.992348964975	11.460429899531714	11.460551299877109	-2.134470378223341e-06	-3.9668586396146566e-05	55.49231584038454	True	Stroma
Patient03	ROI05	24	67.6494	1.03059e-11	7317	10026	7278.11137787204	9997.19705212283	35.4973521930668	Patient03_TTAGCTCTGTAATCCG-1	7278.111380000042	9997.19709180123	11.52936989265302	11.529476769593652	-2.128002051904332e-06	-3.9678399843978696e-05	48.393540244811625	True	Stroma
Patient03	ROI05	25	211.587	9.40071e-12	7317	10026	7299.36900326549	10012.3511995375	16.3549305952839	Patient03_TTAGCTCTGTAATCCG-1	7299.369005391418	10012.351239219104	11.66545950021796	11.665527908165338	-2.125927494489588e-06	-3.968160490330774e-05	22.29667688059027	True	Stroma
Patient03	ROI05	27	25.0126	7.77798e-12	7317	10026	7341.88425405239	10042.659494367	21.9658419496713	Patient03_TTAGCTCTGTAATCCG-1	7341.884256174169	10042.659534054856	11.956253813370257	11.956305132862148	-2.121779289154801e-06	-3.968785495089833e-05	29.946032329976894	True	Stroma
Patient03	ROI05	31	35.8543	9.36181e-12	7317	10026	7348.30794475756	10079.0183846081	45.1640913025123	Patient03_TTAGCTCTGTAATCCG-1	7348.3079468708065	10079.018424308984	12.20090703477733	12.200989914121088	-2.113246409862768e-06	-3.970088255300652e-05	61.57220567264783	True	Stroma
Patient03	ROI05	32	75.6833	1.06611e-11	7317	10026	7327.05031936412	10063.8642371934	28.7356905847489	Patient03_TTAGCTCTGTAATCCG-1	7327.050321479431	10063.864276891109	12.043333255417016	12.043391404095985	-2.1153109628357925e-06	-3.9697708416497335e-05	39.17536697414424	True	Stroma
Patient03	ROI05	33	42.5207	7.62655e-12	7317	10026	7305.79269397067	10048.7100897787	18.5761946624777	Patient03_TTAGCTCTGTAATCCG-1	7305.792696088055	10048.710129473233	11.89146426968592	11.891516189883962	-2.1173846107558347e-06	-3.969453246099874e-05	25.32492618334122	True	Stroma
Patient03	ROI05	34	18.6446	8.32721e-12	7317	10026	7284.53506857722	10033.5559423639	24.4499576165141	Patient03_TTAGCTCTGTAATCCG-1	7284.535070696678	10033.55598205536	11.745521367731092	11.745586287220531	-2.119458258675877e-06	-3.969145836890675e-05	33.3326272185736	True	Stroma
Patient03	ROI05	45	32.4997	1.08679e-11	7317	10026	7269.70113388894	10054.7606851904	40.6048994887689	Patient03_TTAGCTCTGTAATCCG-1	7269.701136001939	10054.760724891612	11.832718933370678	11.832785654353913	-2.1129990273038857e-06	-3.970121179008856e-05	55.356659473032806	True	Stroma
Patient03	ROI05	47	51.7586	1.02294e-11	7317	10026	7312.21638467584	10085.0689800198	43.4697869396416	Patient03_TTAGCTCTGTAATCCG-1	7312.216386784692	10085.069019727362	12.137272546171806	12.137342536625615	-2.108851731463801e-06	-3.970756188209634e-05	59.26236053473598	True	Stroma
Patient03	ROI05	10	18.7298	8.74464e-12	7435	10097	7399.23343952756	10051.76304637	42.3004953360572	Patient03_CGTCAAGGCTATAAAT-1	7399.2334416516605	10051.76308605435	12.183534035232231	12.183632095893133	-2.124100319633726e-06	-3.9684349758317694e-05	57.668265291678416	True	Stroma
Patient03	ROI05	29	76.7733	8.62149e-12	7435	10097	7384.39950483929	10072.9677891964	41.0896155423352	Patient03_CGTCAAGGCTATAAAT-1	7384.399506956921	10072.967828890603	12.270382134797092	12.270491436818311	-2.117631083820015e-06	-3.96942032239167e-05	56.01747286889786	True	Stroma
Patient03	ROI05	30	33.2151	8.83926e-12	7435	10097	7369.56557015101	10094.1725320229	48.0418761866038	Patient03_CGTCAAGGCTATAAAT-1	7369.565572262182	10094.172571726856	12.363967493808383	12.364092866481071	-2.111171852448024e-06	-3.970395664509852e-05	65.49548980520616	True	Stroma
Patient03	ROI05	49	660.808	1.61182e-11	7314	10163	7354.73163546274	10115.3772748493	45.9661857048873	Patient03_GCGTTATATTTGGAAC-1	7354.731637567444	10115.377314563111	12.464138355685613	12.464284495224147	-2.104703526129015e-06	-3.9713811929686926e-05	62.6657009714942	True	Stroma
Patient03	ROI05	50	1130.32	1.11685e-11	7314	10163	7339.89770077447	10136.5820176757	27.136069536821	Patient03_GCGTTATATTTGGAAC-1	7339.897702872704	10136.582057399364	12.570737290195574	12.57090875003803	-2.098234290315304e-06	-3.972366357629653e-05	36.99460359959226	True	Stroma
Patient03	ROI05	51	666.374	1.34464e-11	7314	10163	7318.64007538102	10121.427870261	30.683106690315	Patient03_GCGTTATATTTGGAAC-1	7318.640077481328	10121.42790998149	12.4017068381631	12.401827326951096	-2.1003079382353462e-06	-3.972048943978734e-05	41.8302793509406	True	Stroma
Patient03	ROI05	52	85.0393	1.00374e-11	7314	10163	7297.38244998757	10106.2737228463	43.3581610194253	Patient03_GCGTTATATTTGGAAC-1	7297.382452089952	10106.273762563616	12.237913716266997	12.238000426846348	-2.1023824956500903e-06	-3.971731530327816e-05	59.11018091779182	True	Stroma
Patient03	ROI05	67	74.5054	1.06776e-11	7314	10163	7282.54851529929	10127.4784656727	34.8011767452857	Patient03_GCGTTATATTTGGAAC-1	7282.548517395213	10127.47850539987	12.345092859158854	12.345201023093162	-2.095923264278099e-06	-3.972716876887717e-05	47.44444425688349	True	Stroma
Patient03	ROI05	68	385.047	1.17113e-11	7314	10163	7303.80614069274	10142.6326130874	16.7065055028061	Patient03_GCGTTATATTTGGAAC-1	7303.806142786589	10142.632652817743	12.51179003882137	12.511936261606156	-2.093848706863355e-06	-3.973034472437576e-05	22.77597895203949	True	Stroma
Patient03	ROI05	69	856.513	1.19895e-11	7314	10163	7325.06376608619	10157.7867605021	8.97123591982257	Patient03_GCGTTATATTTGGAAC-1	7325.063768177965	10157.78680023562	12.683602224773256	12.683803407600587	-2.0917750589433126e-06	-3.973351886088494e-05	12.230485929528625	True	Stroma
Patient03	ROI05	70	334.875	1.43152e-11	7314	10163	7310.22983139792	10178.9915033286	12.051582482062	Patient03_GCGTTATATTTGGAAC-1	7310.229833483227	10178.991543071872	12.802567440992116	12.802802592421664	-2.0853067326243035e-06	-3.974327228206676e-05	16.429922397769445	True	Stroma
Patient03	ROI05	87	148.994	1.71046e-11	7314	10163	7252.88064592275	10169.8879513256	45.115715019379	Patient03_GCGTTATATTTGGAAC-1	7252.880648005736	10169.887991072375	12.578386373988058	12.57855102059466	-2.082985702145379e-06	-3.974677747464739e-05	61.50625428591879	True	Stroma
Patient03	ROI05	89	168.887	9.14923e-12	7314	10163	7295.39589670965	10200.196246155	30.5063758759655	Patient03_GCGTTATATTTGGAAC-1	7295.395898788487	10200.196285908123	12.927464526106728	12.927737729988111	-2.0788374968105927e-06	-3.975312574766576e-05	41.58934223165019	True	Stroma
Patient03	ROI05	90	40.8648	8.40655e-12	7314	10163	7280.56196202137	10221.4009889814	49.3627193357535	Patient03_GCGTTATATTTGGAAC-1	7280.5619640937475	10221.40102874438	13.05812327151429	13.058438446735442	-2.0723773559439e-06	-3.976297921326477e-05	67.29619527035659	True	Stroma
Patient03	ROI05	54	97.7248	1.09229e-11	7195	10092	7254.86719920067	10075.9654280168	45.4612534383019	Patient03_CCTGCGTTCTACGCTT-1	7254.867201307201	10075.965467727869	11.926895690840473	11.926969384978056	-2.1065307009848766e-06	-3.9711067074676976e-05	61.97732681244945	True	Stroma
Patient03	ROI05	55	82.7915	8.46332e-12	7195	10092	7233.60957380722	10060.8112806021	36.4065189141461	Patient03_CCTGCGTTCTACGCTT-1	7233.609575915824	10060.811320309993	11.780108228981886	11.780204139697174	-2.108604348904919e-06	-3.970789111917839e-05	49.633007235670405	True	Stroma
Patient03	ROI05	56	482.553	1.18341e-11	7195	10092	7212.35194841377	10045.6571331874	36.2978511659539	Patient03_CCTGCGTTCTACGCTT-1	7212.351950524448	10045.657172892115	11.639431347763178	11.639569562055234	-2.110678906319663e-06	-3.9704715163679793e-05	49.48486049454406	True	Stroma
Patient03	ROI05	63	135.726	1.02552e-11	7195	10092	7197.51801372549	10066.8618760138	18.531446001948	Patient03_CCTGCGTTCTACGCTT-1	7197.51801582971	10066.86191572837	11.733714674746013	11.733854310815191	-2.104219674947672e-06	-3.9714570448268205e-05	25.26392033448759	True	Stroma
Patient03	ROI05	64	90.0912	7.95155e-12	7195	10092	7218.77563911894	10082.0160234285	18.9150105783551	Patient03_CCTGCGTTCTACGCTT-1	7218.775641221086	10082.016063146246	11.877812077859058	11.877914845811366	-2.1021460270276293e-06	-3.97177464037668e-05	25.7868339214864	True	Stroma
Patient03	ROI05	74	168.054	9.37349e-12	7195	10092	7225.19932982412	10118.3749136697	29.4104975505442	Patient03_CCTGCGTTCTACGCTT-1	7225.199331917722	10118.374953400373	12.135524820601033	12.135627434038534	-2.0936022337991744e-06	-3.973067214246839e-05	40.09533131064161	True	Stroma
Patient03	ROI05	75	76.355	1.41035e-11	7195	10092	7203.94170443067	10103.2207662549	10.524323887235	Patient03_CCTGCGTTCTACGCTT-1	7203.941706526346	10103.2208059825	11.982300611112276	11.982415276259372	-2.0956758817192167e-06	-3.97275980503764e-05	14.34781075539355	True	Stroma
Patient03	ROI05	76	67.6859	7.9585e-12	7195	10092	7182.68407903722	10088.0666188402	9.48344583742756	Patient03_CCTGCGTTCTACGCTT-1	7182.68408113497	10088.066658564623	11.834922743521696	11.835068974954496	-2.0977504391339608e-06	-3.9724425732856616e-05	12.928781710189249	True	Stroma
Patient03	ROI05	77	254.073	8.92284e-12	7195	10092	7161.42645364377	10072.9124714255	28.3284383822086	Patient03_CCTGCGTTCTACGCTT-1	7161.4264557435945	10072.91251114675	11.693612269167287	11.693810268059677	-2.099824087054003e-06	-3.9721249777358025e-05	38.62016004648702	True	Stroma
Patient03	ROI05	82	89.281	9.50082e-12	7195	10092	7146.5925189555	10094.1172142519	35.5415239332521	Patient03_CCTGCGTTCTACGCTT-1	7146.592521048855	10094.117253983004	11.798295240616936	11.798499412338806	-2.093354851240292e-06	-3.973110324295703e-05	48.45375957820068	True	Stroma
Patient03	ROI05	83	111.938	7.91754e-12	7195	10092	7167.85014434895	10109.2713616666	23.6029184922245	Patient03_CCTGCGTTCTACGCTT-1	7167.850146440231	10109.271401400878	11.942879507456396	11.943037367161086	-2.091280293825548e-06	-3.973427737946622e-05	32.17785878039977	True	Stroma
Patient03	ROI05	84	285.858	8.97441e-12	7195	10092	7189.1077697424	10124.4255090814	24.1740754478531	Patient03_CCTGCGTTCTACGCTT-1	7189.107771831606	10124.425548818752	12.09339796835061	12.093529421889324	-2.089206645905506e-06	-3.973735147155821e-05	32.95651705803509	True	Stroma
Patient03	ROI05	85	388.539	1.05586e-11	7195	10092	7210.36539513585	10139.5796564961	36.6751197778751	Patient03_CCTGCGTTCTACGCTT-1	7210.365397222983	10139.579696236628	12.249631874412376	12.249756134595147	-2.087132997985464e-06	-3.97405274270568e-05	49.999190793128754	True	Stroma
Patient03	ROI05	96	311.079	4.46013e-11	7195	10092	7153.01620966067	10130.4761044931	41.7720066566205	Patient03_CCTGCGTTCTACGCTT-1	7153.016211745492	10130.476144237133	12.057403693243227	12.057578062026415	-2.0848219719482586e-06	-3.9744030800648034e-05	56.947776674957005	True	Stroma
Patient03	ROI05	60	111.98	1.10614e-11	7077	10020	7133.74513754514	10021.3994337696	41.636023734536	Patient03_GAACGTTAGGAAGACG-1	7133.745139655581	10021.399473474748	11.339523794285284	11.339899453796551	-2.1104406187077984e-06	-3.9705146264168434e-05	56.76239115728271	True	Stroma
Patient03	ROI05	80	431.5	1.1328e-11	7077	10020	7104.0772681686	10063.8089194225	37.777052044087	Patient03_GAACGTTAGGAAGACG-1	7104.077270266103	10063.808959147253	11.527813293696786	11.528172426920928	-2.0975030565750785e-06	-3.9724753150949255e-05	51.501455051690975	True	Stroma
Patient03	ROI05	99	224.941	1.39582e-11	7077	10020	7089.24333348032	10085.0136622489	48.5266977967537	Patient03_GAACGTTAGGAAGACG-1	7089.243335571364	10085.013701983507	11.632530959447111	11.63288976701806	-2.091043825203087e-06	-3.973460661654826e-05	66.15644710626827	True	Stroma
Patient03	ROI06	12	39.3894	8.27127e-12	7452	9409	7450.59252626925	9356.13858380072	38.7883447417841	Patient03_TATCTACAGAGGTAAT-1	7450.592528653426	9356.13862343502	11.434085830111115	11.434459281758546	-2.384175786573905e-06	-3.9634298445889726e-05	52.88015038647451	True	Stroma
Patient03	ROI06	13	116.209	8.73133e-12	7452	9409	7470.65739499366	9369.61783568822	31.9651787272423	Patient03_TATCTACAGAGGTAAT-1	7470.657397369332	9369.61787531888	11.44848506239265	11.44881812504606	-2.3756720111123286e-06	-3.963066046708264e-05	43.578128158854575	True	Stroma
Patient03	ROI06	14	298.868	1.17165e-11	7452	9409	7490.72226371807	9383.09708757573	34.1724339175404	Patient03_TATCTACAGAGGTAAT-1	7490.722266085239	9383.09712720274	11.475508736580824	11.4758483321348	-2.367169145145453e-06	-3.962700975534972e-05	46.58727915977891	True	Stroma
Patient03	ROI06	15	56.4086	9.00467e-12	7452	9409	7475.22851431316	9403.82021916999	17.4569307807578	Patient03_TATCTACAGAGGTAAT-1	7475.228516681684	9403.82025879766	11.35626719343024	11.356577201838828	-2.3685233827563934e-06	-3.9627670048503205e-05	23.7990337334027	True	Stroma
Patient03	ROI06	16	122.225	1.1096e-11	7452	9409	7455.16364558875	9390.34096728248	13.882000330321	Patient03_TATCTACAGAGGTAAT-1	7455.163647965775	9390.3410069138	11.312154942282923	11.312388724829296	-2.3770253392285667e-06	-3.963131894124672e-05	18.92533105033299	True	Stroma
Patient03	ROI06	21	87.5699	9.8436e-12	7452	9409	7399.54015873502	9384.10559510173	42.5929088361111	Patient03_TATCTACAGAGGTAAT-1	7399.540161130406	9384.105634740998	11.130945237005964	11.131102040731829	-2.3953862182679586e-06	-3.963926792494021e-05	58.06691261627354	True	Stroma
Patient03	ROI06	22	79.2489	9.26929e-12	7452	9409	7419.60502745943	9397.58484698923	25.1942660442686	Patient03_TATCTACAGAGGTAAT-1	7419.605029846312	9397.584886624858	11.166842141732127	11.16705091524107	-2.3868824428063817e-06	-3.963562812714372e-05	34.347342898157095	True	Stroma
Patient03	ROI06	23	66.636	8.63206e-12	7452	9409	7439.66989618384	9411.06409887674	9.17015950921863	Patient03_TATCTACAGAGGTAAT-1	7439.669898562221	9411.064138508718	11.21555990816058	11.215868255894348	-2.3783804863342084e-06	-3.96319774154108e-05	12.501678458920749	True	Stroma
Patient09	ROI01	38	57.3771	9.32836e-12	6040	5559	6084.41532928224	5600.9409350463	44.8090381903128	Patient09_GTTTGGCCCAAGTTAT-1	6084.415341109347	5600.940938345719	8.135247063181367	8.132919291170925	-1.1827106391137931e-05	-3.2994184948620382e-06	61.08816176484441	True	Stroma
Patient09	ROI01	39	18.1173	1.17e-11	6040	5559	6091.63367089758	5574.36433305945	39.5152427889622	Patient09_GTTTGGCCCAAGTTAT-1	6091.633682749933	5574.364336327471	8.072845678847072	8.069574434318719	-1.1852353054564446e-05	-3.268021828262136e-06	53.87113049418261	True	Stroma
Patient09	ROI01	40	50.4273	1.25887e-11	6040	5559	6064.90441151353	5567.5254835984	19.3084807187197	Patient09_GTTTGGCCCAAGTTAT-1	6064.90442323513	5567.525486845163	8.22542114972631	8.220832693344716	-1.172159954876406e-05	-3.246763299102895e-06	26.32325176382735	True	Stroma
Patient09	ROI01	41	145.899	1.67083e-11	6040	5559	6057.68606989819	5594.10208558525	28.8314356788477	Patient09_GTTTGGCCCAAGTTAT-1	6057.686081594545	5594.102088863409	8.282015913918874	8.278722447723116	-1.169635470432695e-05	-3.2781590562080964e-06	39.305896260966975	True	Stroma
Patient09	ROI01	53	148.95	1.23168e-11	6040	5559	6023.73846889879	5613.83983811105	41.9570496478874	Patient09_GTTTGGCCCAAGTTAT-1	6023.738480439157	5613.839841399346	8.497412839761793	8.4938175883385	-1.1540366358531172e-05	-3.288296284154057e-06	57.20004578496234	True	Stroma
Patient09	ROI01	54	16.3811	1.07825e-11	6040	5559	6030.95681051413	5587.2632361242	21.7668401894722	Patient09_GTTTGGCCCAAGTTAT-1	6030.956822079743	5587.2632393811	8.437330510710877	8.432622110133034	-1.1565613021957688e-05	-3.2568996175541542e-06	29.67473323030317	True	Stroma
Patient09	ROI01	55	265.517	2.22111e-11	6040	5559	6038.17515212947	5560.68663413735	1.82272088582383	Patient09_GTTTGGCCCAAGTTAT-1	6038.175163720328	5560.686637362853	8.38638685939377	8.38004474385763	-1.15908578663948e-05	-3.225502950954251e-06	2.4849153836401365	True	Stroma
Patient09	ROI01	56	99.698	1.25442e-11	6040	5559	6011.44589274541	5553.84778467631	21.2830698903616	Patient09_GTTTGGCCCAAGTTAT-1	6011.445904205525	5553.847787880544	8.555269238873956	8.546766099659111	-1.1460115274530835e-05	-3.204234417353291e-06	29.01520918153633	True	Stroma
Patient09	ROI01	58	31.4304	1.06575e-11	6040	5559	5997.00920951473	5607.00098865	47.2664605954565	Patient09_GTTTGGCCCAAGTTAT-1	5997.009220924355	5607.000991917037	8.655219600368211	8.650122494783137	-1.1409624676161911e-05	-3.2670368455001157e-06	64.4383657297872	True	Stroma
Patient09	ROI02	0	128.377	1.06569e-11	6515	5844	6473.42665651002	5878.58428148918	39.6668850379251	Patient09_AGCTCTAGACGTTCCA-1	6473.426669594908	5878.584285167826	7.232140096289346	7.223791964639912	-1.3084888450975996e-05	-3.678645953186788e-06	54.07786437220635	True	Stroma
Patient09	ROI02	1	1149.43	2.00373e-11	6515	5844	6480.86370404209	5852.95837239265	25.8873296813905	Patient09_AGCTCTAGACGTTCCA-1	6480.863717164045	5852.958376026274	7.080437431590948	7.075493347946513	-1.3121954907546751e-05	-3.633624146459624e-06	35.292196554641066	True	Stroma
Patient09	ROI02	2	923.717	4.12072e-11	6515	5844	6488.30075157415	5827.33246329612	23.0871404017862	Patient09_AGCTCTAGACGTTCCA-1	6488.3007647331815	5827.332466884722	6.954353088483361	6.9509393426569535	-1.3159031368559226e-05	-3.588601430237759e-06	31.47469850976216	True	Stroma
Patient09	ROI02	3	460.135	1.91544e-11	6515	5844	6495.73779910622	5801.70655419959	34.0888311666492	Patient09_AGCTCTAGACGTTCCA-1	6495.737812302318	5801.70655774317	6.855300747759165	6.851425051314417	-1.3196097825129982e-05	-3.543580533005297e-06	46.47330352949484	True	Stroma
Patient09	ROI02	6	1660.83	2.03149e-11	6515	5844	6468.55384675481	5796.44528000899	48.7590969864423	Patient09_AGCTCTAGACGTTCCA-1	6468.553859826154	5796.445283548905	6.907500588179319	6.904702663164511	-1.3071343346382491e-05	-3.5399143598624505e-06	66.47327692162453	True	Stroma
Patient09	ROI02	7	2207.32	7.5969e-11	6515	5844	6461.11679922275	5822.07118910552	42.6718233402198	Patient09_AGCTCTAGACGTTCCA-1	6461.116812257018	5822.071192690457	7.00627415349298	7.003894265612611	-1.3034267794864718e-05	-3.584937076084316e-06	58.17449675972532	True	Stroma
Patient09	ROI02	8	335.863	1.19542e-11	6515	5844	6453.67975169068	5847.69709820205	45.0609544939109	Patient09_AGCTCTAGACGTTCCA-1	6453.67976468788	5847.697101832009	7.131891716677654	7.127949688449904	-1.299720042879926e-05	-3.6299588828114793e-06	61.431599261554894	True	Stroma
Patient09	ROI02	9	199.022	2.16121e-11	6394	5911	6446.24270415861	5873.32300729858	47.2468372434394	Patient09_GTCGCGTAACCCGTTG-1	6446.242717118745	5873.3230109735605	7.282964383356032	7.275597191865874	-1.2960134881723206e-05	-3.6749806895386423e-06	64.41161321397634	True	Stroma
Patient09	ROI02	10	353.809	5.67856e-11	6394	5911	6419.05875180721	5868.06173310798	36.4670644276127	Patient09_GTCGCGTAACCCGTTG-1	6419.058764642581	5868.061736779295	7.347040541696407	7.340024544812738	-1.2835371308028698e-05	-3.671314516395796e-06	49.71554893416808	True	Stroma
Patient09	ROI02	19	1894.03	1.58752e-11	6394	5911	6391.8747994558	5862.80045891738	35.3894008689821	Patient09_GTCGCGTAACCCGTTG-1	6391.874812166417	5862.800462585028	7.424025451778184	7.416745095316194	-1.2710616829281207e-05	-3.667648343252949e-06	48.24637020469279	True	Stroma
Patient09	ROI02	20	887.322	3.40184e-11	6394	5911	6364.6908471044	5857.53918472679	44.7208267723405	Patient09_GTCGCGTAACCCGTTG-1	6364.690859690253	5857.539188390762	7.513522327856074	7.505381867008279	-1.25858532555867e-05	-3.6639721656683832e-06	60.96790313873304	True	Stroma
Patient09	ROI03	0	46.9587	9.01635e-12	8775	7059	8829.41849516262	7074.98644427972	41.6035106360946	Patient09_CTCCGGCCTAATATGC-1	8829.418519135827	7074.986450051283	20.079595050828665	20.076512147385127	-2.3973207134986296e-05	-5.771563337475527e-06	56.71806605018027	True	Stroma
Patient09	ROI03	13	35.1083	9.21096e-12	8775	7059	8802.42142655565	7068.4840685067	21.2830676901987	Patient09_CTCCGGCCTAATATGC-1	8802.421450408856	7068.4840742664655	19.897963450245907	19.8949899985858	-2.3853206585044973e-05	-5.759765372204129e-06	29.015206182046175	True	Stroma
Patient09	ROI03	16	219.199	1.0452e-11	8775	7059	8791.03042956851	7010.0516998136	37.7806900741223	Patient09_CTCCGGCCTAATATGC-1	8791.030453361389	7010.05170546104	19.56452586202153	19.562960048441315	-2.379287980147637e-05	-5.647440048051067e-06	51.506414778053255	True	Stroma
Patient09	ROI03	25	71.3516	1.13485e-11	8775	7059	8764.03336096153	7003.54932404058	41.4616928651583	Patient09_CTCCGGCCTAATATGC-1	8764.033384634418	7003.5493296762215	19.38786834881157	19.38599639358659	-2.3672888346482068e-05	-5.635641173284967e-06	56.524725883073984	True	Stroma
Patient09	ROI03	27	123.309	1.66064e-11	8775	7059	8748.4272893417	7055.47931696065	19.6617970512282	Patient09_CTCCGGCCTAATATGC-1	8748.427312954916	7055.4793226968295	19.543039157120983	19.539744984527047	-2.3613216399098743e-05	-5.736179446103051e-06	26.80492791994211	True	Stroma
Patient09	ROI03	28	186.465	1.15087e-11	8775	7059	8721.43022073472	7048.97694118763	39.9760763858055	Patient09_CTCCGGCCTAATATGC-1	8721.430244227948	7048.976946912011	19.36989926313885	19.366165186663704	-2.3493228582083248e-05	-5.724381480831653e-06	54.49938493677846	True	Stroma
Patient09	ROI03	3	417.705	1.02627e-11	8896	6992	8852.82760259238	6997.09145489961	31.8870287156071	Patient09_TTGTGGCCCTGACAGT-1	8852.82762665508	6997.0914605203725	19.85701999174485	19.85584148110196	-2.406269959465135e-05	-5.620762749458663e-06	43.47158624798714	True	Stroma
Patient09	ROI03	4	412.6	2.44345e-11	8896	6992	8860.6306384023	6971.12645843957	30.1249985176672	Patient09_TTGTGGCCCTGACAGT-1	8860.630662494832	6971.126464010069	19.792746274171364	19.79158270919159	-2.4092532839858904e-05	-5.5704986152704805e-06	41.06941047913762	True	Stroma
Patient09	ROI03	18	32.4919	1.14648e-11	8777	6921	8806.63650118835	6958.12170689352	34.8426482521986	Patient09_TCGCCGGTCGATCCGT-1	8806.636525040893	6958.121712440433	19.430080668671348	19.428732068677483	-2.385254265391268e-05	-5.546912689169403e-06	47.50098236221537	True	Stroma
Patient09	ROI03	19	825.751	1.2829e-11	8777	6921	8814.43953699826	6932.15671043349	28.6558322528934	Patient09_TCGCCGGTCGATCCGT-1	8814.439560880644	6932.1567159301285	19.370534615436235	19.368813733568828	-2.388238499406725e-05	-5.496638550539501e-06	39.066496110360085	True	Stroma
Patient09	ROI03	20	242.684	5.77437e-11	8777	6921	8822.24257280818	6906.19171397345	34.9184821423175	Patient09_TCGCCGGTCGATCCGT-1	8822.242596720396	6906.191719419825	19.316170719216604	19.313753222713665	-2.3912216420285404e-05	-5.44637532584602e-06	47.60436670461629	True	Stroma
Patient09	ROI03	21	1027.98	4.81305e-11	8777	6921	8795.24550420121	6899.68933820043	20.5782159803041	Patient09_TCGCCGGTCGATCCGT-1	8795.245527993426	6899.689343635007	19.138827549551117	19.135959077908677	-2.379221587034408e-05	-5.434577360574622e-06	28.054281845950257	True	Stroma
Patient09	ROI03	22	619.495	1.17246e-11	8777	6921	8787.44246839129	6925.65433466047	8.38609180014469	Patient09_TCGCCGGTCGATCCGT-1	8787.442492153674	6925.654340145311	19.193293218003276	19.19116222997267	-2.3762384444125928e-05	-5.484840585268103e-06	11.432758951133934	True	Stroma
Patient09	ROI03	31	535.791	3.16193e-11	8777	6921	8744.83932816448	6971.08195180752	43.6580316358589	Patient09_TCGCCGGTCGATCCGT-1	8744.839351747201	6971.0819573811	19.1438921969548	19.141726747096428	-2.35827210417483e-05	-5.573579983320087e-06	59.51899452916514	True	Stroma
Patient09	ROI03	32	128.069	1.48005e-11	8777	6921	8752.6423639744	6945.11695534748	25.1427673800582	Patient09_TCGCCGGTCGATCCGT-1	8752.642387586953	6945.116960870797	19.07882785661093	19.07654119700164	-2.361255246796645e-05	-5.523316758626606e-06	34.27713476922951	True	Stroma
Patient09	ROI03	33	24.2116	8.75749e-12	8777	6921	8760.44539978432	6919.15195888744	12.218464096427	Patient09_TCGCCGGTCGATCCGT-1	8760.445423426705	6919.1519643604925	19.018990503839287	19.016254827758917	-2.3642385713174008e-05	-5.473052624438424e-06	16.65743210266	True	Stroma
Patient09	ROI03	35	45.6741	7.96302e-12	8777	6921	8741.25136698726	6886.68458665439	36.3479253247234	Patient09_TCGCCGGTCGATCCGT-1	8741.251390539488	6886.684592065371	18.79305891311613	18.78869594558094	-2.3552227503387257e-05	-5.410981430031825e-06	49.55312659519678	True	Stroma
Patient09	ROI03	36	172.581	1.282e-11	8777	6921	8733.44833117734	6912.64958311442	32.527676057346	Patient09_TCGCCGGTCGATCCGT-1	8733.448354699736	6912.649588575674	18.8477080035332	18.844167937510225	-2.3522396077169105e-05	-5.461253749672324e-06	44.34498076898464	True	Stroma
Patient09	ROI03	37	262.89	1.15477e-11	8777	6921	8725.64529536742	6938.61457957446	39.8236717557457	Patient09_TCGCCGGTCGATCCGT-1	8725.645318859984	6938.614585085978	18.907680823686825	18.90463005804813	-2.3492564650950957e-05	-5.511518793355208e-06	54.29161170461354	True	Stroma
Patient09	ROI03	39	291.701	9.24577e-12	8656	6988	8710.03922374759	6990.54457249453	39.6824612102531	Patient09_CACAGCTAGGGAGTGA-1	8710.03924718048	6990.5445781065855	19.0433919989705	19.040330610042037	-2.3432890884578228e-05	-5.612055247183889e-06	54.09909936793772	True	Stroma
Patient09	ROI03	42	133.304	1.00925e-11	8656	6988	8667.43608352077	7035.97218964159	36.174340077331	Patient09_CACAGCTAGGGAGTGA-1	8667.436106774008	7035.972195342375	19.03265717928631	19.02745981280225	-2.325323839613702e-05	-5.700784640794154e-06	49.31647782742332	True	Stroma
Patient09	ROI03	43	178.492	2.0012e-11	8656	6988	8675.23911933069	7010.00719318155	21.4414672431327	Patient09_CACAGCTAGGGAGTGA-1	8675.239142613758	7010.007198832071	18.951624303364955	18.94720952365873	-2.328306800336577e-05	-5.650520506605972e-06	29.23115229255605	True	Stroma
Patient09	ROI03	44	65.1322	9.24816e-12	8656	6988	8683.04215514061	6984.04219672151	20.047125559146	Patient09_CACAGCTAGGGAGTGA-1	8683.04217845351	6984.042202321768	18.87573446615835	18.87177980456571	-2.331289942958392e-05	-5.6002581914071925e-06	27.330246274779267	True	Stroma
Patient09	ROI03	45	23.2347	8.86223e-12	8656	6988	8690.84519095053	6958.07720026147	33.6902813429596	Patient09_CACAGCTAGGGAGTGA-1	8690.845214293262	6958.077205811464	18.80504993365645	18.80122867537049	-2.334273267479148e-05	-5.549993147724308e-06	45.92996055486002	True	Stroma
Patient09	ROI04	31	201.383	1.3203e-11	8651	7264	8699.40021530121	7265.77704648086	35.5261696202073	Patient09_GTGCGGGTCTCCAAAT-1	8699.40023896017	7265.777052459676	20.182718589330992	20.18225654612791	-2.365896034461912e-05	-5.978816261631437e-06	48.43282704322138	True	Stroma
Patient09	ROI04	37	291.954	1.22168e-11	8651	7264	8679.97393232446	7233.96480450946	30.6113856024492	Patient09_GTGCGGGTCTCCAAAT-1	8679.973955887788	7233.964810430494	19.93186189146346	19.93149437490702	-2.3563328795717094e-05	-5.921034244238399e-06	41.73250199182055	True	Stroma
Patient09	ROI04	39	7.07181	9.46736e-12	8651	7264	8665.03421892075	7285.39985687756	18.7715627250468	Patient09_GTGCGGGTCTCCAAAT-1	8665.03424242189	7285.399862907418	20.091942592536725	20.091409492861885	-2.3501141185988672e-05	-6.029858013789635e-06	25.5912714630508	True	Stroma
Patient09	ROI04	40	104.779	1.13038e-11	8651	7264	8657.56436221889	7311.11738306161	34.8950757097921	Patient09_GTGCGGGTCTCCAAAT-1	8657.56438568894	7311.117389145878	20.175002043836447	20.1742578314208	-2.3470049200113863e-05	-6.084268534323201e-06	47.57245671515486	True	Stroma
Patient09	ROI04	43	44.0757	1.17318e-11	8651	7264	8630.66822254028	7305.02266727427	33.5837438778645	Patient09_GTGCGGGTCTCCAAAT-1	8630.668245883611	7305.022673355159	20.006442798563675	20.005654448577985	-2.3343331122305244e-05	-6.080888852011412e-06	45.78471802869433	True	Stroma
Patient09	ROI04	44	536.926	1.24008e-11	8651	7264	8638.13807924214	7279.30514109022	14.6643490772013	Patient09_GTGCGGGTCTCCAAAT-1	8638.138102616558	7279.305147116696	19.92243807984516	19.921881014035147	-2.3374417651211843e-05	-6.026476512488443e-06	19.99190709694784	True	Stroma
Patient09	ROI04	45	22.2389	9.71014e-12	8651	7264	8645.60793594399	7253.58761490617	8.60097066714214	Patient09_GTGCGGGTCTCCAAAT-1	8645.607959349509	7253.587620878236	19.84044720503714	19.840035693526158	-2.340551873203367e-05	-5.972065991954878e-06	11.72570331051984	True	Stroma
Patient09	ROI05	1	58.0732	9.51134e-12	5807	5141	5789.18731035146	5182.75869033676	33.300902500307	Patient09_TGTTATTGTATGTGGC-1	5789.187320569662	5182.758692937745	9.765674741902313	9.76343234477846	-1.0218202078249304e-05	-2.6009847715613432e-06	45.39912037866622	True	Stroma
Patient09	ROI05	2	169.353	8.72244e-12	5807	5141	5796.69586942642	5156.75572013907	13.8091307817331	Patient09_TGTTATTGTATGTGGC-1	5796.695879674359	5156.755722700324	9.729589125495604	9.727930678472768	-1.0247938917018471e-05	-2.561253495514393e-06	18.825987994739503	True	Stroma
Patient09	ROI05	3	107.436	7.25496e-12	5807	5141	5804.20442850138	5130.75274994137	7.79119759193663	Patient09_TGTTATTGTATGTGGC-1	5804.2044387790565	5130.752752462904	9.69832673448601	9.697073381096198	-1.0277676665282344e-05	-2.521534042898565e-06	10.621739677095745	True	Stroma
Patient09	ROI05	4	20.2472	7.96244e-12	5807	5141	5811.71298757635	5104.74977974368	26.81384172855	Patient09_TGTTATTGTATGTGGC-1	5811.712997883754	5104.749782225483	9.671934339018229	9.670904909606165	-1.030740349960979e-05	-2.481802766851615e-06	36.55531042853487	True	Stroma
Patient09	ROI05	5	44.0602	8.62816e-12	5807	5141	5819.22154665131	5078.74680954598	46.5352569341611	Patient09_TGTTATTGTATGTGGC-1	5819.221556988451	5078.746811988062	9.650451895080565	9.649463411092457	-1.033714124787366e-05	-2.442082404741086e-06	63.441515778350094	True	Stroma
Patient09	ROI05	8	220.303	1.30472e-11	5807	5141	5777.51970952014	5125.06642981322	24.5805674712502	Patient09_TGTTATTGTATGTGGC-1	5777.519719687674	5125.066432325408	9.86826321523247	9.867417177803931	-1.0167534128413536e-05	-2.512188075343147e-06	33.51068763355909	True	Stroma
Patient09	ROI05	10	50.056	9.68485e-12	5807	5141	5762.50259137021	5177.0723702086	42.0172138110958	Patient09_TGTTATTGTATGTGGC-1	5762.50260147828	5177.072372800249	9.9324074353214	9.930758271468177	-1.0108069545822218e-05	-2.591648808447644e-06	57.28206758866832	True	Stroma
Patient09	ROI05	14	68.8852	7.65717e-12	5807	5141	5743.32643146393	5145.38307988275	46.8159969768227	Patient09_TGTTATTGTATGTGGC-1	5743.326441491594	5145.383082425333	10.070757452654354	10.069828970639692	-1.002766384772258e-05	-2.5425824787816964e-06	63.82424867850911	True	Stroma
Patient09	ROI05	15	304.601	1.37161e-11	5807	5141	5750.8349905389	5119.38010968506	44.1446896929084	Patient09_TGTTATTGTATGTGGC-1	5750.835000596291	5119.380112187911	10.042587102322894	10.041881958991324	-1.0057391591544729e-05	-2.502851202734746e-06	60.18245545834375	True	Stroma
Patient06	ROI01	1	229.457	2.46689e-11	3288	6158	3317.75643697554	6116.42911034374	37.4996168699037	Patient06_GCACTGCCTACCTTTA-1	3317.7564374219496	6116.429110981051	23.798191835982152	23.79780437593569	-4.464095582079608e-07	-6.373111318680458e-07	51.12322767873952	True	Stroma
Patient06	ROI01	2	44.8879	1.07373e-11	3288	6158	3314.95762279745	6142.30448785969	22.8812075012619	Patient06_GCACTGCCTACCTTTA-1	3314.957623260594	6142.304488483916	23.73951969243432	23.7389461879445	-4.631442607205827e-07	-6.242253220989369e-07	31.19395018647367	True	Stroma
Patient06	ROI01	3	62.4878	3.98006e-11	3288	6158	3312.15880861936	6168.17986537565	19.2297965472299	Patient06_GCACTGCCTACCTTTA-1	3312.158809099239	6168.17986598678	23.69011604159177	23.68921928295753	-4.798789632332046e-07	-6.111304173828103e-07	26.21598163283644	True	Stroma
Patient06	ROI01	15	36.5107	8.98452e-12	3288	6158	3283.35424181527	6189.26972038965	23.1885483881158	Patient06_GCACTGCCTACCTTTA-1	3283.354242330336	6189.269721000679	23.857401535676924	23.856279356075223	-5.150659490027465e-07	-6.110294634709135e-07	31.612948017510988	True	Stroma
Patient06	ROI01	16	254.816	1.71948e-11	3288	6158	3286.15305599336	6163.3943428737	4.18232681557037	Patient06_GCACTGCCTACCTTTA-1	3286.153056491691	6163.394343497816	23.90031933870993	23.899600297362717	-4.983312464901246e-07	-6.241152732400224e-07	5.701766147669005	True	Stroma
Patient06	ROI01	17	233.933	9.98367e-12	3288	6158	3288.95187017145	6137.51896535774	15.039347261178	Patient06_GCACTGCCTACCTTTA-1	3288.951870653046	6137.51896599495	23.95247092100192	23.95201860293617	-4.815960892301518e-07	-6.37210177956149e-07	20.503142121166523	True	Stroma
Patient06	ROI01	18	68.3144	9.10613e-12	3288	6158	3291.75068434954	6111.64358784178	34.1142067429126	Patient06_GCACTGCCTACCTTTA-1	3291.7506848144017	6111.643588492086	24.013796122685623	24.01347469776505	-4.648618414648809e-07	-6.503059921669774e-07	46.507898052617705	True	Stroma
Patient06	ROI01	21	100.152	1.18152e-11	3288	6158	3265.74493172355	6106.85806533983	40.9113302863765	Patient06_GCACTGCCTACCTTTA-1	3265.744932206854	6106.85806600312	24.234967379420844	24.23462800331656	-4.833041202800814e-07	-6.632899385294877e-07	55.77441657941851	True	Stroma
Patient06	ROI01	22	205.842	9.56486e-12	3288	6158	3262.94611754546	6132.73344285578	26.1000820528022	Patient06_GCACTGCCTACCTTTA-1	3262.946118045499	6132.733443505986	24.17105089389756	24.17063461414926	-5.000392775400542e-07	-6.502059477497824e-07	35.58224186259299	True	Stroma
Patient06	ROI01	23	21.1257	8.41745e-12	3288	6158	3260.14730336737	6158.60882037174	20.4352305524274	Patient06_GCACTGCCTACCTTTA-1	3260.147303884143	6158.608821008849	24.11621241033753	24.115584835649063	-5.167730705579743e-07	-6.371092240442522e-07	27.859349812125156	True	Stroma
Patient06	ROI01	24	90.1359	8.152e-12	3288	6158	3257.34848918928	6184.4841978877	29.7134656259495	Patient06_GCACTGCCTACCTTTA-1	3257.348489722788	6184.484198511715	24.07051397450806	24.069540033061813	-5.33508227817947e-07	-6.240143193281256e-07	40.50836768785625	True	Stroma
Patient06	ROI01	36	37.0506	8.72191e-12	3288	6158	3234.14155074137	6153.82329786979	39.6245560942165	Patient06_GCACTGCCTACCTTTA-1	3234.141551276596	6153.823298519885	24.337643839301727	24.33702370897289	-5.352262633095961e-07	-6.500949893961661e-07	54.020157323252384	True	Stroma
Patient06	ROI01	6	215.48	9.73459e-12	3287	6297	3303.76236608508	6245.80599792352	39.513227996156	Patient06_AGCGGGTCTGACACTC-1	3303.762366615173	6245.805998495374	23.59804356725221	23.59535058735986	-5.300930752127897e-07	-5.718538886867464e-07	53.8683837271626	True	Stroma
Patient06	ROI01	7	225.572	2.95344e-11	3287	6297	3300.963551907	6271.68137543948	21.2087571238462	Patient06_AGCGGGTCTGACACTC-1	3300.9635524538176	6271.681375998239	23.586187316391197	23.582620676140973	-5.468177732836921e-07	-5.587589839706197e-07	28.913898586943528	True	Stroma
Patient06	ROI01	9	467.88	1.09723e-11	3287	6297	3295.36592355081	6323.43213047139	20.3362937744289	Patient06_AGCGGGTCTGACACTC-1	3295.365924131107	6323.432131003969	23.59082878539508	23.585106922647466	-5.802971827506553e-07	-5.325782694853842e-07	27.72446930266829	True	Stroma
Patient06	ROI01	10	441.759	1.27675e-11	3287	6297	3269.36017092482	6318.64660796944	20.4825135645292	Patient06_AGCGGGTCTGACACTC-1	3269.3601715235595	6318.646608515002	23.782692442522723	23.77751003088064	-5.987394615658559e-07	-5.455622158478945e-07	27.923810742522058	True	Stroma
Patient06	ROI01	11	95.8936	9.97661e-12	3287	6297	3272.15898510291	6292.77123045348	11.3193923171488	Patient06_AGCGGGTCTGACACTC-1	3272.1589856849146	6292.771231012139	23.77890672248684	23.774807198202904	-5.82004759053234e-07	-5.586589395534247e-07	15.431727545975845	True	Stroma
Patient06	ROI01	12	679.2	4.03518e-11	3287	6297	3274.957799281	6266.89585293752	23.7829970807665	Patient06_AGCGGGTCTGACACTC-1	3274.95779984627	6266.895853509273	23.78449688955329	23.781345682654575	-5.652700565406121e-07	-5.717529347748496e-07	32.42335992021927	True	Stroma
Patient06	ROI01	13	201.228	1.06012e-11	3287	6297	3277.75661345909	6241.02047542157	41.6177880847094	Patient06_AGCGGGTCTGACACTC-1	3277.756614007625	6241.020476006409	23.79945633691973	23.79711786681756	-5.485348992806394e-07	-5.848387445439585e-07	56.737530495886965	True	Stroma
Patient06	ROI01	27	156.392	1.01398e-11	3287	6297	3248.95204665501	6262.11033043557	37.8662188413815	Patient06_AGCGGGTCTGACACTC-1	3248.952047238722	6262.110331020309	23.98872907334661	23.985903369585834	-5.837123353558127e-07	-5.847387001267634e-07	51.62301614645984	True	Stroma
Patient06	ROI01	28	125.044	3.46172e-11	3287	6297	3246.15323247692	6287.98570795153	30.6826122526602	Patient06_AGCGGGTCTGACACTC-1	3246.153233077367	6287.985708523172	23.98000904120445	23.97629601054536	-6.004470378684346e-07	-5.71642885915935e-07	41.8296052840528	True	Stroma
Patient06	ROI01	29	169.268	1.48991e-11	3287	6297	3243.35441829883	6313.86108546749	34.3205752742662	Patient06_AGCGGGTCTGACACTC-1	3243.354418916012	6313.861086026038	23.98058562565575	23.97585142259977	-6.171817403810564e-07	-5.585479811998084e-07	46.78924027140766	True	Stroma
Patient06	ROI01	40	69.1477	9.62177e-12	3167	6089	3216.53224064965	6071.41164281996	38.5551815335735	Patient06_GGAGCGAGGCCTACTT-1	3216.5322411531142	6071.411643522325	24.771134844207424	24.770359047819134	-5.03464434586931e-07	-7.02364559401758e-07	52.56227898471934	True	Stroma
Patient06	ROI01	41	815.734	6.26086e-11	3167	6089	3213.73342647156	6097.28702033592	34.8144127735015	Patient06_GGAGCGAGGCCTACTT-1	3213.733426991759	6097.2870210251895	24.693408705581486	24.69279064057166	-5.201991370995529e-07	-6.892696546856314e-07	47.46248893411152	True	Stroma
Patient06	ROI01	56	190.122	9.77477e-12	3167	6089	3182.13004548938	6144.25225286588	42.0203795216556	Patient06_GGAGCGAGGCCTACTT-1	3182.1300460615007	6144.252253541954	24.79652457916232	24.795676346182884	-5.721208253817167e-07	-6.76073796057608e-07	57.28638340186838	True	Stroma
Patient06	ROI01	57	207.289	9.1952e-12	3167	6089	3184.92885966747	6118.37687534992	25.2444539263086	Patient06_GGAGCGAGGCCTACTT-1	3184.928860222856	6118.376876039089	24.859059439107558	24.858263130412897	-5.553861228690948e-07	-6.891696102684364e-07	34.41576403772786	True	Stroma
Patient06	ROI01	58	694.298	6.62754e-12	3167	6089	3187.72767384556	6092.50149783396	15.4194565447972	Patient06_GGAGCGAGGCCTACTT-1	3187.7276743842112	6092.501498536225	24.93038273794652	24.92950856675957	-5.38651420356473e-07	-7.022654244792648e-07	21.02134510751222	True	Stroma
Patient06	ROI01	59	194.099	3.22909e-11	3167	6089	3190.52648802365	6066.62612031801	23.8147822463707	Patient06_GGAGCGAGGCCTACTT-1	3190.5264885455663	6066.62612103336	25.01041928867365	25.009338656240665	-5.219162630965002e-07	-7.153494152589701e-07	32.46669263647137	True	Stroma
Patient06	ROI01	60	113.621	5.72906e-12	3167	6089	3164.52073539766	6061.84059781605	20.0046417511419	Patient06_GGAGCGAGGCCTACTT-1	3164.520735938019	6061.840598544395	25.25461927292883	25.253160319873352	-5.403589966590516e-07	-7.283451850526035e-07	27.27232809933852	True	Stroma
Patient06	ROI01	61	30.9601	5.76766e-12	3167	6089	3161.72192121957	6087.71597533201	3.98446374111548	Patient06_GGAGCGAGGCCTACTT-1	3161.7219217766637	6087.71597604726	25.17233210332514	25.17112708233797	-5.570932444243226e-07	-7.152493708417751e-07	5.432019418267135	True	Stroma
Patient06	ROI01	62	65.4624	4.43867e-12	3167	6089	3158.92310704148	6113.59135284797	18.9861327874533	Patient06_GGAGCGAGGCCTACTT-1	3158.9231076153083	6113.591353550124	25.09866041626398	25.0975823969619	-5.738284016842954e-07	-7.021544661256485e-07	25.883794829134573	True	Stroma
Patient06	ROI01	63	80.8679	5.17924e-12	3167	6089	3156.12429286339	6139.46673036392	37.8678960644392	Patient06_GGAGCGAGGCCTACTT-1	3156.124293453953	6139.466731052989	25.033680275443267	25.032601080840102	-5.905631041969173e-07	-6.890695658512414e-07	51.62530270464181	True	Stroma
Patient06	ROI01	45	156.038	1.1169e-11	3167	6227	3202.5381697592	6200.78853039975	32.3911349807753	Patient06_GAGGTACGCGTGTCCC-1	3202.5381703463377	6200.788531036649	24.47131186385783	24.47001246209389	-5.871374924026895e-07	-6.368991307681426e-07	44.15883431929061	True	Stroma
Patient06	ROI01	46	164.885	1.67989e-11	3167	6227	3199.73935558111	6226.6639079157	24.0160497647512	Patient06_GAGGTACGCGTGTCCC-1	3199.739356184982	6226.663908539514	24.43829224241865	24.436490905442334	-6.038721949153114e-07	-6.238133209990337e-07	32.741080644283656	True	Stroma
Patient06	ROI01	47	227.918	1.18235e-11	3167	6227	3196.94054140302	6252.53928543166	28.8662899325324	Patient06_GAGGTACGCGTGTCCC-1	3196.940542023627	6252.539286042378	24.41436244067963	24.411926117609056	-6.206073521752842e-07	-6.107184162829071e-07	39.3534130650154	True	Stroma
Patient06	ROI01	48	337.467	1.84625e-11	3167	6227	3194.14172722493	6278.41466294762	42.6457708318281	Patient06_GAGGTACGCGTGTCCC-1	3194.141727862272	6278.414663545243	24.399549203114688	24.396345154439462	-6.373415999405552e-07	-5.976226020720787e-07	58.13897937502749	True	Stroma
Patient06	ROI01	51	1345.33	4.62144e-11	3167	6227	3168.13597459893	6273.62914044567	34.2132880838355	Patient06_GAGGTACGCGTGTCCC-1	3168.135975254724	6273.629141056277	24.617691612226054	24.614614161717373	-6.557943379448261e-07	-6.106074579292908e-07	46.64297564469277	True	Stroma
Patient06	ROI01	52	895.128	2.253e-11	3167	6227	3170.93478877702	6247.75376292971	15.4943710139458	Patient06_GAGGTACGCGTGTCCC-1	3170.934789416079	6247.753763553413	24.635466992733388	24.633098771995808	-6.390591806848533e-07	-6.237023626454175e-07	21.12347600330923	True	Stroma
Patient06	ROI01	53	532.388	8.19424e-12	3167	6227	3173.73360295511	6221.87838541375	6.20556298283278	Patient06_GAGGTACGCGTGTCCC-1	3173.7336035774347	6221.878386050548	24.662272195740307	24.660481564938813	-6.223244781722315e-07	-6.367981768562458e-07	8.460044014492903	True	Stroma
Patient06	ROI01	54	359.212	1.19531e-11	3167	6227	3176.5324171332	6196.00300789779	23.7875916804501	Patient06_GAGGTACGCGTGTCCC-1	3176.53241773879	6196.003008547683	24.698077820649377	24.69673294267026	-6.055902304069605e-07	-6.498930815723725e-07	32.4296237379623	True	Stroma
Patient06	ROI01	65	159.665	5.52907e-12	3167	6227	3150.52666450721	6191.21748539584	28.8948683742119	Patient06_GAGGTACGCGTGTCCC-1	3150.526665131242	6191.217486058718	24.93005739727636	24.92858759822049	-6.240320544748101e-07	-6.628779374295846e-07	39.39237405456674	True	Stroma
Patient06	ROI01	66	398.507	1.89418e-11	3167	6227	3147.72785032912	6217.0928629118	15.8948855094659	Patient06_GAGGTACGCGTGTCCC-1	3147.727850969887	6217.092863561583	24.89152430221357	24.889663873014484	-6.407672117347829e-07	-6.497830327134579e-07	21.669497415057723	True	Stroma
Patient06	ROI01	67	365.848	7.85138e-12	3167	6227	3144.92903615103	6242.96824042775	19.9822015694173	Patient06_GAGGTACGCGTGTCCC-1	3144.929036808532	6242.968241064447	24.86190146821481	24.85951984460348	-6.575019142474048e-07	-6.36697222944349e-07	27.24173539958462	True	Stroma
Patient06	ROI01	72	147.896	5.23442e-12	3167	6227	3118.92328352503	6238.1827179258	36.2063700721031	Patient06_GAGGTACGCGTGTCCC-1	3118.923284200984	6238.182718575482	25.09352158188175	25.091047250993743	-6.759541975043248e-07	-6.496820788015611e-07	49.36014431930539	True	Stroma
Patient06	ROI01	73	688.038	1.62415e-12	3167	6227	3121.72209770312	6212.30734040984	34.9168407302034	Patient06_GAGGTACGCGTGTCCC-1	3121.7220983623392	6212.307341072617	25.125904250764183	25.12389575409499	-6.592190402443521e-07	-6.627769835176878e-07	47.60212896749578	True	Stroma
Patient06	ROI01	84	971.841	2.8795e-12	3046	6157	3101.31397343331	6155.77106287597	40.583601329344	Patient06_CCTATGGTCAAAGCTG-1	3101.3139740775023	6155.771063577922	25.4615793868198	25.459786646126258	-6.441923687816598e-07	-7.019525583018549e-07	55.32762369229077	True	Stroma
Patient06	ROI01	93	153.143	9.90267e-12	3046	6157	3069.71059245113	6202.73629540593	37.7884518004044	Patient06_CCTATGGTCAAAGCTG-1	3069.710593147244	6202.736296094687	25.60948143520802	25.60695098067542	-6.961136023164727e-07	-6.887566996738315e-07	51.516996339480805	True	Stroma
Patient06	ROI01	94	319.791	1.36081e-11	3046	6157	3072.50940662922	6176.86091788998	24.296985515674	Patient06_CCTATGGTCAAAGCTG-1	3072.5094073085997	6176.860918591822	25.655847750976427	25.653549172933023	-6.793793545512017e-07	-7.018425094429404e-07	33.12408035351085	True	Stroma
Patient06	ROI01	95	747.327	1.41895e-11	3046	6157	3075.30822080731	6150.98554037402	21.9460007297929	Patient06_CCTATGGTCAAAGCTG-1	3075.3082214699543	6150.985541088958	25.71080415960649	25.70861145477469	-6.626441972912289e-07	-7.14937414159067e-07	29.918982794917795	True	Stroma
Patient06	ROI01	96	105.34	1.04163e-11	3046	6157	3078.10703498541	6125.11016285806	33.1936352049765	Patient06_CCTATGGTCAAAGCTG-1	3078.10703563131	6125.110163586092	25.77429571331353	25.772083575453387	-6.458999450842384e-07	-7.280323188751936e-07	45.25288287494831	True	Stroma
Patient06	ROI01	90	183.331	1.06984e-11	3046	6296	3061.31414991686	6280.3624279538	16.0546961758945	Patient06_GAACTGTGGAGAGACA-1	3061.314150663178	6280.362428603281	25.522347848214093	25.51836251292758	-7.463181646016892e-07	-6.494810804724693e-07	21.88736729659749	True	Stroma
Patient06	ROI01	91	386.967	1.19472e-11	3046	6296	3064.11296409495	6254.48705043785	33.2226454830744	Patient06_GAACTGTGGAGAGACA-1	3064.1129648245333	6254.4870511004165	25.54269753397715	25.53932376969409	-7.295834620890673e-07	-6.625668902415782e-07	45.29243258707337	True	Stroma
Patient06	ROI02	0	53.5486	1.15708e-11	4378	5123	4410.83449711261	5139.55367825032	26.9722727673758	Patient06_GCGCGTCATTGGTACA-1	4410.834498291484	5139.553678839833	21.907224955674	21.9046307405037	-1.1788742995122448e-06	-5.895126378163695e-07	36.77129946375454	True	Stroma
Patient06	ROI02	1	82.7183	9.29849e-12	4378	5123	4407.9362586184	5165.49712551941	38.1299403095363	Patient06_GCGCGTCATTGGTACA-1	4407.936259789083	5165.497126107628	21.740441334676664	21.73830330679241	-1.1706833902280778e-06	-5.882184268557467e-07	51.98254762398784	True	Stroma
Patient06	ROI02	19	310.095	1.16662e-11	4378	5123	4385.44875375394	5136.53825974721	11.3343598953543	Patient06_GCGCGTCATTGGTACA-1	4385.44875492633	5136.538260341661	22.00111811163218	21.998994236175676	-1.1723905117833056e-06	-5.944511940469965e-07	15.45213284533095	True	Stroma
Patient06	ROI02	20	397.312	1.52916e-11	4378	5123	4360.06301039526	5133.52284124411	15.2540245668627	Patient06_GCGCGTCATTGGTACA-1	4360.063011561177	5133.522841843489	22.102065067998613	22.100327109933264	-1.165916728496086e-06	-5.993788363412023e-07	20.79581169200426	True	Stroma
Patient06	ROI02	39	362.149	1.71285e-11	4378	5123	4334.67726703658	5130.507422741	32.2514519360733	Patient06_GCGCGTCATTGGTACA-1	4334.677268196024	5130.507423345316	22.20996964389349	22.208533962558228	-1.159443854703568e-06	-6.043164830771275e-07	43.96840442444874	True	Stroma
Patient06	ROI02	3	97.7566	1.44785e-11	4377	5262	4402.13978162996	5217.38402005759	37.5641979679546	Patient06_AAGCTCTTTCATGGTG-1	4402.139782784281	5217.384020643216	21.41884249739718	21.417445142327995	-1.154320671048481e-06	-5.856263669556938e-07	51.21127108970897	True	Stroma
Patient06	ROI02	4	348.132	1.24413e-11	4377	5262	4399.24154313575	5243.32746732667	21.3016094129148	Patient06_AAGCTCTTTCATGGTG-1	4399.24154428188	5243.32746791101	21.264208291447986	21.263092423513417	-1.146129761764314e-06	-5.843403414473869e-07	29.040484112632036	True	Stroma
Patient06	ROI02	5	167.321	1.38126e-11	4377	5262	4396.34330464153	5269.27091459576	15.1578488523886	Patient06_AAGCTCTTTCATGGTG-1	4396.343305779479	5269.270915178804	21.113805435886057	21.11290985311528	-1.1379488569218663e-06	-5.830443114973605e-07	20.664695340456326	True	Stroma
Patient06	ROI02	6	487.702	1.27297e-11	4377	5262	4393.44506614731	5295.21436186485	27.185923264259	Patient06_AAGCTCTTTCATGGTG-1	4393.445067277078	5295.214362446599	20.967724986164004	20.966987041282888	-1.129767952079419e-06	-5.817491910420358e-07	37.062569186155855	True	Stroma
Patient06	ROI02	12	345.016	1.31803e-11	4377	5262	4365.16108429441	5318.14239063083	42.0868980867569	Patient06_AAGCTCTTTCATGGTG-1	4365.161085409523	5318.14239121622	20.94193271733645	20.941495962767423	-1.115113263949752e-06	-5.853898983332328e-07	57.37706816166871	True	Stroma
Patient06	ROI02	13	17.4425	8.9843e-12	4377	5262	4368.05932278863	5292.19894336175	23.1017624177109	Patient06_AAGCTCTTTCATGGTG-1	4368.059323911924	5292.198943948426	21.080391296945365	21.079899514917667	-1.1232941687921991e-06	-5.866759238415398e-07	31.494632704067104	True	Stroma
Patient06	ROI02	14	129.561	4.94738e-11	4377	5262	4370.95756128285	5266.25549609266	5.4210780007748	Patient06_AAGCTCTTTCATGGTG-1	4370.957562414325	5266.255496680631	21.22328282608046	21.222671698636383	-1.1314750736346468e-06	-5.879710442968644e-07	7.390555638458741	True	Stroma
Patient06	ROI02	15	25.3736	1.07824e-11	4377	5262	4373.85579977707	5240.31204882357	16.0747307978527	Patient06_AAGCTCTTTCATGGTG-1	4373.855800916726	5240.312049412838	21.370518383695384	21.369724952975684	-1.1396559784770943e-06	-5.892679837415926e-07	21.9146804967146	True	Stroma
Patient06	ROI02	16	379.704	1.38259e-11	4377	5262	4376.75403827128	5214.36860155448	34.9387761291544	Patient06_AAGCTCTTTCATGGTG-1	4376.754039419127	5214.368602145043	21.522008815361804	21.52097152017574	-1.147847797255963e-06	-5.905631041969173e-07	47.63203349687987	True	Stroma
Patient06	ROI02	23	188.35	9.15021e-12	4377	5262	4351.3682949126	5211.35318305137	41.6367688597471	Patient06_AAGCTCTTTCATGGTG-1	4351.368296053974	5211.353183646871	21.632297662830133	21.63153451230614	-1.1413740139687434e-06	-5.955007509328425e-07	56.76340698650388	True	Stroma
Patient06	ROI02	24	98.7952	1.03046e-11	4377	5262	4348.47005641839	5237.29663032046	27.6819203112036	Patient06_AAGCTCTTTCATGGTG-1	4348.4700575515735	5237.296630914665	21.483969533543156	21.483412232652423	-1.1331831046845764e-06	-5.942047209828161e-07	37.73876196026876	True	Stroma
Patient06	ROI02	8	756.24	2.20789e-11	4376	5400	4387.64858915888	5347.10125640303	39.7316092580106	Patient06_ACGGATGGTGCGGATA-1	4387.648590272276	5347.101256982187	20.688894834743632	20.688278614771008	-1.1133961379528046e-06	-5.79157131141983e-07	54.16610290144913	True	Stroma
Patient06	ROI02	9	346.917	1.24765e-11	4376	5400	4384.75035066466	5373.04470367212	20.7878077411734	Patient06_ACGGATGGTGCGGATA-1	4384.750351769875	5373.044704249981	20.556325954795582	20.555671124337096	-1.105215233110357e-06	-5.778611011919565e-07	28.340018293542894	True	Stroma
Patient06	ROI02	10	1187.58	2.37414e-11	4376	5400	4359.36460730598	5370.02928516901	25.1433887029383	Patient06_ACGGATGGTGCGGATA-1	4359.364608404721	5370.029285751809	20.67866774029328	20.67814287028028	-1.0987414498231374e-06	-5.827987479278818e-07	34.277981818724015	True	Stroma
Patient06	ROI02	11	244.98	1.63038e-11	4376	5400	4362.2628458002	5344.08583789992	42.2334999828184	Patient06_ACGGATGGTGCGGATA-1	4362.262846907122	5344.085838484015	20.807995579371696	20.80754821757808	-1.1069223546655849e-06	-5.840947778779082e-07	57.576930526584135	True	Stroma
Patient06	ROI02	29	759.048	9.15861e-12	4376	5400	4333.9788639473	5367.01386666591	39.1854612771043	Patient06_ACGGATGGTGCGGATA-1	4333.9788650395685	5367.013867253636	20.808206349218587	20.80772407527624	-1.0922685760306194e-06	-5.877254807273857e-07	53.42153935908122	True	Stroma
Patient06	ROI02	31	137.357	1.14198e-11	4256	5330	4311.49135908284	5338.05500089371	41.1302973668941	Patient06_GAGCACCTGTGTCCAG-1	4311.491360176817	5338.05500148767	21.06764032209126	21.06727031932704	-1.093976607080549e-06	-5.939600669080392e-07	56.0729344002823	True	Stroma
Patient06	ROI02	46	75.0414	1.12739e-11	4256	5330	4291.90209271259	5283.15268785243	43.2936930185359	Patient06_GAGCACCTGTGTCCAG-1	4291.902093816465	5283.152688453909	21.460928471772306	21.460659032095737	-1.1038746379199438e-06	-6.01478859607596e-07	59.02229169216731	True	Stroma
Patient06	ROI02	47	3056.97	1.63732e-11	4256	5330	4289.00385421838	5309.09613512152	28.6561593464716	Patient06_GAGCACCTGTGTCCAG-1	4289.003855314064	5309.096135721703	21.332146075638143	21.331815087178263	-1.0956837286357768e-06	-6.001828296575695e-07	39.066942037045045	True	Stroma
Patient06	ROI02	48	1636.98	1.159e-11	4256	5330	4286.10561572416	5335.03958239061	22.3901609070669	Patient06_GAGCACCTGTGTCCAG-1	4286.105616811663	5335.039582989497	21.20792179594193	21.20746339862252	-1.0875028237933293e-06	-5.988867997075431e-07	30.524506364600605	True	Stroma
Patient06	ROI02	49	755.817	1.9405e-11	4256	5330	4283.20737722994	5360.98302965969	30.2452536118498	Patient06_GAGCACCTGTGTCCAG-1	4283.207378309262	5360.983030257292	21.088336183819784	21.08768343756411	-1.0793219189508818e-06	-5.97601683693938e-07	41.23335424902389	True	Stroma
Patient06	ROI02	50	1904.98	2.61146e-11	4256	5330	4257.82163387126	5357.96761115659	20.5581113788518	Patient06_GAGCACCTGTGTCCAG-1	4257.821634944108	5357.967611759119	21.23864973518162	21.237787448411236	-1.072848135663662e-06	-6.025293259881437e-07	28.026873242784585	True	Stroma
Patient06	ROI02	52	2158.78	1.35131e-11	4256	5330	4263.6181108597	5306.08071661841	18.413512687138	Patient06_GAGCACCTGTGTCCAG-1	4263.61811194891	5306.080717223531	21.475983594544505	21.475520599971503	-1.089209945348557e-06	-6.051204763934948e-07	25.10314184637992	True	Stroma
Patient06	ROI02	53	529.739	1.07738e-11	4256	5330	4266.51634935391	5280.13726934932	37.3796273116341	Patient06_GAGCACCTGTGTCCAG-1	4266.516350451311	5280.137269955736	21.60153730237121	21.60117473219304	-1.097400854632724e-06	-6.064155968488194e-07	50.95964591395544	True	Stroma
Patient06	ROI02	66	1333.34	1.1324e-11	4256	5330	4241.13060599523	5277.12185084622	40.2912218228663	Patient06_GAGCACCTGTGTCCAG-1	4241.130607086157	5277.121851457565	21.748810679793817	21.74827406869078	-1.0909270713455044e-06	-6.113450581324287e-07	54.92902271111792	True	Stroma
Patient06	ROI02	67	1068.96	1.2695e-11	4256	5330	4238.23236750102	5303.06529811531	23.6683917011224	Patient06_GAGCACCTGTGTCCAG-1	4238.232368583756	5303.065298725359	21.626480890762064	21.625805108789017	-1.0827361620613374e-06	-6.100490281824023e-07	32.26711840614118	True	Stroma
Patient06	ROI02	68	1382.11	1.00241e-11	4256	5330	4235.3341290068	5329.00874538439	15.1761391369107	Patient06_GAGCACCTGTGTCCAG-1	4235.334130081355	5329.008745993153	21.50872080901299	21.50784015907726	-1.07455525721889e-06	-6.087630026740953e-07	20.68963048535541	True	Stroma
Patient06	ROI02	69	2399.44	1.74495e-11	4256	5330	4232.43589051258	5354.95219265348	25.1743888929759	Patient06_GAGCACCTGTGTCCAG-1	4232.435891578954	5354.952193260946	21.395605888832147	21.394453722452518	-1.0663743523764424e-06	-6.074660632293671e-07	34.32024437779384	True	Stroma
Patient06	ROI02	70	1479.88	1.34441e-11	4256	5330	4207.0501471539	5351.93677415038	39.3461193010653	Patient06_GAGCACCTGTGTCCAG-1	4207.0501482138025	5351.936774762774	21.55905956509464	21.55753918928876	-1.0599023880786262e-06	-6.123937055235729e-07	53.640564443149046	True	Stroma
Patient06	ROI02	71	345.675	9.67971e-12	4256	5330	4209.94838564812	5325.99332688129	33.9071253397593	Patient06_GAGCACCTGTGTCCAG-1	4209.948386716203	5325.99332749498	21.668957441823657	21.667746715258684	-1.068082383426372e-06	-6.136897354735993e-07	46.22558397569961	True	Stroma
Patient06	ROI02	72	152.197	1.18298e-11	4256	5330	4212.84662414234	5300.0498796122	38.5302662488266	Patient06_GAGCACCTGTGTCCAG-1	4212.846625218603	5300.049880227187	21.783499932022394	21.782532442398427	-1.0762623787741177e-06	-6.149866749183275e-07	52.528311977029645	True	Stroma
Patient06	ROI02	43	314.654	1.13026e-11	4257	5192	4300.59680819525	5205.32234604516	33.4386506818242	Patient06_GTCCCGCGACGTTATG-1	4300.596809323668	5205.322346650526	21.87380504705454	21.873336737651965	-1.128418261941988e-06	-6.053660399629734e-07	45.5869124745291	True	Stroma
Patient06	ROI02	55	67.2519	9.27116e-12	4257	5192	4272.31282634235	5228.25037481114	28.8651827891998	Patient06_GTCCCGCGACGTTATG-1	4272.312827456113	5228.250375420148	21.866022842224435	21.865668056534787	-1.1137635738123208e-06	-6.090076567488723e-07	39.35190369650637	True	Stroma
Patient06	ROI02	56	109.435	1.05942e-11	4257	5192	4275.21106483657	5202.30692754206	15.3491367993658	Patient06_GTCCCGCGACGTTATG-1	4275.211065958514	5202.306928152354	22.00479387713133	22.004348764175283	-1.1219444786547683e-06	-6.102936822571792e-07	20.925478198574712	True	Stroma
Patient06	ROI02	58	161.694	8.47054e-12	4257	5192	4281.007541825	5150.42003300388	35.2182781732666	Patient06_GTCCCGCGACGTTATG-1	4281.007542963316	5150.420033616765	22.29498614077869	22.294178044844287	-1.1383162927813828e-06	-6.128848326625302e-07	48.013078633613226	True	Stroma
Patient06	ROI02	61	41.224	8.00478e-12	4257	5192	4255.62179846632	5147.40461450077	32.7269689609704	Patient06_GTCCCGCGACGTTATG-1	4255.621799598162	5147.404615118593	22.42629033410176	22.425501506421448	-1.131842509494163e-06	-6.178233888931572e-07	44.61667678449846	True	Stroma
Patient06	ROI02	62	97.3098	1.00102e-11	4257	5192	4252.7235599721	5173.34806176986	14.0364570053321	Patient06_GTCCCGCGACGTTATG-1	4252.723561095761	5173.348062386388	22.2822795274511	22.281663741912947	-1.1236616046517156e-06	-6.165282684378326e-07	19.13590183537733	True	Stroma
Patient06	ROI02	63	9.27125	8.48636e-12	4257	5192	4249.82532147789	5199.29150903895	7.50346431987067	Patient06_GTCCCGCGACGTTATG-1	4249.82532259336	5199.291509654182	22.142446773518397	22.14194391803709	-1.1154706953675486e-06	-6.152322384878062e-07	10.229472907277088	True	Stroma
Patient06	ROI02	64	19.08	8.33158e-12	4257	5192	4246.92708298367	5225.23495630804	25.4733989091249	Patient06_GTCCCGCGACGTTATG-1	4246.927084090959	5225.234956921977	22.00687171511009	22.006420469944104	-1.1072897905251011e-06	-6.139371180324815e-07	34.727884732807844	True	Stroma
Patient06	ROI02	75	34.0504	9.00011e-12	4257	5192	4221.54133962499	5222.21953780493	34.1737130227644	Patient06_GTCCCGCGACGTTATG-1	4221.541340725806	5222.219538423804	22.15426007878656	22.153633013090072	-1.1008160072378814e-06	-6.18873855273705e-07	46.58902296393354	True	Stroma
Patient06	ROI02	77	417.875	1.45668e-11	4257	5192	4227.33781661342	5170.33264326676	26.9442412884504	Patient06_GTCCCGCGACGTTATG-1	4227.337817730609	5170.332643888216	22.423289533017293	22.42257523282359	-1.1171887308591977e-06	-6.214559107320383e-07	36.7330841485519	True	Stroma
Patient06	ROI02	78	390.069	9.28453e-12	4257	5192	4230.23605510764	5144.38919599767	40.062890715779	Patient06_GTCCCGCGACGTTATG-1	4230.23605623301	5144.389196620421	22.564130350756027	22.56328150715437	-1.1253696357016452e-06	-6.22751031187363e-07	54.61773891282551	True	Stroma
Patient06	ROI02	83	149.32	9.55774e-12	4257	5192	4199.05383476053	5193.26067203274	42.5143967989133	Patient06_GTCCCGCGACGTTATG-1	4199.053835863055	5193.260672657838	22.437248222942262	22.436393352084128	-1.1025249477825128e-06	-6.250975275179371e-07	57.959877155961294	True	Stroma
Patient06	ROI02	92	39.3915	8.29706e-12	4136	5261	4162.07513742498	5294.01904260599	30.8614302530063	Patient06_CGCGACCGCGACAGAT-1	4162.075138488297	5294.019043230842	22.11654186445021	22.11476203619746	-1.0633166311890818e-06	-6.248519639484584e-07	42.07338786391919	True	Stroma
Patient06	ROI02	93	65.9362	8.07196e-12	4136	5261	4164.9733759192	5268.0755953369	21.8769392582984	Patient06_CGCGACCGCGACAGAT-1	4164.973376990698	5268.075595963047	22.22926354363265	22.2277376055029	-1.071497536031529e-06	-6.261470844037831e-07	29.82483129083651	True	Stroma
Patient06	ROI02	94	262.493	1.05156e-11	4136	5261	4167.87161441341	5242.13214806781	27.1677251349502	Patient06_CGCGACCGCGACAGAT-1	4167.871615493099	5242.132148695253	22.34648466160083	22.34514842799637	-1.079689354810398e-06	-6.274431143538095e-07	37.03775967647222	True	Stroma
Patient06	ROI02	95	101.938	1.03615e-11	4136	5261	4170.76985290763	5216.18870079872	41.6038739825018	Patient06_CGCGACCGCGACAGAT-1	4170.7698539955	5216.18870142746	22.468134794829652	22.466924968672146	-1.0878702596528456e-06	-6.287400537985377e-07	56.71856140034639	True	Stroma
Patient06	ROI02	98	403.921	1.16546e-11	4136	5122	4179.46456839028	5138.35835899146	34.0651213246435	Patient06_GCAGTGTGGCTATAGG-1	4179.464569502703	5138.358359624077	22.85893931862519	22.857738641347115	-1.1124229786219075e-06	-6.326172297121957e-07	46.44097990187969	True	Stroma
Patient06	ROI02	99	489.462	1.45168e-11	4136	5122	4182.3628068845	5112.41491172237	34.7269528694445	Patient06_GCAGTGTGGCTATAGG-1	4182.362808005104	5112.414912356282	22.99758145445771	22.996263943290963	-1.120603883464355e-06	-6.339123501675203e-07	47.343254846909424	True	Stroma
Patient06	ROI03	10	98.5448	1.10981e-11	5943	5753	5984.96913107295	5709.60938870498	44.2799246541585	Patient06_CGTTGAGCGACCGTCG-1	5984.969131784894	5709.609388970187	17.074601946379882	17.07390416393183	-7.119433576008305e-07	-2.652068360475824e-07	60.366821281014936	True	Stroma
Patient06	ROI03	29	38.1413	8.65222e-12	5943	5753	5958.89699082777	5706.59137631103	35.983152770446	Patient06_CGTTGAGCGACCGTCG-1	5958.896991539637	5706.591376583685	17.005160439361994	17.00456532433111	-7.118669600458816e-07	-2.7265468816040084e-07	49.05583217195102	True	Stroma
Patient06	ROI03	30	38.2888	9.05938e-12	5943	5753	5932.8248505826	5703.57336391708	37.0154151267222	Patient06_CGTTGAGCGACCGTCG-1	5932.82485129438	5703.573364197186	16.94257981024999	16.942029410204032	-7.117796485545114e-07	-2.801052687573247e-07	50.46311544226917	True	Stroma
Patient06	ROI03	50	74.1685	1.1988e-11	5823	5683	5880.68057009225	5697.53733912919	43.6325854698438	Patient06_TGCCCGTACCGTTAAA-1	5880.680570803866	5697.537339424183	16.838298788611805	16.837661312045196	-7.11616849002894e-07	-2.949936970253475e-07	59.48430377102841	True	Stroma
Patient06	ROI03	67	123.716	9.34362e-12	5823	5683	5862.18132432996	5643.8876641866	40.6088164773287	Patient06_TGCCCGTACCGTTAAA-1	5862.181325030819	5643.887664523429	17.08935501207071	17.089029268114803	-7.00858436175622e-07	-3.3682863431749865e-07	55.36199950353771	True	Stroma
Patient06	ROI03	68	515.289	1.17932e-11	5823	5683	5858.39487708852	5669.20349546092	27.8652489294538	Patient06_TGCCCGTACCGTTAAA-1	5858.3948777947135	5669.203495780555	16.940759584459535	16.940247527921116	-7.06193532096222e-07	-3.196355464751832e-07	37.98869386552126	True	Stroma
Patient06	ROI03	69	30.554	9.34178e-12	5823	5683	5854.60842984708	5694.51932673525	24.6769257956668	Patient06_TGCCCGTACCGTTAAA-1	5854.608430558609	5694.519327037683	16.796728029714377	16.795957779040005	-7.115295375115238e-07	-3.0243336368585005e-07	33.64205293722711	True	Stroma
Patient06	ROI03	70	34.9947	9.88905e-12	5823	5683	5828.53628960191	5691.5013143413	7.44156814424638	Patient06_TGCCCGTACCGTTAAA-1	5828.536290313352	5691.501314651182	16.76227663627305	16.76131370650596	-7.114422260201536e-07	-3.098821252933704e-07	10.145089851046288	True	Stroma
Patient06	ROI03	71	26.4039	1.01192e-11	5823	5683	5832.32273684335	5666.18548306697	14.1025896643283	Patient06_TGCCCGTACCGTTAAA-1	5832.322737549457	5666.185483394055	16.90437492805057	16.903705676340863	-7.061071300995536e-07	-3.270852175774053e-07	19.22606048938548	True	Stroma
Patient06	ROI03	72	121.915	1.10647e-11	5823	5683	5836.10918408479	5640.86965179265	32.3646656192939	Patient06_TGCCCGTACCGTTAAA-1	5836.1091847855605	5640.869652136928	17.051079790474503	17.050631672876968	-7.007702151895501e-07	-3.442783054197207e-07	44.12274863878577	True	Stroma
Patient06	ROI03	87	255.207	1.08661e-11	5823	5683	5810.03704383962	5637.8516393987	34.4549750164916	Patient06_TGCCCGTACCGTTAAA-1	5810.037044540304	5637.851639750428	17.01983162169345	17.01920208935207	-7.006838131928816e-07	-3.517279765219428e-07	46.97246743999008	True	Stroma
Patient06	ROI03	88	330.94	1.14035e-11	5823	5683	5806.25059659817	5663.16747067303	19.0413258561329	Patient06_TGCCCGTACCGTTAAA-1	5806.2505973042	5663.167471007555	16.875085991925438	16.87419998322699	-7.060298230499029e-07	-3.345248842379079e-07	25.959039539674013	True	Stroma
Patient06	ROI03	89	181.411	1.02652e-11	5823	5683	5802.46414935673	5688.48330194735	15.5910655166707	Patient06_TGCCCGTACCGTTAAA-1	5802.464150068096	5688.483302264682	16.734988577074812	16.73377294028378	-7.113658284652047e-07	-3.173317963955924e-07	21.25529961888372	True	Stroma
Patient06	ROI03	92	150.379	1.27783e-11	5823	5683	5783.96490359444	5634.83362700476	45.4763360870732	Patient06_TGCCCGTACCGTTAAA-1	5783.964904295048	5634.833627363926	16.995649265549996	16.994779176816493	-7.006074156379327e-07	-3.5916582419304177e-07	61.99788898751228	True	Stroma
Patient06	ROI03	63	181.162	8.25707e-12	5823	5545	5877.32711329573	5542.62433908929	39.8877949975101	Patient06_GAGATCTTCCATGACA-1	5877.327113975236	5542.624339494921	17.727027353951488	17.72676297795257	-6.79506229062099e-07	-4.056309990119189e-07	54.37903092010499	True	Stroma
Patient06	ROI03	64	81.9132	9.50231e-12	5823	5545	5873.54066605428	5567.94017036362	40.7124229627323	Patient06_GAGATCTTCCATGACA-1	5873.540666739131	5567.940170752048	17.561348263563325	17.561167528044596	-6.848504199297167e-07	-3.88427906727884e-07	55.50324622508319	True	Stroma
Patient06	ROI03	75	35.3173	9.50026e-12	5823	5545	5847.46852580911	5564.92215796967	23.1446840446212	Patient06_GAGATCTTCCATGACA-1	5847.468526493874	5564.922158365546	17.517658313124613	17.51745539635284	-6.847640179330483e-07	-3.9587666833540425e-07	31.553147758022	True	Stroma
Patient06	ROI03	76	83.7448	1.05554e-11	5823	5545	5851.25497305055	5539.60632669535	21.0996652440666	Patient06_GAGATCTTCCATGACA-1	5851.254973729978	5539.60632710842	17.681617845431006	17.681363186253037	-6.794280125177465e-07	-4.1307066567242156e-07	28.76517362722832	True	Stroma
Patient06	ROI03	77	120.885	9.08939e-12	5823	5545	5855.04142029199	5514.29049542102	32.5545356887687	Patient06_GAGATCTTCCATGACA-1	5855.041420966083	5514.290495851293	17.849602884215898	17.849232787782807	-6.740929165971465e-07	-4.302728484617546e-07	44.38159850449687	True	Stroma
Patient06	ROI03	81	293.453	1.28306e-11	5823	5545	5832.75572728826	5485.95665175275	43.8963472021334	Patient06_GAGATCTTCCATGACA-1	5832.75572795693	5485.956652207664	17.979379993744306	17.97884876284341	-6.686705091851763e-07	-4.549137884168886e-07	59.84389014067286	True	Stroma
Patient06	ROI03	82	125.031	1.34688e-11	5823	5545	5828.96928004682	5511.27248302708	25.1240972565769	Patient06_GAGATCTTCCATGACA-1	5828.969280720826	5511.272483464792	17.809189311935267	17.808804271738875	-6.740056051057763e-07	-4.377116056275554e-07	34.25168178989136	True	Stroma
Patient06	ROI03	83	86.695	8.07956e-12	5823	5545	5825.18283280538	5536.5883143014	6.37445486602165	Patient06_GAGATCTTCCATGACA-1	5825.182833484721	5536.588314721919	17.64295325542497	17.64265180658274	-6.793416105210781e-07	-4.205194272799418e-07	8.690294318852343	True	Stroma
Patient06	ROI03	85	74.6694	9.34404e-12	5823	5545	5817.6099383225	5587.21997685005	31.2203113123641	Patient06_GAGATCTTCCATGACA-1	5817.609939012513	5587.219977236173	17.322797716599503	17.322468311665457	-6.900127118569799e-07	-3.861223376588896e-07	42.56265041214009	True	Stroma
Patient06	ROI03	94	114.129	1.1439e-11	5823	5545	5791.53779807732	5584.20196445611	36.8707800623821	Patient06_GAGATCTTCCATGACA-1	5791.537798767256	5584.201964849673	17.29468612096813	17.29418594742824	-6.89936314302031e-07	-3.935629138140939e-07	50.26593445905057	True	Stroma
Patient06	ROI03	96	263.4	1.99528e-11	5823	5545	5799.11069256021	5533.57030190746	19.4254882575775	Patient06_GAGATCTTCCATGACA-1	5799.110693239465	5533.570302335418	17.6110780087842	17.610672945941314	-6.792552085244097e-07	-4.279581844457425e-07	26.48276814155629	True	Stroma
Patient06	ROI03	97	95.6013	1.10952e-11	5823	5545	5802.89713980165	5508.25447063313	30.7232949044144	Patient06_GAGATCTTCCATGACA-1	5802.897140475568	5508.254471078291	17.77549447665567	17.775038347700054	-6.739182936144061e-07	-4.4516127672977756e-07	41.885067943193086	True	Stroma
Patient06	ROI04	0	736.877	1.48946e-11	5577	6792	5590.83392988907	6850.33265268707	43.9746298601432	Patient06_GGCGCGTTCGAGTTTA-1	5590.83393034708	6850.332652269771	9.83231575813825	9.831296918841176	-4.580106178764254e-07	4.172989065409638e-07	59.95061288832656	True	Stroma
Patient06	ROI04	19	696.081	3.51664e-11	5577	6792	5565.3540450229	6847.54644230626	41.6299915102655	Patient06_GGCGCGTTCGAGTTTA-1	5565.354045497496	6847.546441897883	9.80427717022988	9.803100921896087	-4.745952537632548e-07	4.0837767301127325e-07	56.75416742593751	True	Stroma
Patient06	ROI04	20	485.025	1.51403e-11	5577	6792	5539.87416015673	6844.76023192546	47.3214497150034	Patient06_GGCGCGTTCGAGTTTA-1	5539.874160647911	6844.760231525994	9.78742386428216	9.786002490517664	-4.911807991447859e-07	3.99466443923302e-07	64.51333239646274	True	Stroma
Patient06	ROI04	1	230.532	2.15906e-11	5576	6930	5587.52540815801	6876.09064083362	40.436892787622	Patient06_TGAGTAAATTAGCGTA-1	5587.525408617817	6876.0906404080415	9.681898672087431	9.681229865391224	-4.598077794071287e-07	4.255780368112028e-07	55.12761593737321	True	Stroma
Patient06	ROI04	3	586.047	2.21078e-11	5576	6930	5580.90836469588	6927.60661712673	4.0055739646707	Patient06_TGAGTAAATTAGCGTA-1	5580.908365159292	6927.606616684583	9.407935029644335	9.407592290220286	-4.634121069102548e-07	4.42147211288102e-07	5.46079898602939	True	Stroma
Patient06	ROI04	4	1079.4	1.81168e-11	5576	6930	5577.59984296482	6953.36460527328	17.1784010776198	Patient06_TGAGTAAATTAGCGTA-1	5577.599843430029	6953.364604822855	9.285181334719024	9.284802695337907	-4.652092684409581e-07	4.504254320636392e-07	23.41931418911056	True	Stroma
Patient06	ROI04	5	543.234	1.25747e-11	5576	6930	5574.29132123376	6979.12259341984	36.0539145829667	Patient06_TGAGTAAATTAGCGTA-1	5574.291321700766	6979.122592961125	9.172430650477033	9.171876293745326	-4.670064299716614e-07	4.587154762702994e-07	49.15230175095686	True	Stroma
Patient06	ROI04	15	254.897	1.21873e-11	5576	6930	5552.11995809865	6950.57839489248	23.1228867922352	Patient06_TGAGTAAATTAGCGTA-1	5552.119958580444	6950.578394450966	9.243968207689514	9.24364071824314	-4.817939043277875e-07	4.41514202975668e-07	31.52343156385516	True	Stroma
Patient06	ROI04	18	478.595	1.66462e-11	5576	6930	5562.04552329184	6873.30443045282	42.8281576620762	Patient06_TGAGTAAATTAGCGTA-1	5562.045523768233	6873.3044300361535	9.65066391992418	9.649887890516814	-4.7639241529395814e-07	4.166668077232316e-07	58.387627340710345	True	Stroma
Patient06	ROI04	24	423.525	1.14801e-11	5576	6930	5526.64007323248	6947.79218451167	38.4865380595105	Patient06_TGAGTAAATTAGCGTA-1	5526.64007373086	6947.792184079077	9.214537505290572	9.21416815809462	-4.983794497093186e-07	4.325929694459774e-07	52.468697336528514	True	Stroma
Patient06	ROI04	26	66.724	1.03963e-11	5456	6999	5520.02302977035	6999.30816080478	46.9623497383306	Patient06_GTTATATTATCTCCCT-1	5520.023030272334	6999.308160355619	8.985875780389582	8.98522851577454	-5.019837772124447e-07	4.49160324933473e-07	64.02377139826069	True	Stroma
Patient06	ROI04	31	1103.64	1.8343e-11	5456	6999	5487.92610144205	7048.03792671708	42.9215182855913	Patient06_GTTATATTATCTCCCT-1	5487.926101964224	7048.037926260273	8.769405754978251	8.767971420398165	-5.221736500971019e-07	4.568073563859798e-07	58.51490587873986	True	Stroma
Patient06	ROI04	32	836.203	2.06624e-11	5456	6999	5491.23462317312	7022.27993857052	30.9768399468266	Patient06_GTTATATTATCTCCCT-1	5491.234623693486	7022.279938122001	8.860178322194017	8.85919891054954	-5.203664841246791e-07	4.485191311687231e-07	42.23072589950298	True	Stroma
Patient06	ROI04	33	75.0578	9.99317e-12	5456	6999	5494.54314490418	6996.52195042397	28.3303185054	Patient06_GTTATATTATCTCCCT-1	5494.543145422749	6996.521949983731	8.961951976511473	8.96127631024271	-5.185693225939758e-07	4.402390914037824e-07	38.62272321840945	True	Stroma
Patient06	ROI04	34	2578.19	3.77001e-11	5456	6999	5497.85166663524	6970.76396227742	37.0321985914785	Patient06_GTTATATTATCTCCCT-1	5497.851667152012	6970.76396184546	9.0743565766455	9.073837454154871	-5.167721610632725e-07	4.319608706282452e-07	50.4859963397592	True	Stroma
Patient06	ROI04	44	1250.94	1.66963e-11	5456	6999	5475.68030350013	6942.21976375006	44.0799329200401	Patient06_GTTATATTATCTCCCT-1	5475.68030403169	6942.219763335301	9.191430795914648	9.190696520081222	-5.315596354193985e-07	4.147595973336138e-07	60.094172549892086	True	Stroma
Patient06	ROI04	45	1450.22	2.07758e-11	5456	6999	5472.37178176907	6967.97775189661	25.7296805491855	Patient06_GTTATATTATCTCCCT-1	5472.371782302427	6967.977751473572	9.065772434739744	9.065075854000948	-5.333567969501019e-07	4.23037818109151e-07	35.07727349270941	True	Stroma
Patient06	ROI04	46	160.766	1.17275e-11	5456	6999	5469.063260038	6993.73574004316	10.330870653831	Patient06_GTTATATTATCTCCCT-1	5469.063260573164	6993.735739611842	8.950284929736936	8.949485081132906	-5.351639629225247e-07	4.313178578740917e-07	14.08407596236281	True	Stroma
Patient06	ROI04	47	208.371	2.22923e-11	5456	6999	5465.75473830694	7019.49372818972	16.6484764511466	Patient06_GTTATATTATCTCCCT-1	5465.754738843902	7019.493727750114	8.845366670243568	8.844317467171892	-5.36961124453228e-07	4.396060830913484e-07	22.696867945842616	True	Stroma
Patient06	ROI04	48	1110.89	1.82399e-11	5456	6999	5462.44621657588	7045.25171633627	34.2542128824723	Patient06_GTTATATTATCTCCCT-1	5462.446217114639	7045.251715888384	8.751397800421685	8.749948855101646	-5.38759195478633e-07	4.4788612285628925e-07	46.69876842266749	True	Stroma
Patient06	ROI04	51	2311.8	2.54521e-11	5456	6999	5436.96633170971	7042.46550595547	34.8054702113299	Patient06_GTTATATTATCTCCCT-1	5436.966332265054	7042.465505516496	8.745961755717744	8.74440138522613	-5.553438313654624e-07	4.389739842736162e-07	47.45029753910679	True	Stroma
Patient06	ROI04	53	340.416	1.19278e-11	5456	6999	5443.58337517183	6990.94952966236	10.8545897431278	Patient06_GTTATATTATCTCCCT-1	5443.58337572358	6990.949529239955	8.950922568267858	8.949902893741278	-5.517495083040558e-07	4.22404809796717e-07	14.798062196813056	True	Stroma
Patient06	ROI04	54	2274.0	2.40573e-11	5456	6999	5446.89189690289	6965.1915415158	25.6831555301189	Patient06_GTTATATTATCTCCCT-1	5446.891897452842	6965.191541101684	9.069338994785497	9.06837046079574	-5.499523467733525e-07	4.141165845794603e-07	35.0138459342223	True	Stroma
Patient06	ROI04	55	497.124	1.245e-11	5456	6999	5450.20041863396	6939.43355336925	43.8994452112102	Patient06_GTTATATTATCTCCCT-1	5450.200419182105	6939.433552963414	9.197844611871696	9.196787976524124	-5.481451808009297e-07	4.058365448145196e-07	59.84811365644943	True	Stroma
Patient06	ROI04	65	1186.83	3.10022e-11	5456	6999	5421.41201203672	6962.405331135	36.9351835379493	Patient06_GTTATATTATCTCCCT-1	5421.412012603258	6962.405330729795	9.085041946609763	9.083708156405567	-5.665378921548836e-07	4.052044459967874e-07	50.35373571729343	True	Stroma
Patient06	ROI04	67	270.206	1.37825e-11	5456	6999	5414.7949685746	7013.92130742811	32.1451698203708	Patient06_GTTATATTATCTCCCT-1	5414.794969144732	7013.921307006337	8.853090251851636	8.851612799384306	-5.701322152162902e-07	4.2177271097898483e-07	43.82351001611325	True	Stroma
Patient06	ROI04	68	436.931	1.6723e-11	5456	6999	5411.48644684353	7039.67929557466	44.231953396187	Patient06_GTTATATTATCTCCCT-1	5411.486447415469	7039.679295144608	8.753121043902103	8.751352734638754	-5.71939381188713e-07	4.300518412492238e-07	60.30142206502608	True	Stroma
Patient06	ROI04	73	2949.38	2.12531e-11	5456	6999	5392.62360543949	6985.37710890075	47.5493264208059	Patient06_GTTATATTATCTCCCT-1	5392.623606024412	6985.377108496178	8.98905089755557	8.987309076168307	-5.849215085618198e-07	4.045714376843535e-07	64.82399670948585	True	Stroma
Patient06	ROI04	38	1086.74	1.56452e-11	5456	6861	5511.08575355949	6867.7320096912	40.7068049653439	Patient06_CTGTTACCCAATCTAG-1	5511.085754069063	6867.7320092923765	9.622307972064617	9.621049367338566	-5.095735104987398e-07	3.9882343116914853e-07	55.49558720924782	True	Stroma
Patient06	ROI04	39	87.4879	1.09231e-11	5456	6861	5514.39427529055	6841.97402154465	45.0492386306403	Patient06_CTGTTACCCAATCTAG-1	5514.394275798326	6841.974021154107	9.781813654584788	9.78005983034002	-5.077763489680365e-07	3.905433914042078e-07	61.4156270251467	True	Stroma
Patient06	ROI04	41	2910.58	2.44616e-11	5456	6861	5485.60586869332	6864.9457993104	21.9083507908263	Patient06_CTGTTACCCAATCTAG-1	5485.605869219478	6864.945798920489	9.62528727490421	9.623654241762262	-5.261581463855691e-07	3.899103830917738e-07	29.867654633132265	True	Stroma
Patient06	ROI04	43	1911.91	1.43469e-11	5456	6861	5478.98882523119	6916.4617756035	44.0383214539384	Patient06_CTGTTACCCAATCTAG-1	5478.988825760953	6916.46177519703	9.326848933926149	9.32594177945299	-5.297624738886952e-07	4.064704626216553e-07	60.0374436381434	True	Stroma
Patient06	ROI04	56	1798.59	9.28737e-12	5456	6861	5453.50894036502	6913.6755652227	38.6814598348229	Patient06_CTGTTACCCAATCTAG-1	5453.508940911368	6913.675564825142	9.336022811054375	9.33474480744473	-5.463480192702264e-07	3.975583240389824e-07	52.73443419281157	True	Stroma
Patient06	ROI04	57	1858.87	1.88965e-11	5456	6861	5456.81746209608	6887.91757707614	19.753529672134	Patient06_CTGTTACCCAATCTAG-1	5456.817462640631	6887.917576686871	9.483450799973006	9.48182458280923	-5.445508577395231e-07	3.892691893270239e-07	26.92998700201103	True	Stroma
Patient06	ROI04	58	1011.15	1.12008e-11	5456	6861	5460.12598382714	6862.15958892959	3.14372174944029	Patient06_CTGTTACCCAATCTAG-1	5460.125984369894	6862.1595885486	9.6397041938578	9.637609635292662	-5.427536962088197e-07	3.80990059056785e-07	4.285835861001723	True	Stroma
Patient06	ROI04	59	174.604	1.05741e-11	5456	6861	5463.43450555821	6836.40160078304	18.8493631389249	Patient06_CTGTTACCCAATCTAG-1	5463.434506099156	6836.40160041033	9.804361046862828	9.8016848964593	-5.409465302363969e-07	3.727100192918442e-07	25.69733676729965	True	Stroma
Patient06	ROI04	60	952.535	7.04655e-11	5456	6861	5437.95462069203	6833.61539040223	24.0560536617998	Patient06_CTGTTACCCAATCTAG-1	5437.954621249572	6833.615390038442	9.832441214040363	9.829178897207749	-5.575411705649458e-07	3.637887857621536e-07	32.7956179571411	True	Stroma
Patient06	ROI04	61	3365.66	2.95724e-11	5456	6861	5434.64609896097	6859.37337854879	15.7087691013181	Patient06_CTGTTACCCAATCTAG-1	5434.646099520309	6859.373378176712	9.665507548556306	9.662866369802376	-5.593383320956491e-07	3.7207792047411203e-07	21.41576491583252	True	Stroma
Patient06	ROI04	62	3459.27	2.03576e-11	5456	6861	5431.33757722991	6885.13136669534	25.309515758956	Patient06_CTGTTACCCAATCTAG-1	5431.337577791046	6885.131366314983	9.50687713381363	9.504746205558211	-5.611364031210542e-07	3.80357050744351e-07	34.504462834184885	True	Stroma
Patient06	ROI04	63	4762.88	2.31967e-11	5456	6861	5428.02905549885	6910.88935484189	41.9536911558718	Patient06_CTGTTACCCAATCTAG-1	5428.029056061783	6910.889354453254	9.356972278800889	9.355233810416513	-5.629335646517575e-07	3.8863618101459e-07	57.19546715279501	True	Stroma
Patient06	ROI04	77	6141.12	2.09494e-11	5456	6861	5405.85769236374	6882.34515631453	39.9739481359352	Patient06_CTGTTACCCAATCTAG-1	5405.857692941461	6882.345155943095	9.541801926513704	9.539081293607644	-5.777210390078835e-07	3.714349077199586e-07	54.49648349371764	True	Stroma
Patient06	ROI04	78	4076.94	2.20011e-11	5456	6861	5409.1662140948	6856.58716816798	34.5054076210643	Patient06_CTGTTACCCAATCTAG-1	5409.166214670724	6856.587167804824	9.702606495307863	9.699336160794914	-5.759238774771802e-07	3.631557774497196e-07	47.04122220980007	True	Stroma
Patient06	ROI04	79	946.429	1.1095e-11	5456	6861	5412.47473582586	6830.82918002143	38.8466759580839	Patient06_CTGTTACCCAATCTAG-1	5412.474736399987	6830.8291796665535	9.871610928483262	9.867682466426654	-5.741267159464769e-07	3.548766471794807e-07	52.959673333659616	True	Stroma
Patient06	ROI05	0	333.151	1.67151e-11	4371	6787	4407.97150152335	6824.02893253682	38.3820321962553	Patient06_CCTCGCGCTGTGCGAT-1	4407.971502346917	6824.028932842124	13.276182459986048	13.2753722927143	-8.235674613388255e-07	-3.053037289646454e-07	52.32622449314907	True	Stroma
Patient06	ROI05	18	92.815	8.44485e-12	4371	6787	4379.17569520521	6846.90781520651	44.3505577098573	Patient06_CCTCGCGCTGTGCGAT-1	4379.175696048011	6846.907815494307	13.364644388984694	13.364076049700389	-8.428005457972176e-07	-2.877968654502183e-07	60.4631153258405	True	Stroma
Patient06	ROI05	19	638.996	9.997e-12	4371	6787	4382.46538575571	6821.22588866407	26.4763752807162	Patient06_CCTCGCGCTGTGCGAT-1	4382.465386591812	6821.22588897718	13.44684788217783	13.44614138400047	-8.3610211731866e-07	-3.131099219899625e-07	36.09524242019381	True	Stroma
Patient06	ROI05	20	1193.75	1.61897e-11	4371	6787	4356.95926998806	6818.42284479132	25.2454392192657	Patient06_CCTCGCGCTGTGCGAT-1	4356.959270836707	6818.422845112234	13.620568667330282	13.619948895541947	-8.48646777740214e-07	-3.20914296025876e-07	34.417107287620425	True	Stroma
Patient06	ROI05	21	1415.41	1.64436e-11	4371	6787	4353.66957943757	6844.10477133376	43.7736485497098	Patient06_CCTCGCGCTGTGCGAT-1	4353.669580292906	6844.104771629362	13.539932168366036	13.539444505168776	-8.553361112717539e-07	-2.956021489808336e-07	59.676615067811454	True	Stroma
Patient06	ROI05	39	272.248	9.79982e-12	4371	6787	4331.45315422042	6815.61980091858	35.8075642234904	Patient06_CCTCGCGCTGTGCGAT-1	4331.453155081601	6815.6198012472905	13.79722940578755	13.796679995785206	-8.611805242253467e-07	-3.287104846094735e-07	48.816452305887694	True	Stroma
Patient06	ROI05	2	178.661	8.57094e-12	4370	6925	4401.39212042236	6875.3927856217	43.0613543587794	Patient06_AATAGTCCGTCCCGAC-1	4401.392121259316	6875.39278587638	13.11276502033222	13.11220557509536	-8.369561328436248e-07	-2.546803443692625e-07	58.70554439732746	True	Stroma
Patient06	ROI05	3	269.143	1.20536e-11	4370	6925	4398.10242987186	6901.07471216414	27.0722017175327	Patient06_AATAGTCCGTCCCGAC-1	4398.102430715515	6901.074712393507	13.037384126258043	13.036892713472458	-8.436545613221824e-07	-2.2936728782951834e-07	36.90753260151086	True	Stroma
Patient06	ROI05	4	952.136	1.0459e-11	4370	6925	4394.81273932137	6926.75663870658	18.2460521952719	Patient06_AATAGTCCGTCCCGAC-1	4394.812740171714	6926.756638910636	12.966321255275064	12.965858658152008	-8.503438948537223e-07	-2.0405605027917773e-07	24.87484295781004	True	Stroma
Patient06	ROI05	5	754.279	1.4993e-11	4370	6925	4391.52304877087	6952.43856524902	25.579741668863	Patient06_AATAGTCCGTCCCGAC-1	4391.523049627913	6952.438565427763	12.899647770254276	12.899174097798433	-8.570423233322799e-07	-1.787429937394336e-07	34.87286181714941	True	Stroma
Patient06	ROI05	6	180.456	7.78525e-12	4370	6925	4388.23335822038	6978.12049179147	41.1960968446572	Patient06_AATAGTCCGTCCCGAC-1	4388.233359084113	6978.12049194489	12.837432062546227	12.836906816246932	-8.637325663585216e-07	-1.5341993275796997e-07	56.16263882832029	True	Stroma
Patient06	ROI05	13	634.245	1.34128e-11	4370	6925	4362.72724245274	6975.31744791872	37.292103151103	Patient06_AATAGTCCGTCCCGAC-1	4362.727243329007	6975.317448079945	13.017049702812972	13.016597846738645	-8.762672223383561e-07	-1.6122521628858524e-07	50.84032422589704	True	Stroma
Patient06	ROI05	14	66.4042	9.17763e-12	4370	6925	4366.01693300323	6949.63552137628	18.3051676101069	Patient06_AATAGTCCGTCCCGAC-1	4366.016933872808	6949.635521562817	13.0778806760398	13.07748432429964	-8.695778888068162e-07	-1.865373633336276e-07	24.95543500285861	True	Stroma
Patient06	ROI05	15	106.494	1.02511e-11	4370	6925	4369.30662355373	6923.95359483384	0.920767772623178	Patient06_AATAGTCCGTCCCGAC-1	4369.306624416609	6923.95359504569	13.143122408704986	13.142741553513073	-8.628794603282586e-07	-2.118504198733717e-07	1.2552827044171788	True	Stroma
Patient06	ROI05	16	142.386	1.07053e-11	4370	6925	4372.59631410422	6898.27166829139	19.6978910953303	Patient06_AATAGTCCGTCCCGAC-1	4372.5963149604095	6898.271668528563	13.212709562610785	13.212304771467014	-8.561892173020169e-07	-2.371734808548354e-07	26.854134930272405	True	Stroma
Patient06	ROI05	22	112.13	1.00017e-11	4370	6925	4350.37988888707	6869.78669787621	42.9807908955564	Patient06_AATAGTCCGTCCCGAC-1	4350.379889749105	6869.78669814649	13.463393297704808	13.463000766599926	-8.620354492450133e-07	-2.702799974940717e-07	58.59571222791479	True	Stroma
Patient06	ROI05	23	1262.78	1.34786e-11	4370	6925	4347.09019833658	6895.46862441865	27.415787828359	Patient06_AATAGTCCGTCCCGAC-1	4347.090199205304	6895.468624663617	13.391022317793656	13.39068722343815	-8.687238732818514e-07	-2.4496785044902936e-07	37.37594354640443	True	Stroma
Patient06	ROI05	24	28.1458	8.94896e-12	4370	6925	4343.80050778608	6921.15055096109	19.4240291069343	Patient06_AATAGTCCGTCCCGAC-1	4343.800508661503	6921.150551180745	13.322887149745291	13.322571130678336	-8.754232112551108e-07	-2.19655703403987e-07	26.480778881491204	True	Stroma
Patient06	ROI05	25	133.001	1.00389e-11	4370	6925	4340.51081723559	6946.83247750353	26.9137667281981	Patient06_AATAGTCCGTCCCGAC-1	4340.510818117703	6946.832477697873	13.25905309425544	13.25871718114436	-8.821125447866507e-07	-1.9434355635894465e-07	36.69153818055181	True	Stroma
Patient06	ROI05	26	518.581	1.03746e-11	4370	6925	4337.22112668509	6972.51440404597	42.3414598296763	Patient06_AATAGTCCGTCCCGAC-1	4337.221127573903	6972.5144042150005	13.199582552867216	13.19918723212592	-8.888127922546118e-07	-1.6903049981920049e-07	57.72411218579812	True	Stroma
Patient06	ROI05	34	284.284	1.65091e-11	4370	6925	4315.00470146794	6944.02943363078	42.6865109682556	Patient06_AATAGTCCGTCCCGAC-1	4315.0047023625975	6944.029433832928	13.443046177681389	13.442754461683936	-8.946572052082047e-07	-2.021479303948581e-07	58.1945204030295	True	Stroma
Patient06	ROI05	7	92.1397	1.22326e-11	4370	7064	4384.94366766988	7003.80241833391	45.4959942568685	Patient06_AGCGCATAATGAATCG-1	4384.9436685403125	7003.802418462019	12.779739237816605	12.77912138428361	-8.704328138264827e-07	-1.2810869520762938e-07	62.02468897038782	True	Stroma
Patient06	ROI05	8	542.806	9.86314e-12	4370	7064	4381.65397711939	7029.48434487635	26.7219321039002	Patient06_AGCGCATAATGAATCG-1	4381.653977996512	7029.484344979146	12.72663080610593	12.7258788553505	-8.771212378633209e-07	-1.0279563866788521e-07	36.43001003724799	True	Stroma
Patient06	ROI05	9	801.049	1.09439e-11	4370	7064	4378.36428656889	7055.16627141879	8.92346712692306	Patient06_AGCGCATAATGAATCG-1	4378.36428745271	7055.166271496273	12.678164379179472	12.677236468150848	-8.838205758365802e-07	-7.748349162284286e-08	12.165362734131856	True	Stroma
Patient06	ROI05	11	86.2927	1.14731e-11	4370	7064	4356.14786135174	7026.6813010036	29.1987240913936	Patient06_AGCGCATAATGAATCG-1	4356.147862241406	7026.6813011142	12.90886493576201	12.908180105313884	-8.896658982848749e-07	-1.1060001270379872e-07	39.80662055380357	True	Stroma
Patient06	ROI05	12	496.724	3.15983e-11	4370	7064	4359.43755190224	7000.99937446116	46.8568323919904	Patient06_AGCGCATAATGAATCG-1	4359.437552785206	7000.999374597073	12.96069159483809	12.960143722069356	-8.829665603116155e-07	-1.3591306924354285e-07	63.879919600004165	True	Stroma
Patient06	ROI05	32	33.6563	8.28148e-12	4249	6994	4308.42532036695	6995.39328671566	43.6012995164077	Patient06_CCGGAGCGTACTTTCT-1	4308.425321274996	6995.393286867184	13.331149113060796	13.330691383135932	-9.080467862077056e-07	-1.515236363047734e-07	59.441651630709465	True	Stroma
Patient06	ROI05	46	525.568	2.11347e-11	4249	6994	4286.20889514981	6966.90831630047	33.7612737051027	Patient06_CCGGAGCGTACTTTCT-1	4286.208896063692	6966.908316485111	13.572921556436688	13.57259132699236	-9.138821042142808e-07	-1.8464106688043105e-07	46.026744442171214	True	Stroma
Patient06	ROI05	48	124.847	9.13379e-12	4249	6994	4279.62951404882	7018.27216938536	28.6662906589878	Patient06_CCGGAGCGTACTTTCT-1	4279.62951497609	7018.272169519366	13.472291352656034	13.471709755758509	-9.272698662243783e-07	-1.3400585885392502e-07	39.08075405539757	True	Stroma
Patient06	ROI05	49	189.105	1.18444e-11	4249	6994	4276.33982349832	7043.9540959278	41.770901372918	Patient06_CCGGAGCGTACTTTCT-1	4276.339824432289	7043.954096036494	13.428582841872686	13.427816343793802	-9.339692041976376e-07	-1.0869371180888265e-07	56.94626984169492	True	Stroma
Patient06	ROI05	50	27.7994	8.01553e-12	4249	6994	4250.83370773068	7041.15105205505	34.6121140574242	Patient06_CCGGAGCGTACTTTCT-1	4250.833708677184	7041.151052171549	13.622711639703866	13.621946871195345	-9.46504769672174e-07	-1.1649899533949792e-07	47.18669509448182	True	Stroma
Patient06	ROI05	52	176.249	1.69111e-11	4249	6994	4257.41308883167	6989.78719897017	6.90157630103097	Patient06_CCGGAGCGTACTTTCT-1	4257.4130897647865	6989.787199137293	13.712237203701552	13.71180750190356	-9.331160981673748e-07	-1.6712328942958268e-07	9.40891897119512	True	Stroma
Patient06	ROI05	53	85.2221	8.25801e-12	4249	6994	4260.70277938216	6964.10527242773	23.5485474239803	Patient06_CCGGAGCGTACTTTCT-1	4260.702780308588	6964.105272620166	13.763503296034669	13.763182879893217	-9.264276741305366e-07	-1.924363459693268e-07	32.103734703111485	True	Stroma
Patient06	ROI05	54	247.936	8.2094e-12	4249	6994	4263.99246993266	6938.42334588529	42.2235344846374	Patient06_CCGGAGCGTACTTTCT-1	4263.992470852388	6938.423346103038	13.819041952739466	13.818792405382863	-9.197274266625756e-07	-2.177484930143692e-07	57.563344562906366	True	Stroma
Patient06	ROI05	65	205.751	1.07697e-11	4249	6994	4238.48635416501	6935.62030201254	43.51122227692	Patient06_CCGGAGCGTACTTTCT-1	4238.486355097282	6935.620302238093	14.010829699517547	14.010579336396493	-9.322720870841296e-07	-2.2555286705028266e-07	59.31884933012942	True	Stroma
Patient06	ROI05	66	40.5561	8.4424e-12	4249	6994	4235.19666361452	6961.30222855498	26.0338293427123	Patient06_CCGGAGCGTACTTTCT-1	4235.196664553481	6961.302228755221	13.956551220920268	13.956226274731431	-9.389614206156692e-07	-2.002416294999421e-07	35.49191954292572	True	Stroma
Patient06	ROI05	67	19.4683	7.57641e-12	4249	6994	4231.90697306402	6986.98415509742	13.5530264042683	Patient06_CCGGAGCGTACTTTCT-1	4231.90697400968	6986.984155272348	13.906495559906336	13.906058135327283	-9.45659849094227e-07	-1.7492857296019793e-07	18.476840896949557	True	Stroma
Patient06	ROI05	68	911.704	1.51056e-11	4249	6994	4228.61728251353	7012.66608163986	20.2731158789056	Patient06_CCGGAGCGTACTTTCT-1	4228.61728346588	7012.666081789476	13.860708466577533	13.86012036153564	-9.523500921204686e-07	-1.4961642591515556e-07	27.6383388777105	True	Stroma
Patient06	ROI05	69	103.888	1.03222e-11	4249	6994	4225.32759196303	7038.3480081823	36.874169528542	Patient06_CCGGAGCGTACTTTCT-1	4225.32759292208	7038.348008306603	13.819232369978042	13.818455143429098	-9.590503395884298e-07	-1.2430336937541142e-07	50.27055531825927	True	Stroma
Patient06	ROI05	72	80.0316	8.98265e-12	4249	6994	4206.40085729638	6984.18111122467	32.0663841876205	Patient06_CCGGAGCGTACTTTCT-1	4206.400858254576	6984.181111407404	14.103094128036323	14.102635283776802	-9.581954145687632e-07	-1.827338564908132e-07	43.71610156299008	True	Stroma
Patient06	ROI05	42	19.7398	9.21677e-12	4250	6856	4299.36765735179	6864.18061013071	36.7056869707769	Patient06_TGAGGAGTGCCAGCTT-1	4299.367658238894	6864.180610416601	13.825599954312198	13.825309001989856	-8.871047612046823e-07	-2.8589056455530226e-07	50.04086304725753	True	Stroma
Patient06	ROI05	55	101.789	1.24842e-11	4250	6856	4267.28216048315	6912.74141934284	43.5083524570414	Patient06_TGAGGAGTGCCAGCTT-1	4267.282161396188	6912.741419585911	13.87880188148188	13.878585181577524	-9.130380931310356e-07	-2.430706445011311e-07	59.3149369046735	True	Stroma
Patient06	ROI05	56	132.359	8.89406e-12	4250	6856	4270.57185103365	6887.0594928004	27.3266617497308	Patient06_TGAGGAGTGCCAGCTT-1	4270.571851939989	6887.059493068783	13.942728803986403	13.942507388669148	-9.063387551577762e-07	-2.683827915461734e-07	37.25443796339979	True	Stroma
Patient06	ROI05	57	106.226	1.63919e-11	4250	6856	4273.86154158414	6861.37756625796	17.9417557529269	Patient06_TGAGGAGTGCCAGCTT-1	4273.86154248379	6861.377566551655	14.010765682140104	14.010502505814658	-8.996503311209381e-07	-2.9369493859121576e-07	24.45999561795489	True	Stroma
Patient06	ROI05	61	173.413	1.458e-11	4250	6856	4251.645116367	6832.89259584277	16.9925120107401	Patient06_TGAGGAGTGCCAGCTT-1	4251.645117272485	6832.892596169583	14.269151798130356	14.268829131951628	-9.054847396328114e-07	-3.268132786615752e-07	23.16589162425109	True	Stroma
Patient06	ROI05	62	106.866	1.20578e-11	4250	6856	4248.3554258165	6858.57452238522	2.24085784379878	Patient06_TGAGGAGTGCCAGCTT-1	4248.355426728685	6858.574522686711	14.198498917224756	14.19824894557976	-9.121849871007726e-07	-3.014911271748133e-07	3.054961498453327	True	Stroma
Patient06	ROI05	63	37.0965	1.006e-11	4250	6856	4245.06573526601	6884.25644892766	21.040149038742	Patient06_TGAGGAGTGCCAGCTT-1	4245.065736184884	6884.256449203838	14.131856694327665	14.131643357587144	-9.188743206323124e-07	-2.761780706350692e-07	28.68403518451618	True	Stroma
Patient06	ROI05	64	224.516	9.25084e-12	4250	6856	4241.77604471551	6909.9383754701	40.0218034016989	Patient06_TGAGGAGTGCCAGCTT-1	4241.776045641083	6909.938375720965	14.06928212162335	14.069068817550482	-9.255736586055718e-07	-2.50865014095325e-07	54.56172457753521	True	Stroma
Patient06	ROI05	75	446.435	1.27932e-11	4250	6856	4216.26992894787	6907.13533159735	44.933600594652	Patient06_TGAGGAGTGCCAGCTT-1	4216.269929885978	6907.1353318560205	14.262178401971989	14.261954611269813	-9.381083145854064e-07	-2.586702976259403e-07	61.25797769068712	True	Stroma
Patient06	ROI05	77	451.03	1.57571e-11	4250	6856	4222.84931004886	6855.77147851247	19.9161238480773	Patient06_TGAGGAGTGCCAGCTT-1	4222.849310973579	6855.771478821765	14.388699163040076	14.388448386332549	-9.247187335859052e-07	-3.092955012107268e-07	27.151651642085724	True	Stroma
Patient06	ROI05	78	191.706	9.6198e-12	4250	6856	4226.13900059935	6830.08955197003	25.836977858898	Patient06_TGAGGAGTGCCAGCTT-1	4226.13900151738	6830.089552304637	14.457942955871024	14.457624963824632	-9.180303095490672e-07	-3.346076482557692e-07	35.223551915041355	True	Stroma
Patient06	ROI05	81	55.6027	1.26986e-11	4250	6856	4200.63288483171	6827.28650809728	41.8911576135656	Patient06_TGAGGAGTGCCAGCTT-1	4200.632885762276	6827.286508439693	14.649130062628096	14.648803213322914	-9.305658750236034e-07	-3.424129317863845e-07	57.11021517457986	True	Stroma
Patient06	ROI05	82	395.104	1.39894e-11	4250	6856	4197.34319428121	6852.96843463972	38.6884767762339	Patient06_TGAGGAGTGCCAGCTT-1	4197.343195218475	6852.968434956821	14.581269879744625	14.58100483512489	-9.372643035021612e-07	-3.171007847413421e-07	52.74400038904908	True	Stroma
Patient06	ROI05	85	2675.2	4.77263e-11	4129	6924	4187.47412262973	6930.01421426704	43.1178740444138	Patient06_TACCGTAGGTTAACTA-1	4187.474123587072	6930.014214508203	14.401480216346602	14.401187329838098	-9.573413990437984e-07	-2.411625246168114e-07	58.78259768474498	True	Stroma
Patient06	ROI05	92	797.818	1.08158e-11	4129	6924	4155.3886257611	6978.57502347918	44.4656854191559	Patient06_TACCGTAGGTTAACTA-1	4155.388626744365	6978.575023677513	14.50293009138803	14.502389585386176	-9.832647265284322e-07	-1.983326001209207e-07	60.62006893193448	True	Stroma
Patient06	ROI05	93	171.339	1.37161e-11	4129	6924	4158.67831631159	6952.89309693674	30.3821353404813	Patient06_TACCGTAGGTTAACTA-1	4158.678317288166	6952.893097160386	14.54950420411131	14.549085384021364	-9.76576302491594e-07	-2.2364565666066485e-07	41.41996510967432	True	Stroma
Patient06	ROI05	94	749.645	2.36598e-11	4129	6924	4161.96800686209	6927.21117039429	24.2969455725346	Patient06_TACCGTAGGTTAACTA-1	4161.968007831967	6927.211170643259	14.600153684035398	14.599820200205382	-9.698769645183347e-07	-2.489687176421285e-07	33.12402589903564	True	Stroma
Patient06	ROI05	95	2385.8	6.65829e-11	4129	6924	4165.25769741258	6901.52924385185	31.2889665651889	Patient06_TACCGTAGGTTAACTA-1	4165.257698375768	6901.529244126131	14.65483627584041	14.654552084136212	-9.631885404814966e-07	-2.742808646871709e-07	42.65624811832142	True	Stroma
Patient06	ROI05	96	498.434	2.02318e-11	4129	6924	4168.54738796308	6875.84731730941	45.7061017976343	Patient06_TACCGTAGGTTAACTA-1	4168.547388919568	6875.847317609003	14.71350701254324	14.713236429710198	-9.564882930135354e-07	-2.995930117322132e-07	62.31112858071999	True	Stroma
Patient06	ROI06	3	82.3271	9.63645e-12	3895	5121	3880.76653239517	5109.54404476317	13.4020606368257	Patient06_CTTAGTGTAGTAGCAT-1	3880.766533628973	5109.5440457893965	24.539383648632807	24.5386433676602	-1.233802322531119e-06	-1.02622652775608e-06	18.27102926619068	True	Stroma
Patient06	ROI06	5	76.0121	1.11697e-11	3895	5121	3874.29897623687	5161.02014690423	33.0500442535223	Patient06_CTTAGTGTAGTAGCAT-1	3874.2989774766265	5161.02014791296	24.3005616384548	24.29988959827033	-1.2397563295962757e-06	-1.0087296686833724e-06	45.05712533082693	True	Stroma
Patient06	ROI06	15	29.9298	7.95315e-12	3895	5121	3851.61521968414	5133.07130910392	33.0322223755244	Patient06_CTTAGTGTAGTAGCAT-1	3851.615220921138	5133.071310125611	24.565128128678985	24.5646228785734	-1.236998286913149e-06	-1.0216908776783384e-06	45.03282876455594	True	Stroma
Patient06	ROI06	16	81.3058	8.62493e-12	3895	5121	3854.84899776329	5107.33325803339	31.1107156861573	Patient06_CTTAGTGTAGTAGCAT-1	3854.848998997312	5107.333259063828	24.684802738924446	24.684249647486684	-1.2340215107542465e-06	-1.0304383977199905e-06	42.41323869494293	True	Stroma
Patient06	ROI06	17	101.312	9.74462e-12	3895	5121	3858.08277584244	5081.59520696286	39.6071836948132	Patient06_CTTAGTGTAGTAGCAT-1	3858.082777073485	5081.595208002047	24.80660336233574	24.80597836057403	-1.2310447345953437e-06	-1.0391868272563445e-06	53.996473531142485	True	Stroma
Patient06	ROI06	8	420.926	1.42226e-11	3894	5260	3864.59764199943	5238.23430011582	26.8334351859976	Patient06_GGGCGTGGTTTCCCAG-1	3864.597643248108	5238.234301098304	23.958862636704257	23.958105012277013	-1.248677563125966e-06	-9.82484380074311e-07	36.58202218907389	True	Stroma
Patient06	ROI06	9	126.217	1.18173e-11	3894	5260	3861.36386392028	5263.97235118635	24.1157465786013	Patient06_GGGCGTGGTTTCCCAG-1	3861.363865171935	5263.972352160086	23.849498991566158	23.848661306011024	-1.2516547940322198e-06	-9.737359505379573e-07	32.876997310607635	True	Stroma
Patient06	ROI06	10	126.016	1.96697e-11	3894	5260	3835.44632928839	5261.76156445657	42.96938510237	Patient06_GGGCGTGGTTTCCCAG-1	3835.4463305402737	5261.761565434519	23.999738667410888	23.99909902049563	-1.2518835319497157e-06	-9.779487299965697e-07	58.58016271007008	True	Stroma
Patient06	ROI06	26	70.3719	1.06444e-11	3774	5190	3819.23012889396	5182.3366245152	33.649777185697	Patient06_AACCTCGCTTTAGCCC-1	3819.230130137132	5182.336625523607	24.48457221716798	24.48423067785368	-1.2431719369487837e-06	-1.008406798064243e-06	45.87474123725654	True	Stroma
Patient06	ROI06	27	66.1744	1.15502e-11	3774	5190	3815.99635081481	5208.07467558573	33.5368256146646	Patient06_AACCTCGCTTTAGCCC-1	3815.996352060959	5208.074676585387	24.372274893299988	24.371908435209548	-1.2461491678550374e-06	-9.996574590331877e-07	45.72075436046477	True	Stroma
Patient06	ROI06	31	101.073	9.12207e-12	3774	5190	3786.84503810378	5231.60193992648	31.9370832223337	Patient06_AACCTCGCTTTAGCCC-1	3786.845039353125	5231.601940921602	24.420500068611712	24.420178578638115	-1.2493451322370674e-06	-9.951227184501477e-07	43.53982555699992	True	Stroma
Patient06	ROI06	32	87.8202	9.44219e-12	3774	5190	3790.07881618293	5205.86388885595	16.5681908793515	Patient06_AACCTCGCTTTAGCCC-1	3790.078817429298	5205.86388985982	24.52973867282349	24.529465894913	-1.2463679013308138e-06	-1.0038702384917997e-06	22.58741462581284	True	Stroma
Patient06	ROI06	45	13.6288	8.54136e-12	3774	5190	3770.62883770935	5152.17699998511	27.853692211585	Patient06_AACCTCGCTTTAGCCC-1	3770.628838949983	5152.17700101069	24.91497223818394	24.914764608970607	-1.2406330824887846e-06	-1.0255798770231197e-06	37.97293859205846	True	Stroma
Patient06	ROI06	48	62.3137	9.71811e-12	3774	5190	3760.9275034719	5229.3911531967	30.4435207474735	Patient06_AACCTCGCTTTAGCCC-1	3760.927504721464	5229.391154196035	24.583064894975035	24.582789661805474	-1.2495643204601947e-06	-9.9933549790876e-07	41.50365183502591	True	Stroma
Patient06	ROI06	49	113.412	1.20629e-11	3774	5190	3757.69372539275	5255.12920426723	49.2477558809715	Patient06_AACCTCGCTTTAGCCC-1	3757.693726645292	5255.1292052578165	24.476908736639743	24.476560790160747	-1.2525415513664484e-06	-9.905861588777045e-07	67.13946559252359	True	Stroma
Patient06	ROI06	51	154.307	1.14128e-11	3774	5190	3735.00996884002	5227.18036646692	39.5186703535873	Patient06_AACCTCGCTTTAGCCC-1	3735.009970089804	5227.180367470467	24.74983184216318	24.749554847855627	-1.249783508683322e-06	-1.0035473678726705e-06	53.87580329304286	True	Stroma
Patient06	ROI06	52	180.216	1.21918e-11	3774	5190	3738.24374691917	5201.44231539639	27.5379291743806	Patient06_AACCTCGCTTTAGCCC-1	3738.243748165976	5201.442316408686	24.857417258995557	24.85718659301517	-1.2468062777770683e-06	-1.012295797409024e-06	37.54245884343252	True	Stroma
Patient06	ROI06	53	451.148	1.25656e-11	3774	5190	3741.47752499832	5175.70426432586	26.0586498921532	Patient06_AACCTCGCTTTAGCCC-1	3741.4775262421495	5175.704265346903	24.967225059980237	24.967015915920733	-1.2438295016181655e-06	-1.021043317450676e-06	35.52575739797507	True	Stroma
Patient06	ROI06	54	60.6467	8.31207e-12	3774	5190	3744.71130307746	5149.96621325533	36.3850570905327	Patient06_AACCTCGCTTTAGCCC-1	3744.711304318322	5149.966214285122	25.07922605342992	25.07901394482269	-1.2408622751536311e-06	-1.02979174698703e-06	49.60374833153337	True	Stroma
Patient06	ROI06	36	64.4316	9.04244e-12	3775	5051	3803.01392849953	5102.91168457383	43.2686579617852	Patient06_GTGATCCTTGTCATGA-1	3803.0139297339897	5102.911685612694	24.988763089340665	24.98843694446014	-1.2344598872005008e-06	-1.0388639566372149e-06	58.98816139929757	True	Stroma
Patient06	ROI06	37	582.863	2.33898e-11	3775	5051	3806.24770657867	5077.1736335033	29.8989472132822	Patient06_GTGATCCTTGTCATGA-1	3806.247707810163	5077.173634550912	25.108885392791475	25.10848556900468	-1.2314926607359666e-06	-1.0476114766788669e-06	40.76123473585835	True	Stroma
Patient06	ROI06	38	556.061	3.36858e-11	3775	5051	3809.48148465782	5051.43558243277	25.2946789147887	Patient06_GTGATCCTTGTCATGA-1	3809.481485886336	5051.43558348913	25.23109368293255	25.230596752424997	-1.228515429829713e-06	-1.056359906215221e-06	34.48423576452325	True	Stroma
Patient06	ROI06	39	1300.39	2.36354e-11	3775	5051	3812.71526273697	5025.69753136224	33.3136304330944	Patient06_GTGATCCTTGTCATGA-1	3812.7152639625087	5025.697532427348	25.355357797533426	25.35474069421629	-1.2255386536708102e-06	-1.0651083357515745e-06	45.41647236943362	True	Stroma
Patient06	ROI06	40	1159.03	3.77821e-11	3775	5051	3786.79772810509	5023.48674463246	21.9585016332406	Patient06_GTGATCCTTGTCATGA-1	3786.797729330848	5023.486745701781	25.51116360216559	25.510586839943176	-1.2257578418939374e-06	-1.069321115210187e-06	29.93602527659796	True	Stroma
Patient06	ROI06	41	30.7195	8.43979e-12	3775	5051	3783.56395002594	5049.22479570299	6.41531889541152	Patient06_GTGATCCTTGTCATGA-1	3783.563951254675	5049.224796763562	25.38776294446173	25.38730657814837	-1.2287350728001911e-06	-1.0605717761791311e-06	8.746004250108587	True	Stroma
Patient06	ROI06	42	78.0284	1.04164e-11	3775	5051	3780.33017194679	5074.96284677352	18.0066735788029	Patient06_GTGATCCTTGTCATGA-1	3780.3301731785023	5074.962847825344	25.26641375714703	25.26605485508998	-1.2317123037064448e-06	-1.0518233466427771e-06	24.54849808997592	True	Stroma
Patient06	ROI06	43	120.468	8.73553e-12	3775	5051	3777.09639386764	5100.70089784405	36.4887342135649	Patient06_GTGATCCTTGTCATGA-1	3777.0963951023286	5100.700898887126	25.147145738750407	25.146861014067788	-1.2346886251179967e-06	-1.0430758266011253e-06	49.74509135334826	True	Stroma
Patient06	ROI06	56	159.755	8.28419e-12	3775	5051	3751.17885923576	5098.49011111427	38.9713403344621	Patient06_GTGATCCTTGTCATGA-1	3751.178860470668	5098.490112161559	25.30969058349038	25.309400401054035	-1.2349082680884749e-06	-1.0472886060597375e-06	53.12962827797168	True	Stroma
Patient06	ROI06	57	357.226	1.39556e-11	3775	5051	3754.41263731491	5072.75206004374	21.9686190404977	Patient06_GTGATCCTTGTCATGA-1	3754.412638546841	5072.752061099776	25.428095547674666	25.42773092862132	-1.2319310371822212e-06	-1.0560361261013895e-06	29.949818337911584	True	Stroma
Patient06	ROI06	58	812.353	1.05715e-11	3775	5051	3757.64641539406	5047.01400897321	13.0605716536245	Patient06_GTGATCCTTGTCATGA-1	3757.646416623014	5047.014010037994	25.54857660940744	25.54811441121953	-1.2289538062759675e-06	-1.0647836461430416e-06	17.805477335392087	True	Stroma
Patient06	ROI06	59	97.4155	8.98954e-12	3775	5051	3760.88019347321	5021.27595790268	24.1379430686069	Patient06_GTGATCCTTGTCATGA-1	3760.880194699187	5021.275958976214	25.671104537734426	25.670521966490405	-1.2259770301170647e-06	-1.0735338946687989e-06	32.90725778543769	True	Stroma
Patient06	ROI06	60	312.586	1.08504e-11	3775	5051	3734.96265884133	5019.0651711729	37.5658285873167	Patient06_GTGATCCTTGTCATGA-1	3734.962660067526	5019.065172250645	25.83510380458012	25.834470132214843	-1.226196218340192e-06	-1.0777457646327091e-06	51.213494113094285	True	Stroma
Patient06	ROI06	61	1343.41	1.32498e-11	3775	5051	3731.72888076218	5044.80322224343	32.0638024502887	Patient06_GTGATCCTTGTCATGA-1	3731.728881991353	5044.803223312427	25.713456919765747	25.71294336537689	-1.2291734492464457e-06	-1.0689964256016538e-06	43.71258188048338	True	Stroma
Patient06	ROI06	62	97.6372	9.95847e-12	3775	5051	3728.49510268303	5070.54127331396	37.0011733865501	Patient06_GTGATCCTTGTCATGA-1	3728.49510391518	5070.541274374209	25.59385205027383	25.5934359608624	-1.2321502254053485e-06	-1.0602489055600015e-06	50.44369967788664	True	Stroma
Patient06	ROI06	69	223.442	1.1749e-11	3653	5259	3705.85865612899	5250.70763080767	39.2467897650622	Patient06_CTAGTAGAAAGGGATT-1	3705.85865738197	5250.707631806681	24.81621111713461	24.815814923671905	-1.252979473065352e-06	-9.99010808300227e-07	53.50514848670825	True	Stroma
Patient06	ROI06	70	125.645	9.61938e-12	3653	5259	3679.94112149711	5248.49684407789	21.2103652029158	Patient06_CTAGTAGAAAGGGATT-1	3679.9411227503088	5248.496845081114	24.99196333818864	24.991473130477196	-1.2531986612884791e-06	-1.0032235877588391e-06	28.91609088113737	True	Stroma
Patient06	ROI06	71	42.4273	1.01523e-11	3653	5259	3683.17489957625	5222.75879300736	34.5916310751181	Patient06_CTAGTAGAAAGGGATT-1	3683.1749008264815	5222.758794019332	25.09563490033454	25.095214204848933	-1.2502314348239452e-06	-1.011972017295193e-06	47.15877064470809	True	Stroma
Patient06	ROI06	88	74.714	1.26768e-11	3653	5259	3657.25736494437	5220.54800627758	28.3774380819314	Patient06_CTAGTAGAAAGGGATT-1	3657.257366194821	5220.548007293764	25.274503146483877	25.273942494139	-1.2504510777944231e-06	-1.0161847967538051e-06	38.68696133710436	True	Stroma
Patient06	ROI06	89	162.011	1.00289e-11	3653	5259	3654.02358686522	5246.28605734811	9.35603321291678	Patient06_CTAGTAGAAAGGGATT-1	3654.023588118648	5246.286058355547	25.17166997518927	25.17104050299152	-1.253427853953326e-06	-1.0074363672174511e-06	12.755080079175968	True	Stroma
Patient06	ROI06	90	167.625	8.68663e-12	3653	5259	3628.10605223334	5244.07527061833	21.2903218196296	Patient06_CTAGTAGAAAGGGATT-1	3628.106053486987	5244.075271629979	25.355246946887277	25.35443398385311	-1.2536470421764534e-06	-1.0116491466760635e-06	29.02509573671153	True	Stroma
Patient06	ROI06	91	53.882	8.96719e-12	3653	5259	3631.33983031249	5218.3372195478	33.7944333287707	Patient06_CTAGTAGAAAGGGATT-1	3631.33983156316	5218.337220568197	25.457238029834823	25.456493361680607	-1.2506702660175506e-06	-1.0203975762124171e-06	46.07195095712336	True	Stroma
Patient06	ROI06	74	88.0155	1.07933e-11	3654	5120	3692.8762338137	5145.54463979577	34.1213474492398	Patient06_GAGTGTCAACCAGAAA-1	3692.876235055001	5145.544640833987	25.41994446736844	25.41958508497639	-1.241300651599886e-06	-1.0382163964095523e-06	46.51763297753995	True	Stroma
Patient06	ROI06	75	98.6183	1.07191e-11	3654	5120	3696.11001189285	5119.80658872524	30.8886203032953	Patient06_GAGTGTCAACCAGAAA-1	3696.110013131173	5119.8065897722045	25.532385466684755	25.531998467410805	-1.2383234206936322e-06	-1.0469648259459063e-06	42.11045605947715	True	Stroma
Patient06	ROI06	82	210.854	1.12882e-11	3654	5120	3676.66003341927	5066.1196998544	42.8749213632964	Patient06_GAGTGTCAACCAGAAA-1	3676.6600346518585	5066.119700923075	25.937274791629665	25.93662214111376	-1.232588601851603e-06	-1.068674464477226e-06	58.45138029458639	True	Stroma
Patient06	ROI06	83	22.4229	8.13108e-12	3654	5120	3673.42625534012	5091.85775092493	25.0832448981571	Patient06_GAGTGTCAACCAGAAA-1	3673.426256575685	5091.857751984857	25.82150221505512	25.82092347805688	-1.2355653780105058e-06	-1.059926944435574e-06	34.19598776966129	True	Stroma
Patient06	ROI06	84	78.3649	8.67213e-12	3654	5120	3670.19247726097	5117.59580199546	12.0076193154155	Patient06_GAGTGTCAACCAGAAA-1	3670.1924784995126	5117.595803046637	25.70781685602891	25.70728901890146	-1.2385426089167597e-06	-1.0511776054045183e-06	16.369987412703367	True	Stroma
Patient06	ROI06	85	40.2103	1.0306e-11	3654	5120	3666.95869918182	5143.33385306599	19.5780520715896	Patient06_GAGTGTCAACCAGAAA-1	3666.95870042334	5143.33385410842	25.596246525605867	25.595746256280563	-1.2415193850756625e-06	-1.0424291758681647e-06	26.690758389190236	True	Stroma
Patient06	ROI06	86	75.4773	1.21455e-11	3654	5120	3663.72492110267	5169.07190413652	36.6949693895872	Patient06_GAGTGTCAACCAGAAA-1	3663.724922347167	5169.071905170201	25.486818999857476	25.48632265359944	-1.244496615981916e-06	-1.033680746331811e-06	50.02625176881608	True	Stroma
Patient06	ROI06	93	131.186	1.27405e-11	3654	5120	3637.80738647079	5166.86111740674	36.3675534469155	Patient06_GAGTGTCAACCAGAAA-1	3637.8073877155057	5166.861118444633	25.66784296262638	25.66716214067021	-1.2447158042050432e-06	-1.0378926162957214e-06	49.579885614174565	True	Stroma
Patient06	ROI06	94	104.902	8.92391e-12	3654	5120	3641.04116454994	5141.12306633621	18.1774743665355	Patient06_GAGTGTCAACCAGAAA-1	3641.041165791679	5141.123067382852	25.776402701509703	25.77571800757249	-1.2417390280461404e-06	-1.046641955326777e-06	24.78135080389438	True	Stroma
Patient06	ROI06	96	99.7675	9.3505e-12	3654	5120	3647.50872070824	5089.64696419515	22.7678325380887	Patient06_GAGTGTCAACCAGAAA-1	3647.5087219440247	5089.646965259289	25.99990072076065	25.999138188130395	-1.235784566233633e-06	-1.0641388143994843e-06	31.039386099182845	True	Stroma
Patient06	ROI06	97	40.2454	8.82836e-12	3654	5120	3650.74249878739	5063.90891312462	41.2129371919431	Patient06_GAGTGTCAACCAGAAA-1	3650.742500020198	5063.908914197506	26.11478441174798	26.113948529371456	-1.2328077900747305e-06	-1.0728863344411366e-06	56.185597273781575	True	Stroma
Patient7b	ROI01	0	4994.13	3.03e-11	2915	3849	2890.4462938079	3823.60167307827	25.9124699037662	Patient7b_CTTCGATTGCGCAAGC-1	2890.4462977070853	3823.601674905999	16.47193451222355	16.47108796777846	-3.899185230693547e-06	-1.8277287381351923e-06	35.326470219808975	True	Stroma
Patient7b	ROI01	1	2826.0	1.87e-11	2915	3849	2878.41673033876	3800.02151361614	44.8418320374055	Patient7b_CTTCGATTGCGCAAGC-1	2878.416734224392	3800.0215154445896	16.54878847980532	16.54802848252952	-3.885631940647727e-06	-1.828449512686348e-06	61.13286961660615	True	Stroma
Patient7b	ROI01	18	127.483	8.49e-12	2915	3849	2902.05780429835	3789.0185741625	45.0097639630829	Patient7b_CTTCGATTGCGCAAGC-1	2902.057808194055	3789.018575980069	16.528254967515643	16.52758423749045	-3.895704594469862e-06	-1.8175683180743365e-06	61.36181121087699	True	Stroma
Patient7b	ROI01	19	10712.3	3.66e-11	2915	3849	2914.08736776749	3812.59873362462	26.7092386716722	Patient7b_CTTCGATTGCGCAAGC-1	2914.0873716767483	3812.598735441477	16.451077400524717	16.450325050418925	-3.909258339263033e-06	-1.8168575479649007e-06	36.41270508110044	True	Stroma
Patient7b	ROI01	6	5078.12	3e-11	2796	3640	2818.26891299309	3682.12071630552	34.9483888767126	Patient7b_TGCAACTACTGGTTGA-1	2818.268916810919	3682.120718137547	16.943675980563842	16.943018854365782	-3.817829110630555e-06	-1.8320270100957716e-06	47.645138555616754	True	Stroma
Patient7b	ROI01	7	7565.89	4.04e-11	2796	3640	2806.23934952396	3658.54055684339	15.5359036311804	Patient7b_TGCAACTACTGGTTGA-1	2806.239353328224	3658.540558676139	17.024708056057214	17.024007653293538	-3.804263997153612e-06	-1.8327491488889791e-06	21.18009742037996	True	Stroma
Patient7b	ROI01	8	7025.43	4.4e-11	2796	3640	2794.20978605482	3634.96039738127	3.92292732624314	Patient7b_TGCAACTACTGGTTGA-1	2794.2097898455304	3634.9603992147295	17.10640247298763	17.10563821483084	-3.790710252360441e-06	-1.8334603737457651e-06	5.348126823872688	True	Stroma
Patient7b	ROI01	9	4770.15	4.08e-11	2796	3640	2782.18022258569	3611.38023791914	23.3123370039751	Patient7b_TGCAACTACTGGTTGA-1	2782.180226362835	3611.380239753322	17.1887497874601	17.187901395203763	-3.7771451388834976e-06	-1.8341816030442717e-06	31.781709037528078	True	Stroma
Patient7b	ROI01	10	2550.55	4.04e-11	2796	3640	2805.82129654528	3600.3772984655	29.9433456330843	Patient7b_TGCAACTACTGGTTGA-1	2805.821300332497	3600.377300288801	17.170726829349206	17.169928876169163	-3.787217337958282e-06	-1.823300863179611e-06	40.82176310159056	True	Stroma
Patient7b	ROI01	11	1586.35	3.02e-11	2796	3640	2817.85086001441	3623.95745792763	19.8838284112399	Patient7b_TGCAACTACTGGTTGA-1	2817.850863815192	3623.9574597502096	17.08807347541746	17.087364434913617	-3.8007815419405233e-06	-1.822579633881105e-06	27.10762327304084	True	Stroma
Patient7b	ROI01	12	4502.94	3.96e-11	2796	3640	2829.88042348354	3647.53761738975	25.4593785761393	Patient7b_TGCAACTACTGGTTGA-1	2829.880427297887	3647.537619211618	17.00607076513013	17.005430383488555	-3.8143466554174665e-06	-1.8218684090243189e-06	34.70877081284039	True	Stroma
Patient7b	ROI01	13	1914.5	1.51e-11	2796	3640	2841.90998695268	3671.11777685188	40.682231051025	Patient7b_TGCAACTACTGGTTGA-1	2841.909990780581	3671.1177786730254	16.924728155872277	16.924135877529537	-3.827901309705339e-06	-1.821146270231111e-06	55.46208559185854	True	Stroma
Patient7b	ROI01	27	18919.9	1e-10	2796	3640	2853.52149744313	3636.53467793611	42.2693356158139	Patient7b_TGCAACTACTGGTTGA-1	2853.521501267548	3636.5346797470975	16.98845787445752	16.987858326088517	-3.824417944997549e-06	-1.8109876691596585e-06	57.62578524503165	True	Stroma
Patient7b	ROI01	28	802.079	1.07e-11	2796	3640	2841.491933974	3612.95451847398	38.8206778127528	Patient7b_TGCAACTACTGGTTGA-1	2841.4919377848537	3612.954520285689	17.070764606298813	17.07009167982763	-3.810853741015308e-06	-1.811708898458164e-06	52.92423006212807	True	Stroma
Patient7b	ROI01	29	10836.3	9.05e-11	2796	3640	2829.46237050486	3589.37435901186	44.5134132469198	Patient7b_TGCAACTACTGGTTGA-1	2829.46237430216	3589.3743608242803	17.153719714666124	17.15295318262916	-3.7972995414747857e-06	-1.8124201233149504e-06	60.685136279525096	True	Stroma
Patient7b	ROI01	15	3213.94	1.1e-11	2916	3710	2865.96911389095	3718.27809577613	37.1973209162262	Patient7b_TCATCCTCAGCTGCTT-1	2865.969117745971	3718.278097595843	16.764061597833145	16.763502646515775	-3.8550206227228045e-06	-1.8197129065811168e-06	50.71110760509472	True	Stroma
Patient7b	ROI01	17	2853.43	1.33e-11	2916	3710	2890.02824082922	3765.43841470038	44.9061130414154	Patient7b_TCATCCTCAGCTGCTT-1	2890.0282447113595	3765.43841651866	16.60615155352288	16.60554005949603	-3.882139480992919e-06	-1.8182804524258245e-06	61.22050390936256	True	Stroma
Patient7b	ROI01	22	166.732	1.54e-11	2916	3710	2913.66931478881	3754.43547524673	32.6388591306493	Patient7b_TCATCCTCAGCTGCTT-1	2913.6693186810207	3754.43547705414	16.586985024657217	16.586438298023868	-3.892210770573001e-06	-1.8074092622555329e-06	44.49655665280668	True	Stroma
Patient7b	ROI01	23	898.431	1.22e-11	2916	3710	2901.63975131967	3730.85531578461	18.5734291424118	Patient7b_TCATCCTCAGCTGCTT-1	2901.6397551983277	3730.855317592731	16.665905703818698	16.6653913088835	-3.878657480527181e-06	-1.80812094185967e-06	25.321155949852013	True	Stroma
Patient7b	ROI01	25	1125.87	1.68e-11	2916	3710	2877.5806243814	3683.69499686036	34.1537476926719	Patient7b_TCATCCTCAGCTGCTT-1	2877.5806282329368	3683.6949986699137	16.825827525324513	16.82531283626455	-3.851536803267663e-06	-1.8095538507623128e-06	46.56180422942775	True	Stroma
Patient7b	ROI01	36	402.873	1.05e-11	2916	3710	2925.28082527926	3719.85237633097	9.92830019078153	Patient7b_TCATCCTCAGCTGCTT-1	2925.2808291679894	3719.85237812821	16.648099182368334	16.647625143026445	-3.888729224854615e-06	-1.7972402019950096e-06	13.535251650088057	True	Stroma
Patient7b	ROI01	37	95.7486	9.94e-12	2916	3710	2937.3103887484	3743.43253579309	29.081478337348	Patient7b_TCATCCTCAGCTGCTT-1	2937.310392650684	3743.4325375896183	16.56886763200204	16.5683660085139	-3.902283879142487e-06	-1.7965285223908722e-06	39.64677941730181	True	Stroma
Patient7b	ROI01	38	950.014	1.47e-11	2916	3710	2949.33995221753	3767.01269525522	48.4452707754148	Patient7b_TCATCCTCAGCTGCTT-1	2949.339956133378	3767.012697051027	16.490340667853143	16.48978941523248	-3.915848083124729e-06	-1.7958068383450154e-06	66.0454376481205	True	Stroma
Patient7b	ROI01	42	651.803	1.37e-11	2916	3710	2960.95146270798	3732.42959633945	36.8492979484572	Patient7b_TCATCCTCAGCTGCTT-1	2960.951466620346	3732.429598125098	16.55180282067113	16.551326563188365	-3.91236562791164e-06	-1.7856477825262118e-06	50.23664789312295	True	Stroma
Patient7b	ROI01	44	671.591	8.77e-12	2916	3710	2936.89233576971	3685.2692774152	23.7470452890311	Patient7b_TCATCCTCAGCTGCTT-1	2936.892339654957	3685.269279202281	16.711571284727135	16.711119148431173	-3.885247224388877e-06	-1.787080691428855e-06	32.37434684253307	True	Stroma
Patient7b	ROI01	45	54.3425	9.23e-12	2916	3710	2924.86277230058	3661.68911795307	36.0280976628972	Patient7b_TCATCCTCAGCTGCTT-1	2924.862776172263	3661.689119740872	16.79248411256977	16.792011776581884	-3.871682565659285e-06	-1.787802375474712e-06	49.11710554383605	True	Stroma
Patient7b	ROI01	55	392.581	1.03e-11	2916	3710	2960.5334097293	3674.26633796156	41.8817966700415	Patient7b_TCATCCTCAGCTGCTT-1	2960.5334136246192	3674.26633973776	16.696164186382664	16.695708470345622	-3.895319423463661e-06	-1.7761999515641946e-06	57.0974534002624	True	Stroma
Patient7b	ROI01	58	1603.2	2.05e-11	3036	3780	2996.62210013671	3745.00681634793	38.6412496148109	Patient7b_CGCATGCCGAATGCGT-1	2996.622104072703	3745.006818121985	16.456653877637958	16.456142844399594	-3.935993390768999e-06	-1.7740549083100632e-06	52.67961559987703	True	Stroma
Patient7b	ROI01	59	1115.79	2.15e-11	3036	3780	3008.65166360584	3768.58697581006	21.737143326171	Patient7b_CGCATGCCGAATGCGT-1	3008.6516675553976	3768.5869775833935	16.378224201055755	16.377650511169744	-3.949557594751241e-06	-1.7733336790115573e-06	29.6342474965756	True	Stroma
Patient7b	ROI01	60	2448.02	1.76e-11	3036	3780	3032.29273756543	3757.58403635641	16.665780239306	Patient7b_CGCATGCCGAATGCGT-1	3032.2927415250606	3757.5840381188727	16.362672370000304	16.362093443220022	-3.959630703320727e-06	-1.7624629435886163e-06	22.72045820025495	True	Stroma
Patient7b	ROI01	61	153.29	1.02e-11	3036	3780	3020.2631740963	3734.00387689429	35.6588364985632	Patient7b_CGCATGCCGAATGCGT-1	3020.2631780423653	3734.003878657464	16.441404046342683	16.44088323480584	-3.946065135096433e-06	-1.7631741684454028e-06	48.61369179849426	True	Stroma
Patient7b	ROI01	78	786.263	1.52e-11	3036	3780	3043.90424805588	3723.00093744065	42.2097167621583	Patient7b_CGCATGCCGAATGCGT-1	3043.9042520120274	3723.000939192944	16.42722060455696	16.426670015467398	-3.956147338612936e-06	-1.7522934285807423e-06	57.54450686185069	True	Stroma
Patient7b	ROI01	79	204.19	1.01e-11	3036	3780	3055.93381152502	3746.58109690277	28.5428481770904	Patient7b_CGCATGCCGAATGCGT-1	3055.9338154947227	3746.581098654352	16.348191514808732	16.347587267074275	-3.969702902395511e-06	-1.751582203723956e-06	38.91246491983096	True	Stroma
Patient7b	ROI01	48	890.983	8.2e-12	2917	3572	2888.77408189317	3590.9486395667	24.9368248027982	Patient7b_ATGTTGATTAGAGACT-1	2888.774085724179	3590.948641356647	17.03921950546358	17.038561245127493	-3.831008598353947e-06	-1.7899469639814924e-06	33.99637325366001	True	Stroma
Patient7b	ROI01	49	1595.88	2.53e-11	2917	3572	2876.74451842404	3567.36848010458	29.7227617692815	Patient7b_ATGTTGATTAGAGACT-1	2876.7445222414835	3567.368481895239	17.12276494257339	17.122003957623928	-3.817443484877003e-06	-1.7906586435856298e-06	40.521041120066506	True	Stroma
Patient7b	ROI01	51	1113.8	1.96e-11	2917	3572	2912.41515585276	3579.94570011306	6.72896684545614	Patient7b_ATGTTGATTAGAGACT-1	2912.415159693841	3579.945701892126	17.024988966947333	17.024309149684488	-3.841080797428731e-06	-1.779066224116832e-06	9.173600500412087	True	Stroma
Patient7b	ROI01	52	2446.12	1.49e-11	2917	3572	2924.4447193219	3603.52585957518	23.7606961563568	Patient7b_ATGTTGATTAGAGACT-1	2924.444723176536	3603.5258613535343	16.941796624232296	16.941203813005533	-3.8546363612113055e-06	-1.7783540897653438e-06	32.3929570699535	True	Stroma
Patient7b	ROI01	53	73.8089	9.16e-12	2917	3572	2936.47428279103	3627.10601903731	42.870887668352	Patient7b_ATGTTGATTAGAGACT-1	2936.4742866592305	3627.106020814943	16.859255289105555	16.858729036343078	-3.868200565193547e-06	-1.777632860466838e-06	58.44588115825941	True	Stroma
Patient7b	ROI01	68	2249.54	1.62e-11	2917	3572	2936.05622981235	3568.94276065942	14.156760873954	Patient7b_ATGTTGATTAGAGACT-1	2936.056233663504	3568.942762427605	17.011789938244483	17.01106924256678	-3.851153905998217e-06	-1.7681850295048207e-06	19.299912099454957	True	Stroma
Patient7b	ROI01	69	3309.02	3.03e-11	2917	3572	2924.02666634322	3545.36260119729	20.2072870435374	Patient7b_ATGTTGATTAGAGACT-1	2924.026670180808	3545.3626029661964	17.095907608073773	17.095075439713966	-3.837587883026572e-06	-1.7689062588033266e-06	27.54859442645936	True	Stroma
Patient7b	ROI01	70	3434.55	3.64e-11	2917	3572	2947.66774030281	3534.35966174365	35.6136500657129	Patient7b_ATGTTGATTAGAGACT-1	2947.6677441504708	3534.359663501676	17.08402163396654	17.083124998628712	-3.847660536848707e-06	-1.7580255189386662e-06	48.5520891345887	True	Stroma
Patient7b	ROI01	71	1855.29	1.8e-11	2917	3572	2959.69730377194	3557.93982120577	32.9734724005625	Patient7b_ATGTTGATTAGAGACT-1	2959.697307633165	3557.939822963084	16.99962482204251	16.99884388886704	-3.8612251955783e-06	-1.7573142940818798e-06	44.95273492368436	True	Stroma
Patient7b	ROI01	72	119.847	1.38e-11	2917	3572	2971.72686724108	3581.5199806679	40.7457768843414	Patient7b_ATGTTGATTAGAGACT-1	2971.7268711158604	3581.519982424493	16.91586490560815	16.915179599243192	-3.874780304613523e-06	-1.756592610036023e-06	55.548717626422274	True	Stroma
Patient7b	ROI01	63	3896.54	7.07e-10	3037	3642	2996.20404715803	3686.84355797004	44.4684786743851	Patient7b_TCCAACTCAGCTATCT-1	2996.2040510769766	3686.843559734648	16.600981429180077	16.600510274207746	-3.918946731573669e-06	-1.7646079868427478e-06	60.6238769767868	True	Stroma
Patient7b	ROI01	64	2161.93	1.34e-11	3037	3642	2984.17448368889	3663.26339850791	41.769546551889	Patient7b_TCCAACTCAGCTATCT-1	2984.1744875942813	3663.2634002732393	16.681806912974007	16.68132792950784	-3.905391167791095e-06	-1.7653292161412535e-06	56.944422814192464	True	Stroma
Patient7b	ROI01	65	166.439	1.27e-11	3037	3642	2972.14492021976	3639.68323904579	47.6024692983138	Patient7b_TCCAACTCAGCTATCT-1	2972.144924111587	3639.6832408118303	16.763310289609503	16.762802125443155	-3.891826963808853e-06	-1.76604044099804e-06	64.89644639439238	True	Stroma
Patient7b	ROI01	74	430.242	1.1e-11	3037	3642	2995.78599417934	3628.68029959215	31.7706418445976	Patient7b_TCCAACTCAGCTATCT-1	2995.785998081249	3628.6803013473095	16.75029390418545	16.749738384215444	-3.901909167325357e-06	-1.7551597011333795e-06	43.31291602674988	True	Stroma
Patient7b	ROI01	75	5201.78	3.91e-11	3037	3642	3007.81555764848	3652.26045905427	22.6916725129822	Patient7b_TCCAACTCAGCTATCT-1	3007.8155615639434	3652.2604608087177	16.668502177274885	16.667980192215445	-3.915463366865879e-06	-1.7544475667818915e-06	30.93555713695072	True	Stroma
Patient7b	ROI01	76	9910.53	5.39e-11	3037	3642	3019.84512111761	3675.8406185164	27.829857352589	Patient7b_TCCAACTCAGCTATCT-1	3019.845125046638	3675.840620270127	16.58738606005351	16.586876285599843	-3.929028025595471e-06	-1.7537272469780874e-06	37.940444528787296	True	Stroma
Patient7b	ROI01	77	729.967	1.46e-11	3037	3642	3031.87468458675	3699.42077797852	42.2864110525443	Patient7b_TCCAACTCAGCTATCT-1	3031.874688529332	3699.4207797315353	16.506955512477514	16.506436308809487	-3.942582225135993e-06	-1.7530151126265991e-06	57.64906418792767	True	Stroma
Patient7b	ROI01	83	43.8793	9.47e-12	3037	3642	3043.4861950772	3664.83767906275	17.4142885295361	Patient7b_TCCAACTCAGCTATCT-1	3043.486199016301	3664.8376808056055	16.574850461090236	16.574282201495542	-3.9391006794176064e-06	-1.7428556020604449e-06	23.740899552305503	True	Stroma
Patient7b	ROI01	84	114.858	8.47e-12	3037	3642	3031.45663160807	3641.25751960063	4.10245094982472	Patient7b_TCCAACTCAGCTATCT-1	3031.456635533605	3641.257521344197	16.656252501534	16.65566774151354	-3.925535565940663e-06	-1.743566826917231e-06	5.5928713798993535	True	Stroma
Patient7b	ROI01	86	33.0587	9.64e-12	3037	3642	3007.3975046698	3594.09720067638	41.3052943729746	Patient7b_TCCAACTCAGCTATCT-1	3007.397508568217	3594.09720242138	16.821066675814894	16.820385346040844	-3.898416707670549e-06	-1.7450001905672252e-06	56.31150781868227	True	Stroma
Patient7b	ROI01	93	2031.82	1.01e-11	3037	3642	3031.03857862939	3583.09426122274	43.428905131723	Patient7b_TCCAACTCAGCTATCT-1	3031.038582537879	3583.0942629568594	16.810429750598555	16.80965754384649	-3.908488906745333e-06	-1.7341194507025648e-06	59.20662636608135	True	Stroma
Patient7b	ROI01	94	319.342	1.82e-11	3037	3642	3043.06814209852	3606.67442068486	26.2913339958073	Patient7b_TCCAACTCAGCTATCT-1	3043.068146020574	3606.674422418268	16.727414406453587	16.726705106486403	-3.9220540202222764e-06	-1.7334082258457784e-06	35.8429756364911	True	Stroma
Patient7b	ROI01	95	8011.42	3.39e-11	3037	3642	3055.09770556766	3630.25458014699	15.8255908650597	Patient7b_TCCAACTCAGCTATCT-1	3055.097709503269	3630.254581879676	16.645060215116906	16.644392874917465	-3.935608674510149e-06	-1.7326860870525709e-06	21.575028026336085	True	Stroma
Patient7b	ROI01	96	1405.57	1.19e-11	3037	3642	3067.12726903679	3653.83473960911	23.7426841319107	Patient7b_TCCAACTCAGCTATCT-1	3067.127272985963	3653.8347413410847	16.56337703847614	16.562730394084475	-3.949172878492391e-06	-1.7319748621957842e-06	32.36840127702575	True	Stroma
Patient7b	ROI01	97	8382.74	4.38e-11	3037	3642	3079.15683250593	3677.41489907124	40.3860299355779	Patient7b_TCCAACTCAGCTATCT-1	3079.156836468658	3677.414900802493	16.482374852756635	16.481727322005362	-3.962727987527615e-06	-1.7312531781499274e-06	55.05827461117156	True	Stroma
Patient7b	ROI01	90	529.737	1.32e-11	3038	3503	2994.94988822198	3512.35378283636	32.314657609441	Patient7b_TACCGAATAATTGTAA-1	2994.949892089796	3512.353784572634	17.063345818122254	17.062262355010155	-3.867815848934697e-06	-1.7362740436510649e-06	44.054572718956194	True	Stroma
Patient7b	ROI01	91	1709.95	1.93e-11	3038	3503	3006.97945169112	3535.93394229849	33.1863042927812	Patient7b_TACCGAATAATTGTAA-1	3006.97945557249	3535.9339440340427	16.978405027905552	16.977445426721726	-3.881370048475219e-06	-1.735552814352559e-06	45.24288864234698	True	Stroma
Patient7b	ROI01	92	4979.14	3.57e-11	3038	3503	3019.00901516025	3559.51410176061	43.7318548591409	Patient7b_TACCGAATAATTGTAA-1	3019.0090190551846	3559.5141034954518	16.89409650110362	16.89324075601582	-3.894934707204811e-06	-1.7348411347484216e-06	59.61963772946143	True	Stroma
Patient7b	ROI02	1	788.56	1.38e-11	3151	4543	3131.99799267315	4596.95614927257	41.9602367782448	Patient7b_GACTAGGCCGTTAGGT-1	3131.997996699478	4596.956150280097	14.32265418529528	14.321322669566086	-4.0263280425278936e-06	-1.0075273166876286e-06	57.20439079977599	True	Stroma
Patient7b	ROI02	2	1507.15	1.74e-11	3151	4543	3119.94245426835	4573.44664981947	31.9021337755902	Patient7b_GACTAGGCCGTTAGGT-1	3119.942458290321	4573.4466508459855	14.392240012218895	14.39097001334539	-4.02197110815905e-06	-1.0265157470712438e-06	43.49217897625898	True	Stroma
Patient7b	ROI02	4	3005.85	1.74e-11	3151	4543	3095.83137745874	4526.42765091327	42.2533485144776	Patient7b_GACTAGGCCGTTAGGT-1	3095.831381472007	4526.427651977763	14.53394930083929	14.53273253446071	-4.0132667891157325e-06	-1.064493517333176e-06	57.60399002979284	True	Stroma
Patient7b	ROI02	15	859.351	1.9e-11	3151	4543	3119.3795261613	4515.33572294454	30.8177845596322	Patient7b_GACTAGGCCGTTAGGT-1	3119.379530178668	4515.33572399978	14.502485751104732	14.501423564235496	-4.017367700726027e-06	-1.0552403182373382e-06	42.013885690152016	True	Stroma
Patient7b	ROI02	18	1538.55	1.61e-11	3151	4543	3155.54614137571	4585.86422130384	31.6178588768255	Patient7b_GACTAGGCCGTTAGGT-1	3155.54614540614	4585.864222302114	14.29035410309274	14.289178250374084	-4.0304298636328895e-06	-9.982741175917909e-07	43.10462700676722	True	Stroma
Patient7b	ROI02	21	1765.55	2.89e-11	3151	4543	3179.09429007826	4574.77229333512	31.1097207385438	Patient7b_GACTAGGCCGTTAGGT-1	3179.0942941128005	4574.772294324133	14.25957894003662	14.258522191651275	-4.034540324937552e-06	-9.89013642538339e-07	42.41188228284994	True	Stroma
Patient7b	ROI02	35	110.819	1.13e-11	3151	4543	3166.47582356641	4493.15186700709	38.2859138475297	Patient7b_GACTAGGCCGTTAGGT-1	3166.4758275919894	4493.151868043817	14.44408651835255	14.443225062044938	-4.0255795283883344e-06	-1.0367266440880485e-06	52.195186348335696	True	Stroma
Patient7b	ROI02	36	1155.69	1.73e-11	3151	4543	3178.53136197122	4516.66136646019	27.9477551802265	Patient7b_GACTAGGCCGTTAGGT-1	3178.531366001146	4516.661367477928	14.371998198840195	14.371122390559586	-4.029926003568107e-06	-1.0177382137044333e-06	38.1011746372044	True	Stroma
Patient7b	ROI02	37	1163.0	1.34e-11	3151	4543	3190.58690037602	4540.17086591329	29.1116156863746	Patient7b_GACTAGGCCGTTAGGT-1	3190.586904410303	4540.17086691204	14.300744709167764	14.299831341229376	-4.034282937936951e-06	-9.98749783320818e-07	39.68786566523211	True	Stroma
Patient7b	ROI02	38	1148.62	9.58e-12	3151	4543	3202.64243878082	4563.68036536639	40.8048850496157	Patient7b_GACTAGGCCGTTAGGT-1	3202.6424428194605	4563.680366346151	14.230338589704244	14.229364113071671	-4.0386403270531446e-06	-9.797604434425011e-07	55.62929978813453	True	Stroma
Patient7b	ROI02	6	1563.39	1.13e-11	3031	4473	3071.72030064914	4479.40865200706	30.2365729714649	Patient7b_TCCAAGCCTAGACACA-1	3071.7203046536924	4479.408653109541	14.67896019871526	14.677705819294497	-4.004552465630695e-06	-1.1024812920368277e-06	41.221519931995935	True	Stroma
Patient7b	ROI02	7	3126.96	2.27e-11	3031	4473	3059.66476224433	4455.89915255396	24.4834226306899	Patient7b_TCCAAGCCTAGACACA-1	3059.664766244536	4455.899153675429	14.752673413005006	14.751366997500456	-4.000205535703572e-06	-1.121468812925741e-06	33.378250072415334	True	Stroma
Patient7b	ROI02	8	95.1692	8.22e-12	3031	4473	3047.60922383953	4432.38965310086	32.1833644939609	Patient7b_TCCAAGCCTAGACACA-1	3047.609227835378	4432.389654241319	14.827175836200723	14.82579567927949	-3.995848146587377e-06	-1.140458152804058e-06	43.87558081461789	True	Stroma
Patient7b	ROI02	9	1261.4	1.23e-11	3031	4473	3035.55368543473	4408.88015364776	47.1512804107502	Patient7b_TCCAAGCCTAGACACA-1	3035.5536894262214	4408.880154807207	14.902455631739238	14.90098036386004	-3.991491212218534e-06	-1.1594465831876732e-06	64.28134058397733	True	Stroma
Patient7b	ROI02	12	1993.15	1.3e-11	3031	4473	3083.21291094689	4444.80722458523	43.5254080853307	Patient7b_TCCAAGCCTAGACACA-1	3083.2129149511966	4444.807225697447	14.722037790802592	14.720884388248974	-4.004306447313866e-06	-1.1122174328193069e-06	59.33818884273046	True	Stroma
Patient7b	ROI02	13	2881.32	1.54e-11	3031	4473	3095.26844935169	4468.31672403834	47.2668230228188	Patient7b_TCCAAGCCTAGACACA-1	3095.268453360354	4468.316725131559	14.648049653953926	14.646948858367969	-4.008664291177411e-06	-1.0932189979939722e-06	64.43885982700031	True	Stroma
Patient7b	ROI02	28	171.776	1.01e-11	3152	4405	3094.70552124465	4410.20579716341	42.1994373635151	Patient7b_GATTGGGAAAGGTTGT-1	3094.7055252487007	4410.205798285354	14.767932833894587	14.766822119286584	-4.004050879302668e-06	-1.1219435691600663e-06	57.53049295768151	True	Stroma
Patient7b	ROI02	30	453.561	1.89e-11	3152	4405	3106.1981315424	4375.60436974158	39.9203926781832	Patient7b_GATTGGGAAAGGTTGT-1	3106.198135546204	4375.60437087326	14.816619146528442	14.815493346801818	-4.003803951491136e-06	-1.1316806194372475e-06	54.42347133817395	True	Stroma
Patient7b	ROI02	31	90.7664	9.43e-12	3152	4405	3118.2536699472	4399.11386919468	25.1271340205063	Patient7b_GATTGGGAAAGGTTGT-1	3118.2536739553607	4399.113870307372	14.740541006134247	14.73951174302167	-4.008160885859979e-06	-1.1126921890536323e-06	34.255821810166296	True	Stroma
Patient7b	ROI02	33	906.689	1.19e-11	3152	4405	3142.36474675681	4446.13286810088	30.9882731439568	Patient7b_GATTGGGAAAGGTTGT-1	3142.364750773675	4446.132869175595	14.59071800798596	14.589817003806878	-4.016865204903297e-06	-1.074715328286402e-06	42.24631277715006	True	Stroma
Patient7b	ROI02	45	123.881	9.53e-12	3152	4405	3177.96843386417	4458.55043958526	43.6549408267252	Patient7b_GATTGGGAAAGGTTGT-1	3177.968437889493	4458.550440631723	14.49033740270339	14.489513143670663	-4.025323505629785e-06	-1.0464627848705277e-06	59.51478082907133	True	Stroma
Patient7b	ROI02	46	117.267	1.49e-11	3152	4405	3165.91289545937	4435.04094013216	24.2839394332735	Patient7b_GATTGGGAAAGGTTGT-1	3165.912899480335	4435.0409411976125	14.564314579244664	14.56345930085304	-4.0209652070188895e-06	-1.0654521247488449e-06	33.10629462938121	True	Stroma
Patient7b	ROI02	48	60.1586	7.87e-12	3152	4405	3141.80181864976	4388.02194122595	14.5276085223486	Patient7b_GATTGGGAAAGGTTGT-1	3141.8018226620216	4388.021942329389	14.71464684577113	14.71366321812511	-4.0122613427229226e-06	-1.1034389899577943e-06	19.80548869852661	True	Stroma
Patient7b	ROI02	49	1426.65	1.94e-11	3152	4405	3129.74628024496	4364.51244177285	33.8886005692815	Patient7b_GATTGGGAAAGGTTGT-1	3129.746284252865	4364.512442895279	14.79097776718334	14.78989750195094	-4.00790486310143e-06	-1.1224283298361115e-06	46.20032915610776	True	Stroma
Patient7b	ROI02	51	55.3577	9.71e-12	3152	4405	3165.34996735232	4376.93001325723	22.799740123071	Patient7b_GATTGGGAAAGGTTGT-1	3165.3499713686824	4376.930014351407	14.690258272512864	14.689284261796203	-4.016362254333217e-06	-1.0941776054096408e-06	31.082885709781017	True	Stroma
Patient7b	ROI02	52	1127.56	1.52e-11	3152	4405	3177.40550575712	4400.43951271033	18.9331636719257	Patient7b_GATTGGGAAAGGTTGT-1	3177.40550977784	4400.439513785519	14.614452743681262	14.613553716269626	-4.020720098196762e-06	-1.0751891750260256e-06	25.811582033930005	True	Stroma
Patient7b	ROI02	53	219.313	9.73e-12	3152	4405	3189.46104416192	4423.94901216343	30.7935797100656	Patient7b_GATTGGGAAAGGTTGT-1	3189.461048186997	4423.94901321963	14.539430525744985	14.538584572245847	-4.025076577818254e-06	-1.0561998351477089e-06	41.98088721872311	True	Stroma
Patient7b	ROI02	66	765.594	1.17e-11	3152	4405	3213.00919286448	4412.8570841947	45.1207001644287	Patient7b_GATTGGGAAAGGTTGT-1	3213.0091968936567	4412.857085241648	14.516073661216543	14.515200442115814	-4.029176579933846e-06	-1.0469475455465729e-06	61.513050534158566	True	Stroma
Patient7b	ROI02	67	290.869	2.06e-11	3152	4405	3200.95365445968	4389.3475847416	37.6990539704363	Patient7b_GATTGGGAAAGGTTGT-1	3200.9536584845	4389.347585807536	14.591337199036778	14.590411264392223	-4.024820100312354e-06	-1.065935975930188e-06	51.39512027789335	True	Stroma
Patient7b	ROI02	68	588.708	1.41e-11	3152	4405	3188.89811605488	4365.8380852885	39.4677474019912	Patient7b_GATTGGGAAAGGTTGT-1	3188.8981200753437	4365.8380863734255	14.667382796724036	14.66638220233644	-4.020463165943511e-06	-1.0849253158085048e-06	53.80638003313533	True	Stroma
Patient7b	ROI02	69	99.7686	1.17e-11	3152	4405	3176.84257765007	4342.3285858354	49.4502864247798	Patient7b_GATTGGGAAAGGTTGT-1	3176.8425816661857	4342.328586939315	14.74419835348093	14.743101505365876	-4.016115781269036e-06	-1.1039146556868218e-06	67.41557548289974	True	Stroma
Patient7b	ROI02	59	974.522	1.94e-11	3271	4613	3261.79427459074	4565.00600888204	35.8460291753192	Patient7b_CGTCGCATGTGAGCCA-1	3261.79427864194	4565.0060098242975	14.106437497424688	14.105430384227647	-4.051199994137278e-06	-9.422574294148944e-07	48.868891574717686	True	Stroma
Patient7b	ROI02	60	462.436	1.83e-11	3271	4613	3285.3424232933	4553.91408091331	44.5989398380354	Patient7b_CGTCGCATGTGAGCCA-1	3285.3424273486	4553.914081846315	14.081608821112637	14.08057143807154	-4.05529999625287e-06	-9.330051398137584e-07	60.80173468120063	True	Stroma
Patient7b	ROI02	55	481.464	1.01e-11	3272	4475	3213.57212097153	4470.96801106963	42.9596079133475	Patient7b_GGCCGGCGTCTGCTAT-1	3213.57212500531	4470.968012087853	14.39178489412781	14.390977965768998	-4.033780442114221e-06	-1.0182229743804785e-06	58.5668334682709	True	Stroma
Patient7b	ROI02	56	1084.05	1.2e-11	3272	4475	3225.62765937633	4494.47751052273	36.8934152788543	Patient7b_GGCCGGCGTCTGCTAT-1	3225.627663414467	4494.477511521964	14.31918621462314	14.318364540411212	-4.038136921735713e-06	-9.992336345021613e-07	50.296793049664	True	Stroma
Patient7b	ROI02	57	1022.42	9.48e-12	3272	4475	3237.68319778113	4517.98700997584	40.3467916641628	Patient7b_GGCCGGCGTCTGCTAT-1	3237.6832018236246	4517.987010956075	14.247420306524742	14.246560583683507	-4.042494765599258e-06	-9.802351996768266e-07	55.004781075757606	True	Stroma
Patient7b	ROI02	61	439.875	1.56e-11	3272	4475	3273.28688488849	4530.40458146021	40.6510120397197	Patient7b_GGCCGGCGTCTGCTAT-1	3273.286888939442	4530.404582412204	14.1519190543154	14.150967977573917	-4.050952156831045e-06	-9.519944796920754e-07	55.41952471374345	True	Stroma
Patient7b	ROI02	62	941.448	8.22e-12	3272	4475	3261.23134648369	4506.89508200711	24.6929726255476	Patient7b_GGCCGGCGTCTGCTAT-1	3261.2313505302864	4506.895082978093	14.223086478696008	14.222197665396571	-4.046596586704254e-06	-9.709829100756906e-07	33.663929580407576	True	Stroma
Patient7b	ROI02	64	54.6637	9.28e-12	3272	4475	3237.12026967409	4459.87608310091	27.8863607324967	Patient7b_GGCCGGCGTCTGCTAT-1	3237.120273711971	4459.87608410987	14.367941797492811	14.367106773842783	-4.037880898977164e-06	-1.008959770842921e-06	38.0174755866136	True	Stroma
Patient7b	ROI02	74	106.447	1.04e-11	3272	4475	3248.61287997184	4425.27465567908	40.3070411342521	Patient7b_GGCCGGCGTCTGCTAT-1	3248.6128840094743	4425.274656697777	14.419546747990314	14.418639334760815	-4.037634425912984e-06	-1.018696821120102e-06	54.950589178330326	True	Stroma
Patient7b	ROI02	75	506.175	1.25e-11	3272	4475	3260.66841837664	4448.78415513218	20.9491888326053	Patient7b_GGCCGGCGTCTGCTAT-1	3260.668422418632	4448.784156131888	14.345647570903528	14.34474730500547	-4.041991815029178e-06	-9.997083907364868e-07	28.560029135497697	True	Stroma
Patient7b	ROI02	77	627.25	8.35e-12	3272	4475	3284.77949518625	4495.80315403838	17.9086680573285	Patient7b_GGCCGGCGTCTGCTAT-1	3284.7794992369463	4495.803155000111	14.200315709352749	14.199360279828475	-4.050696134072496e-06	-9.617306204745546e-07	24.414887162548087	True	Stroma
Patient7b	ROI02	78	1923.86	2.09e-11	3272	4475	3296.83503359105	4519.31265349148	37.2607209093587	Patient7b_GGCCGGCGTCTGCTAT-1	3296.835037646104	4519.312654434222	14.128908395588049	14.127889951784356	-4.055053977936041e-06	-9.427421900909394e-07	50.79754081571817	True	Stroma
Patient7b	ROI02	82	2201.27	2.09e-11	3272	4475	3308.32764388881	4484.71122606966	27.5825321733871	Patient7b_GGCCGGCGTCTGCTAT-1	3308.327647943607	4484.71122702213	14.17911552901834	14.17805579876314	-4.05479704568279e-06	-9.524692359264008e-07	37.60326611197831	True	Stroma
Patient7b	ROI02	83	81.1247	8.42e-12	3272	4475	3296.272105484	4461.20172661655	20.4797321626074	Patient7b_GGCCGGCGTCTGCTAT-1	3296.2721095344505	4461.201727588017	14.251597764634491	14.25057820884602	-4.050450570503017e-06	-9.714667612570338e-07	27.92001885727933	True	Stroma
Patient7b	ROI02	84	1020.6	1.37e-11	3272	4475	3284.2165670792	4437.69222716345	28.7955917736069	Patient7b_GGCCGGCGTCTGCTAT-1	3284.2165711252937	4437.692228153906	14.324909446001138	14.3239066386107	-4.046093636134174e-06	-9.904561011353508e-07	39.25703026496262	True	Stroma
Patient7b	ROI02	85	772.382	1.08e-11	3272	4475	3272.1610286744	4414.18272771035	44.6104932669008	Patient7b_GGCCGGCGTCTGCTAT-1	3272.161032716136	4414.182728719795	14.399037903931026	14.398028773010484	-4.04173624701798e-06	-1.009444531518966e-06	60.817485470770464	True	Stroma
Patient7b	ROI02	96	926.34	1.6e-11	3272	4475	3319.82025418656	4450.10979864783	39.5438271495969	Patient7b_GGCCGGCGTCTGCTAT-1	3319.8202582411104	4450.109799610035	14.232199450324911	14.231038867629133	-4.054550572618609e-06	-9.6220537670888e-07	53.91009955304078	True	Stroma
Patient7b	ROI02	97	1396.25	1.2e-11	3272	4475	3331.87579259136	4473.61929810093	43.9314234416681	Patient7b_GGCCGGCGTCTGCTAT-1	3331.875796650268	4473.619299044147	14.1594929923476	14.158291142049016	-4.058907961734803e-06	-9.432169463252648e-07	59.89170957801812	True	Stroma
Patient7b	ROI03	17	1230.85	1.15e-11	4589	5662	4567.83361639105	5602.01758840538	46.6569593696614	Patient7b_GCGTCGCCAGGGTGAT-1	4567.83362128899	5602.017588944192	9.743919389685116	9.741777777565352	-4.897940016235225e-06	-5.388119461713359e-07	63.60743270866758	True	Stroma
Patient7b	ROI03	18	314.729	9.96e-12	4589	5662	4579.85425300892	5625.64958813088	27.4945289801725	Patient7b_GCGTCGCCAGGGTGAT-1	4579.854257919366	5625.649588667375	9.692949450719071	9.690551222944489	-4.910446477879304e-06	-5.364945536712185e-07	37.48329135867742	True	Stroma
Patient7b	ROI03	19	1026.71	1.22e-11	4589	5662	4591.87488962679	5649.28158785638	9.56450282898808	Patient7b_GCGTCGCCAGGGTGAT-1	4591.874894549745	5649.281588390558	9.64376764001222	9.64106527307082	-4.922954758512788e-06	-5.341780706658028e-07	13.03928670676475	True	Stroma
Patient7b	ROI03	20	47.7386	1.08e-11	4589	5662	4615.41111790429	5638.21371873892	26.0716017405315	Patient7b_GCGTCGCCAGGGTGAT-1	4615.411122823802	5638.2137192658	9.61441356246255	9.61198435550975	-4.919511411571875e-06	-5.268802851787768e-07	35.54341465286547	True	Stroma
Patient7b	ROI03	21	145.218	9.83e-12	4589	5662	4603.39048128642	5614.58171901342	36.3484209711593	Patient7b_GCGTCGCCAGGGTGAT-1	4603.390486193424	5614.581719542616	9.66386350065626	9.661741182325413	-4.907004040433094e-06	-5.291958586894907e-07	49.55380230998463	True	Stroma
Patient7b	ROI03	7	330.679	8.12e-12	4470	5454	4484.19420502421	5494.92545889534	31.7736895940727	Patient7b_TGAGCGGAAAGTGTTC-1	4484.194209863045	5494.925459453033	10.054328508494796	10.05243644559967	-4.838835593545809e-06	-5.576930561801419e-07	43.317071023598274	True	Stroma
Patient7b	ROI03	8	53.3176	8.7e-12	4470	5454	4472.17356840634	5471.29345916984	12.784800789951	Patient7b_TGAGCGGAAAGTGTTC-1	4472.173573232667	5471.29345972985	10.115137689554324	10.11322999270436	-4.826327312912326e-06	-5.600095391855575e-07	17.42951891694015	True	Stroma
Patient7b	ROI03	9	2860.29	2.11e-11	4470	5454	4460.15293178847	5447.66145944433	8.5900079372376	Patient7b_TGAGCGGAAAGTGTTC-1	4460.15293660229	5447.661460006667	10.17753312249053	10.17556736186764	-4.813819941773545e-06	-5.623369361273944e-07	11.710757820841703	True	Stroma
Patient7b	ROI03	10	2895.06	3.46e-11	4470	5454	4483.68916006597	5436.59359032687	16.2432623088615	Patient7b_TGAGCGGAAAGTGTTC-1	4483.689164876348	5436.593590881908	10.14839457498354	10.146773533184614	-4.810377504327335e-06	-5.550382411456667e-07	22.144439505676853	True	Stroma
Patient7b	ROI03	11	1435.6	1.38e-11	4470	5454	4495.70979668384	5460.22559005238	19.4035199128272	Patient7b_TGAGCGGAAAGTGTTC-1	4495.709801506726	5460.225590605091	10.085705112643426	10.084141354839526	-4.8228857849608175e-06	-5.527117536985315e-07	26.45281869715744	True	Stroma
Patient7b	ROI03	12	2286.36	3.18e-11	4470	5454	4507.73043330171	5483.85758977788	35.2931002305743	Patient7b_TGAGCGGAAAGTGTTC-1	4507.730438137102	5483.857590328275	10.024602937158472	10.023053848657623	-4.835392246604897e-06	-5.503952706931159e-07	48.11508354434147	True	Stroma
Patient7b	ROI03	27	179.855	7.36e-12	4470	5454	4531.2666615792	5472.78972066041	47.0059466239303	Patient7b_TGAGCGGAAAGTGTTC-1	4531.26666641116	5472.789721203517	9.99717069227253	9.995909375114506	-4.831959813600406e-06	-5.431065801531076e-07	64.08320703239283	True	Stroma
Patient7b	ROI03	28	120.709	8.95e-12	4470	5454	4519.24602496134	5449.15772093491	36.2968670746916	Patient7b_TGAGCGGAAAGTGTTC-1	4519.246029780783	5449.157721480334	10.058553587447472	10.057278889718448	-4.819443347514607e-06	-5.454239726532251e-07	49.483518882928	True	Stroma
Patient7b	ROI03	14	548.644	3.36e-11	4590	5524	4531.77170653744	5531.12158922888	43.0295448940354	Patient7b_GCTGGCGGCGCATGCT-1	4531.771711397858	5531.1215897746415	9.907277157785074	9.905626441809275	-4.860417902818881e-06	-5.457613951875828e-07	58.66217855404717	True	Stroma
Patient7b	ROI03	16	69.6034	9.98e-12	4590	5524	4555.81297977318	5578.38558867988	47.1196262929633	Patient7b_GCTGGCGGCGCATGCT-1	4555.812984658613	5578.385589221009	9.796649547166936	9.794717626786284	-4.885432645096444e-06	-5.411284291767515e-07	64.23818652519786	True	Stroma
Patient7b	ROI03	24	108.785	1.2e-11	4590	5524	4567.32857143281	5543.68571983692	22.0240176592708	Patient7b_GCTGGCGGCGCATGCT-1	4567.328576302293	5543.685720373067	9.822844503508277	9.821358770232257	-4.869482836511452e-06	-5.361471266951412e-07	30.02534327488832	True	Stroma
Patient7b	ROI03	25	115.315	8.35e-12	4590	5524	4555.30793481494	5520.05372011142	25.6112313685199	Patient7b_GCTGGCGGCGCATGCT-1	4555.307939671915	5520.053720649884	9.87928685607964	9.87792078068674	-4.856974555877969e-06	-5.384636097005568e-07	34.91579172471154	True	Stroma
Patient7b	ROI03	33	2237.06	3.48e-11	4590	5524	4566.82352647457	5485.35385126846	33.0543515177991	Patient7b_GCTGGCGGCGCATGCT-1	4566.823531315596	5485.353851801942	9.912018117068037	9.910956727241707	-4.841025656787679e-06	-5.334823072189465e-07	45.0629974242202	True	Stroma
Patient7b	ROI03	34	10442.6	5.2e-11	4590	5524	4578.84416309244	5508.98585099396	13.7203910766969	Patient7b_GCTGGCGGCGCATGCT-1	4578.844167945973	5508.985851525125	9.853633461827036	9.852495547652708	-4.85353302792646e-06	-5.311649147188291e-07	18.705009154866516	True	Stroma
Patient7b	ROI03	35	6790.9	3.74e-11	4590	5524	4590.86479971031	5532.61785071946	6.35306482240009	Patient7b_GCTGGCGGCGCATGCT-1	4590.86480457635	5532.617851248309	9.796926196814391	9.795666472569986	-4.866040399065241e-06	-5.288493412081152e-07	8.661133272375427	True	Stroma
Patient7b	ROI03	36	2934.8	1.4e-11	4590	5524	4602.88543632818	5556.24985044496	25.4740467590562	Patient7b_GCTGGCGGCGCATGCT-1	4602.885441206727	5556.249850971492	9.741925614089697	9.740498068641232	-4.878546860709321e-06	-5.265319487079978e-07	34.728767946615825	True	Stroma
Patient7b	ROI03	44	4947.37	3.6e-11	4590	5524	4614.40102798781	5521.549981602	17.9884972157475	Patient7b_GCTGGCGGCGCATGCT-1	4614.401032850407	5521.549982123551	9.773375424250547	9.772284329274656	-4.862597052124329e-06	-5.215506462263875e-07	24.52371825422152	True	Stroma
Patient7b	ROI03	45	1098.09	1.85e-11	4590	5524	4602.38039136994	5497.9179818765	21.1774316442002	Patient7b_GCTGGCGGCGCATGCT-1	4602.380396220031	5497.917982400367	9.830335270333263	9.829368438798678	-4.850090590480249e-06	-5.238671292318031e-07	28.87119256053502	True	Stroma
Patient7b	ROI03	46	287.31	1.24e-11	4590	5524	4590.35975475207	5474.28598215099	36.4668961431241	Patient7b_GCTGGCGGCGCATGCT-1	4590.359759589653	5474.285982677184	9.888973512443538	9.888085489981	-4.837582309846766e-06	-5.261936166789383e-07	49.715319511930254	True	Stroma
Patient7b	ROI03	53	7606.03	3.14e-11	4590	5524	4613.89598302957	5463.21811303353	47.9061519538585	Patient7b_GCTGGCGGCGCATGCT-1	4613.895987863711	5463.218113552426	9.868287927413062	9.867515993766096	-4.8341407818952575e-06	-5.188958311919123e-07	65.31045695869993	True	Stroma
Patient7b	ROI03	55	2545.38	2.61e-11	4590	5524	4637.93725626531	5510.48211248454	36.533972576027	Patient7b_GCTGGCGGCGCATGCT-1	4637.937261124465	5510.482112998792	9.75220933802452	9.751228958684344	-4.85915552417282e-06	-5.142519512446597e-07	49.806764812890655	True	Stroma
Patient7b	ROI03	56	169.691	8.97e-12	4590	5524	4649.95789288318	5534.11411221004	44.6013118329835	Patient7b_GCTGGCGGCGCATGCT-1	4649.957897754843	5534.114112721976	9.696718467506056	9.695564715399303	-4.8716628953116015e-06	-5.119363777339458e-07	60.80496842189898	True	Stroma
Patient7b	ROI03	40	18290.9	8.78e-11	4710	5594	4662.48357445929	5616.077980504	38.4325632699632	Patient7b_GCCCGATCTGTGGTCG-1	4662.483579371917	5616.077981016284	9.562906587250133	9.560849754017353	-4.912626536679454e-06	-5.122838047100231e-07	52.39511350594477	True	Stroma
Patient7b	ROI03	41	306.82	1.13e-11	4710	5594	4650.46293784142	5592.4459807785	43.686158575556	Patient7b_GCCCGATCTGTGGTCG-1	4650.462942741539	5592.4459812931	9.612860224976377	9.61111645336442	-4.900119165540673e-06	-5.146002877154388e-07	59.55733998606209	True	Stroma
Patient7b	ROI03	57	7434.97	4.71e-11	4710	5594	4661.97852950105	5557.74611193554	44.1354140275684	Patient7b_GCCCGATCTGTGGTCG-1	4661.97853438522	5557.746112445158	9.6429659525652	9.641591774928273	-4.884170266450383e-06	-5.096180757391267e-07	60.16980994379098	True	Stroma
Patient7b	ROI03	58	4995.92	3.93e-11	4710	5594	4673.99916611892	5581.37811166104	27.9830848047042	Patient7b_GCCCGATCTGTGGTCG-1	4673.999171015597	5581.378112168342	9.59098102101283	9.58933869546224	-4.896677637589164e-06	-5.073025022284128e-07	38.149339514260525	True	Stroma
Patient7b	ROI03	59	265.021	1.38e-11	4710	5594	4686.01980273679	5605.01011138654	19.3552221194814	Patient7b_GCCCGATCTGTGGTCG-1	4686.019807645975	5605.010111891525	9.540792565995933	9.538833740886307	-4.909185008727945e-06	-5.049851097282954e-07	26.38697431549335	True	Stroma
Patient7b	ROI03	60	13007.5	7.15e-11	4710	5594	4709.55603101429	5593.94224226908	0.328401813024002	Patient7b_GCCCGATCTGTGGTCG-1	4709.556035920033	5593.942242766767	9.52112801563164	9.519207744123989	-4.905742571281735e-06	-4.976864147465676e-07	0.4477101917013853	True	Stroma
Patient7b	ROI03	61	1764.07	1.92e-11	4710	5594	4697.53539439642	5570.31024254358	19.6353288729143	Patient7b_GCCCGATCTGTGGTCG-1	4697.535399289654	5570.310243043585	9.571539463310748	9.569939371521036	-4.893234290648252e-06	-5.000047167413868e-07	26.768843852449123	True	Stroma
Patient7b	ROI03	62	235.608	1.03e-11	4710	5594	4685.51475777855	5546.67824281808	39.082448189041	Patient7b_GCCCGATCTGTGGTCG-1	4685.514762659277	5546.678243320401	9.623748644069137	9.622420222139723	-4.880726919509471e-06	-5.023202902521007e-07	53.281101616123024	True	Stroma
Patient7b	ROI03	77	19649.1	3.62e-11	4710	5594	4709.05098605605	5535.61037370062	42.835280577753	Patient7b_GCCCGATCTGTGGTCG-1	4709.050990933335	5535.610374195642	9.606971379050984	9.60562937712382	-4.877285391557962e-06	-4.950225047650747e-07	58.39733801165168	True	Stroma
Patient7b	ROI03	78	5304.46	1.81e-11	4710	5594	4721.07162267392	5559.24237342612	26.7574244905845	Patient7b_GCCCGATCTGTGGTCG-1	4721.071627563711	5559.242373918826	9.554550432217782	9.552932971345983	-4.889791853202041e-06	-4.92706021759659e-07	36.47839680801405	True	Stroma
Patient7b	ROI03	79	6439.44	4.62e-11	4710	5594	4733.09225929179	5582.87437315162	18.8019039692454	Patient7b_GCCCGATCTGTGGTCG-1	4733.09226419409	5582.874373642009	9.503928140748936	9.501986573209358	-4.902300133835524e-06	-4.903895387542434e-07	25.63263568126856	True	Stroma
Patient7b	ROI03	49	761.667	1.23e-11	4591	5385	4554.29784489846	5403.38998297449	30.111986097609	Patient7b_CTTTCTGTGCGGGCTT-1	4554.2978496985215	5403.389983507634	10.074661358616185	10.0737447883136	-4.800061105925124e-06	-5.33143975189887e-07	41.05167064687484	True	Stroma
Patient7b	ROI03	50	2689.91	2.48e-11	4591	5385	4577.83407317596	5392.32211385703	11.0504108220473	Patient7b_CTTTCTGTGCGGGCTT-1	4577.834077972579	5392.322114382876	10.05470017097095	10.05390667086541	-4.796618668478914e-06	-5.25846189702861e-07	15.065025073702504	True	Stroma
Patient7b	ROI03	51	4121.77	3.11e-11	4591	5385	4589.85470979383	5415.95411358253	22.7208200565235	Patient7b_CTTTCTGTGCGGGCTT-1	4589.854714602956	5415.954114106059	9.99096348203479	9.99022066833368	-4.809126039617695e-06	-5.235287972027436e-07	30.97529398305255	True	Stroma
Patient7b	ROI03	52	1541.37	1.26e-11	4591	5385	4601.8753464117	5439.58611330803	40.8266221116887	Patient7b_CTTTCTGTGCGGGCTT-1	4601.875351233333	5439.586113829242	9.92881605879676	9.928080706540785	-4.821633410756476e-06	-5.212123141973279e-07	55.65893392485647	True	Stroma
Patient7b	ROI03	68	321.897	1.13e-11	4591	5385	4613.39093807133	5404.88624446507	21.9664784840908	Patient7b_CTTTCTGTGCGGGCTT-1	4613.390942877013	5404.8862449813005	9.973107138643844	9.9724281943647	-4.805682692676783e-06	-5.162301022210158e-07	29.94690011735257	True	Stroma
Patient7b	ROI03	70	895.217	1.57e-11	4591	5385	4624.90652973096	5370.18637562211	27.1409816791458	Patient7b_CTTTCTGTGCGGGCTT-1	4624.906534520694	5370.18637613336	10.021787771558287	10.021070171677804	-4.7897337935864925e-06	-5.112497092341073e-07	37.001300323173496	True	Stroma
Patient7b	ROI03	73	4837.18	3.2e-11	4711	5456	4660.96843958457	5441.08237479861	38.2954344819316	Patient7b_AGGATAAAGTCGGGAT-1	4660.968444411826	5441.08237530291	9.83405166402603	9.833338386009544	-4.8272559070028365e-06	-5.043002602178603e-07	52.20816582922641	True	Stroma
Patient7b	ROI03	75	1095.61	9.98e-12	4711	5456	4685.00971282031	5488.34637424961	30.4367142724276	Patient7b_AGGATAAAGTCGGGAT-1	4685.00971767258	5488.346374749277	9.717091801904653	9.716157370900463	-4.852270649280399e-06	-4.99667294207029e-07	41.494372567597466	True	Stroma
Patient7b	ROI03	76	417.091	9.96e-12	4711	5456	4697.03034943818	5511.97837397512	42.3202102892862	Patient7b_AGGATAAAGTCGGGAT-1	4697.030354302958	5511.978374472459	9.661161703069386	9.66004715124908	-4.86477802041918e-06	-4.973389877704903e-07	57.69514268738551	True	Stroma
Patient7b	ROI03	83	2740.1	2.6e-11	4711	5456	4720.56657771568	5500.91050485765	33.681589029824	Patient7b_AGGATAAAGTCGGGAT-1	4720.566582577016	5500.9105053477015	9.647036691540697	9.645852870767715	-4.86133558297297e-06	-4.900512067251839e-07	45.91811032434996	True	Stroma
Patient7b	ROI03	84	1100.86	1.46e-11	4711	5456	4708.54594109781	5477.27850513215	15.7115466027347	Patient7b_AGGATAAAGTCGGGAT-1	4708.545945946638	5477.2785056245175	9.703166463135863	9.702166599014143	-4.8488282118341886e-06	-4.923676897305995e-07	21.41955148350084	True	Stroma
Patient7b	ROI03	86	373.116	7.51e-12	4711	5456	4684.50466786207	5430.01450568115	27.2216675410648	Patient7b_AGGATAAAGTCGGGAT-1	4684.504672685884	5430.014506178151	9.820525859373497	9.819754503563251	-4.823813469556626e-06	-4.970015652361326e-07	37.11129935874268	True	Stroma
Patient7b	ROI03	92	4577.55	3.95e-11	4711	5456	4696.0202595217	5395.31463683819	45.8496640797791	Patient7b_AGGATAAAGTCGGGAT-1	4696.020264329563	5395.31463733021	9.870762928964314	9.86992491016786	-4.807863660971634e-06	-4.920193532598205e-07	62.50684703996794	True	Stroma
Patient7b	ROI03	93	1765.02	1.12e-11	4711	5456	4708.04089613957	5418.94663656369	27.2657034740386	Patient7b_AGGATAAAGTCGGGAT-1	4708.040900959941	5418.946637053394	9.8094087329617	9.80852073601696	-4.820371032110415e-06	-4.897037797491066e-07	37.17133354616287	True	Stroma
Patient7b	ROI03	94	54.4247	8.68e-12	4711	5456	4720.06153275744	5442.57863628919	11.8785015866772	Patient7b_AGGATAAAGTCGGGAT-1	4720.061537590318	5442.578636776576	9.749703577013635	9.748720335687857	-4.832878403249197e-06	-4.873854777542874e-07	16.193961213118563	True	Stroma
Patient7b	ROI03	95	637.954	1.61e-11	4711	5456	4732.08216937531	5466.21063601469	17.1823263343475	Patient7b_AGGATAAAGTCGGGAT-1	4732.082174220695	5466.21063649976	9.69167793768437	9.69055339988845	-4.845385774387978e-06	-4.850699042435735e-07	23.424665491607893	True	Stroma
Patient7b	ROI03	96	273.139	1.02e-11	4711	5456	4744.10280599318	5489.84263574019	34.7249074999516	Patient7b_AGGATAAAGTCGGGAT-1	4744.102810851073	5489.842636222944	9.635362157947233	9.634049515483191	-4.857893145526759e-06	-4.827534212381579e-07	47.34046639467443	True	Stroma
Patient7b	ROI04	0	3689.46	1.87e-11	2770	7104	2762.88410224337	7169.04054761603	47.9928515669582	Patient7b_GTGAGATAACCTTATA-1	2762.8841074479105	7169.040548550483	13.99274735941696	13.99185074593214	-5.204540684644599e-06	-9.344530553789808e-07	65.42865454123239	True	Stroma
Patient7b	ROI04	1	882.82	1.19e-11	2770	7104	2750.80893616117	7145.623757976	33.6205218735199	Patient7b_GTGAGATAACCTTATA-1	2750.808941357367	7145.6237589214425	14.004384003733929	14.003528690441224	-5.196196980250534e-06	-9.454424798605032e-07	45.83485747016856	True	Stroma
Patient7b	ROI04	2	118.649	8.27e-12	2770	7104	2738.73377007897	7122.20696833597	26.5393412032912	Patient7b_GTGAGATAACCTTATA-1	2738.733775266824	7122.2069692924015	14.017248768299387	14.016410385373076	-5.18785373060382e-06	-9.564319043420255e-07	36.18108386245108	True	Stroma
Patient7b	ROI04	3	2712.27	9.68e-12	2770	7104	2726.65860399678	7098.79017869594	32.020387613187	Patient7b_GTGAGATAACCTTATA-1	2726.6586091762792	7098.790179663361	14.031338275072914	14.03049251516114	-5.179499112273334e-06	-9.674213288235478e-07	43.65339443305824	True	Stroma
Patient7b	ROI04	15	627.716	8.26e-12	2770	7104	2738.0088641348	7064.45524597711	37.3100021545478	Patient7b_GTGAGATAACCTTATA-1	2738.008869293938	7064.455246953339	13.963669205655597	13.962967971004906	-5.159137799637392e-06	-9.762288755155168e-07	50.86472593729888	True	Stroma
Patient7b	ROI04	16	957.477	1.27e-11	2770	7104	2750.084030217	7087.87203561714	18.7979698810965	Patient7b_GTGAGATAACCTTATA-1	2750.084035384481	7087.872036582379	13.948105217492936	13.94743731610512	-5.167481504031457e-06	-9.652394510339946e-07	25.62727233890057	True	Stroma
Patient7b	ROI04	17	95.8436	7.2e-12	2770	7104	2762.15919629919	7111.28882525717	7.85254948828863	Patient7b_GTGAGATAACCTTATA-1	2762.159201475025	7111.288826211419	13.933769040726784	13.933110084746646	-5.1758347581198905e-06	-9.542491170577705e-07	10.7053807173867	True	Stroma
Patient7b	ROI04	18	452.567	8.56e-12	2770	7104	2774.23436238139	7134.7056148972	22.7361572438833	Patient7b_GTGAGATAACCTTATA-1	2774.2343675655684	7134.70561584046	13.920664468737206	13.919989992822211	-5.184178462513955e-06	-9.4326060207095e-07	30.99620317058301	True	Stroma
Patient7b	ROI04	20	2589.29	1.51e-11	2770	7104	2809.7349546838	7147.20426145843	43.0559430746304	Patient7b_GTGAGATAACCTTATA-1	2809.734959864315	7147.204262388519	13.82680504034896	13.826202606733537	-5.180515017855214e-06	-9.300892997998744e-07	58.69816719363558	True	Stroma
Patient7b	ROI04	21	616.155	1.8e-11	2770	7104	2797.65978860161	7123.7874718184	24.946042113863	Patient7b_GTGAGATAACCTTATA-1	2797.6597937737715	7123.787472759478	13.838908473033262	13.838344874385914	-5.17216130901943e-06	-9.410778147866948e-07	34.00893921382658	True	Stroma
Patient7b	ROI04	22	449.517	1.05e-11	2770	7104	2785.58462251941	7100.37068217837	11.7374294964702	Patient7b_GTGAGATAACCTTATA-1	2785.584627683228	7100.370683130439	13.852253855418166	13.851704408557657	-5.163818059372716e-06	-9.520690582576208e-07	16.001637632533228	True	Stroma
Patient7b	ROI04	23	333.049	1.14e-11	2770	7104	2773.50945643721	7076.95389253834	20.005022773288	Patient7b_GTGAGATAACCTTATA-1	2773.509461592684	7076.953893501397	13.86683760176366	13.866277690904749	-5.1554739002313e-06	-9.630566637497395e-07	27.272847546824185	True	Stroma
Patient7b	ROI04	36	1929.06	1.59e-11	2770	7104	2796.93488265743	7066.03574945954	34.1440626819096	Patient7b_GTGAGATAACCTTATA-1	2796.934887800887	7066.035750420415	13.787570182444211	13.787047115383212	-5.143456746736774e-06	-9.608747859601865e-07	46.5486006542446	True	Stroma
Patient7b	ROI04	37	1858.38	1.21e-11	2770	7104	2809.01004873963	7089.45253909957	30.5393317651268	Patient7b_GTGAGATAACCTTATA-1	2809.0100538914294	7089.452540049456	13.772738094376296	13.772226953414435	-5.151799541636137e-06	-9.498862709733658e-07	41.6342709953933	True	Stroma
Patient7b	ROI04	38	241.861	1.24e-11	2770	7104	2821.08521482183	7112.8693287396	38.0323021105999	Patient7b_GTGAGATAACCTTATA-1	2821.0852199819738	7112.869329678497	13.759151018341443	13.75862704525884	-5.160143700777553e-06	-9.388968464918436e-07	51.84943746737874	True	Stroma
Patient7b	ROI04	5	1252.82	2.1e-11	2650	7034	2702.50827183238	7051.95659941588	40.7054691388379	Patient7b_GTTCCGTCCGCCTGCA-1	2702.5082769951923	7051.956600405281	14.06317647084567	14.06224334629554	-5.162812158232555e-06	-9.894010872812942e-07	55.49376607697045	True	Stroma
Patient7b	ROI04	6	405.136	1.06e-11	2650	7034	2690.43310575019	7028.53980977585	29.92746944298	Patient7b_GTTCCGTCCGCCTGCA-1	2690.433110904648	7028.53981077624	14.08091688611338	14.07990395976037	-5.15445799464942e-06	-1.0003905117628165e-06	40.80011909161478	True	Stroma
Patient7b	ROI04	7	1246.96	1.33e-11	2650	7034	2678.35793966799	7005.12302013582	29.6874230549788	Patient7b_GTTCCGTCCGCCTGCA-1	2678.3579448141054	7005.123021147199	14.099865506660056	14.098748842409137	-5.1461151997500565e-06	-1.011379026749637e-06	40.472863850852114	True	Stroma
Patient7b	ROI04	8	2518.44	1.28e-11	2650	7034	2666.28277358579	6981.70623049579	40.1746711121231	Patient7b_GTTCCGTCCGCCTGCA-1	2666.282778723561	6981.706231518159	14.120017468365774	14.118773252170476	-5.137771040608641e-06	-1.022369360725861e-06	54.77012912715794	True	Stroma
Patient7b	ROI04	26	119.374	7.65e-12	2771	6965	2737.28395819062	7006.70352361825	39.3368550489167	Patient7b_CTGTAGTGAGGATCGA-1	2737.2839633210524	7006.703524614276	13.917978443818782	13.917240310372344	-5.130432327860035e-06	-9.960258466890082e-07	53.627934488191855	True	Stroma
Patient7b	ROI04	27	1090.62	1.17e-11	2771	6965	2725.20879210843	6983.28673397822	36.167827632836	Patient7b_CTGTAGTGAGGATCGA-1	2725.20879723051	6983.286734985237	13.93747352845834	13.93662739382591	-5.122079983266303e-06	-1.007017090159934e-06	49.307599411846944	True	Stroma
Patient7b	ROI04	28	1113.2	1.59e-11	2771	6965	2713.13362602623	6959.86994433819	42.6122845803269	Patient7b_CTGTAGTGAGGATCGA-1	2713.133631139965	6959.869945356196	13.95818440196049	13.957206174290024	-5.113735369377537e-06	-1.0180056051467543e-06	58.0933275683659	True	Stroma
Patient7b	ROI04	31	1681.59	9.66e-12	2771	6965	2736.55905224645	6948.95180125939	27.8708739991312	Patient7b_CTGTAGTGAGGATCGA-1	2736.559057348168	6948.951802275214	13.880254387628518	13.87930365627994	-5.10171776113566e-06	-1.0158237273572013e-06	37.99636252302167	True	Stroma
Patient7b	ROI04	32	61.6764	6.95e-12	2771	6965	2748.63421832865	6972.36859089942	17.2730434263524	Patient7b_CTGTAGTGAGGATCGA-1	2748.634223438711	6972.368591904255	13.859263678198165	13.858447170578325	-5.110061010782374e-06	-1.004834302875679e-06	23.54834010314757	True	Stroma
Patient7b	ROI04	33	72.0669	8.49e-12	2771	6965	2760.70938441084	6995.78538053945	23.8097016335577	Patient7b_CTGTAGTGAGGATCGA-1	2760.7093895292555	6995.785381533295	13.839494809679584	13.838788306633282	-5.11841562911286e-06	-9.938448783941567e-07	32.45976623702945	True	Stroma
Patient7b	ROI04	34	1033.54	1.67e-11	2771	6965	2772.78455049304	7019.20217017948	39.7796079101662	Patient7b_CTGTAGTGAGGATCGA-1	2772.784555619799	7019.202171162335	13.82095302507236	13.820332175151371	-5.126758878759574e-06	-9.828545444179326e-07	54.23153946392762	True	Stroma
Patient7b	ROI04	49	2330.96	2.03e-11	2771	6965	2747.90931238447	6914.61686854056	40.6531036889919	Patient7b_CTGTAGTGAGGATCGA-1	2747.9093174658265	6914.616869565191	13.826853308369802	13.82569768113236	-5.081356448499719e-06	-1.0246312740491703e-06	55.42237625920776	True	Stroma
Patient7b	ROI04	50	1128.54	1.41e-11	2771	6965	2771.33473860469	6903.69872546176	44.9660298244536	Patient7b_CTGTAGTGAGGATCGA-1	2771.334743674028	6903.698726484209	13.753314956458215	13.752039731606883	-5.06933793076314e-06	-1.022449396259617e-06	61.3021884596804	True	Stroma
Patient7b	ROI04	51	1150.34	2.6e-11	2771	6965	2783.40990468689	6927.11551510179	29.241745936052	Patient7b_CTGTAGTGAGGATCGA-1	2783.409909764572	6927.11551611325	13.730536902746817	13.72942413592556	-5.077682089904556e-06	-1.0114599717780948e-06	39.86527223462027	True	Stroma
Patient7b	ROI04	53	124.853	9.22e-12	2771	6965	2807.56023685128	6973.94909438185	27.6091613894733	Patient7b_CTGTAGTGAGGATCGA-1	2807.56024194566	6973.94909537133	13.688669894345178	13.687808999685146	-5.094379957881756e-06	-9.894802133203484e-07	37.63956972226109	True	Stroma
Patient7b	ROI04	54	212.355	1.03e-11	2771	6965	2819.63540293348	6997.36588402188	42.8522579645043	Patient7b_CTGTAGTGAGGATCGA-1	2819.6354080362034	6997.36588500037	13.66959223857308	13.668820468319383	-5.102723662275821e-06	-9.784898793441243e-07	58.420483283004	True	Stroma
Patient7b	ROI04	66	793.849	1.14e-11	2771	6965	2830.9856630715	6963.03095130305	44.0240385089934	Patient7b_CTGTAGTGAGGATCGA-1	2830.9856681538613	6963.030952290348	13.616396650399556	13.615347395081631	-5.082361440145178e-06	-9.872983355307952e-07	60.01797169930406	True	Stroma
Patient7b	ROI04	67	2140.5	1.48e-11	2771	6965	2818.91049698931	6939.61416166302	39.7714689739093	Patient7b_CTGTAGTGAGGATCGA-1	2818.9105020633187	6939.614162661308	13.636987094592865	13.635822441323446	-5.074008640804095e-06	-9.982877600123174e-07	54.22044365213147	True	Stroma
Patient7b	ROI04	68	107.371	7.3e-12	2771	6965	2806.83533090711	6916.19737202299	44.4116535717948	Patient7b_CTGTAGTGAGGATCGA-1	2806.8353359727744	6916.197373032268	13.658816762221976	13.657512161204869	-5.06566448166268e-06	-1.0092780939885415e-06	60.54640731442718	True	Stroma
Patient7b	ROI04	40	1520.66	1.89e-11	2890	7174	2856.58580712424	7125.36797530083	43.2809601300466	Patient7b_AGGGTCAGAGCACTCG-1	2856.5858122807194	7125.367976226555	13.668852869571417	13.668259477054802	-5.15647934662411e-06	-9.25724634726066e-07	59.00493294529841	True	Stroma
Patient7b	ROI04	59	938.723	2.47e-11	2890	7174	2880.01123334446	7114.44983222203	44.2911314558088	Patient7b_AGGGTCAGAGCACTCG-1	2880.0112384889217	7114.4498331455725	13.592960684234118	13.592261739894274	-5.144461738382233e-06	-9.235427569365128e-07	60.3820995137072	True	Stroma
Patient7b	ROI04	55	87.9902	7.84e-12	2891	7035	2831.71056901568	7020.78267366191	44.7225338493912	Patient7b_GTGTCAGTGTACGTGG-1	2831.710574126747	7020.782674629411	13.651758843099516	13.65105148323919	-5.111066911922535e-06	-9.675013643573038e-07	60.97023039687643	True	Stroma
Patient7b	ROI04	56	638.037	1.31e-11	2891	7035	2843.78573509787	7044.19946330194	35.2836140588346	Patient7b_GTGTCAGTGTACGTGG-1	2843.7857402172917	7044.199464258452	13.635174590015993	13.634506812516596	-5.11942107550567e-06	-9.565119398757815e-07	48.10215104641614	True	Stroma
Patient7b	ROI04	58	806.795	8.03e-12	2891	7035	2867.93606726227	7091.033042582	44.4466483342669	Patient7b_GTGTCAGTGTACGTGG-1	2867.936072398378	7091.033043516532	13.605771438132871	13.605107949753103	-5.136108029546449e-06	-9.345321814180352e-07	60.59411567410467	True	Stroma
Patient7b	ROI04	61	541.854	9.43e-12	2891	7035	2891.36149348249	7080.1148995032	33.0934847463414	Patient7b_GTGTCAGTGTACGTGG-1	2891.3614986065804	7080.11490043555	13.532218853069262	13.531373809419977	-5.124090421304572e-06	-9.32350303628482e-07	45.11634775468546	True	Stroma
Patient7b	ROI04	62	382.322	1.55e-11	2891	7035	2879.28632740029	7056.69810986317	18.0870116500681	Patient7b_GTGTCAGTGTACGTGG-1	2879.286332516037	7056.698110806509	13.546535022673735	13.545699208041183	-5.115747171657858e-06	-9.433388186153024e-07	24.65802298253888	True	Stroma
Patient7b	ROI04	63	304.771	1.11e-11	2891	7035	2867.21116131809	7033.28132022314	17.4949335277461	Patient7b_GTGTCAGTGTACGTGG-1	2867.2111664254926	7033.28132117747	13.562115402933	13.561263684436367	-5.107402557769092e-06	-9.543300620862285e-07	23.85084287838321	True	Stroma
Patient7b	ROI04	64	1431.77	1.45e-11	2891	7035	2855.1359952359	7009.86453058311	32.1243966291662	Patient7b_GTGTCAGTGTACGTGG-1	2855.136000334949	7009.864531548429	13.578955642213524	13.578062977557314	-5.099049303680658e-06	-9.653194865677506e-07	43.79518992454344	True	Stroma
Patient7b	ROI04	74	1176.84	2.19e-11	2891	7035	2866.48625537392	6975.52959786428	47.1830017781688	Patient7b_GTGTCAGTGTACGTGG-1	2866.486260452607	6975.529598838406	13.526647907123165	13.525426867290346	-5.078687081550015e-06	-9.741261237650178e-07	64.32458632418044	True	Stroma
Patient7b	ROI04	75	78.8364	6.82e-12	2891	7035	2878.56142145611	6998.94638750431	27.9754803251568	Patient7b_GTGTCAGTGTACGTGG-1	2878.561426543152	6998.946388467447	13.508290554432277	13.507136768867433	-5.08704124513315e-06	-9.631366992834955e-07	38.13897232729109	True	Stroma
Patient7b	ROI04	76	1067.85	1.83e-11	2891	7035	2890.63658753831	7022.36317714434	9.27312207322788	Patient7b_GTGTCAGTGTACGTGG-1	2890.636592633696	7022.363178096488	13.491194270761673	13.490082700375712	-5.095385859021917e-06	-9.52148184296675e-07	12.642047322433571	True	Stroma
Patient7b	ROI04	79	193.13	1.68e-11	2891	7035	2926.8620857849	7092.61354606443	49.7786036294027	Patient7b_GTGTCAGTGTACGTGG-1	2926.862090905325	7092.61354698361	13.447518157248872	13.446382000037094	-5.120425157656428e-06	-9.191799108521082e-07	67.86317032796013	True	Stroma
Patient7b	ROI04	81	126.145	9.39e-12	2891	7035	2938.21234592292	7058.2786133456	38.6117022279622	Patient7b_GTGTCAGTGTACGTGG-1	2938.212351022984	7058.278614273588	13.391560403805892	13.39012294191652	-5.100063845020486e-06	-9.279874575440772e-07	52.63933364737274	True	Stroma
Patient7b	ROI04	82	3858.04	1.61e-11	2891	7035	2926.13717984073	7034.86182370557	25.7738219962683	Patient7b_GTGTCAGTGTACGTGG-1	2926.1371849324405	7034.861824644546	13.40636459013212	13.404934319739809	-5.091710590932053e-06	-9.389759725308976e-07	35.13745152751034	True	Stroma
Patient7b	ROI04	83	1149.85	1.17e-11	2891	7035	2914.06201375853	7011.44503406554	24.1803164285951	Patient7b_GTGTCAGTGTACGTGG-1	2914.062018841897	7011.445035015506	13.422445084525336	13.420996671374755	-5.083366886537988e-06	-9.4996539701242e-07	32.96502538710065	True	Stroma
Patient7b	ROI04	95	164.882	1.23e-11	2891	7035	2925.41227389655	6977.11010134671	49.3990407595697	Patient7b_GTGTCAGTGTACGTGG-1	2925.412278959556	6977.110102305483	13.373509265806211	13.371601555961195	-5.063006028649397e-06	-9.587738531990908e-07	67.34571226751852	True	Stroma
Patient7b	ROI04	96	1477.65	3.33e-11	2891	7035	2937.48743997875	7000.52689098674	42.4518954576385	Patient7b_GTGTCAGTGTACGTGG-1	2937.4874450500984	7000.526891934524	13.355901384386952	13.35403811171141	-5.071348368801409e-06	-9.477835192228668e-07	57.87466907739508	True	Stroma
Patient7b	ROI04	97	1549.06	1.02e-11	2891	7035	2949.56260606095	7023.94368062677	43.7153643341106	Patient7b_GTGTCAGTGTACGTGG-1	2949.562611140642	7023.9436815635645	13.339570928074016	13.337726771317229	-5.079691618448123e-06	-9.367940947413445e-07	59.59715619669191	True	Stroma
Patient7b	ROI04	71	141.027	9.14e-12	2892	6897	2830.26075712733	6905.27922894419	45.6919910994703	Patient7b_GATAGTGCGAGTAAGT-1	2830.2607621809766	6905.279229951286	13.589233517639082	13.587661741767596	-5.053646418673452e-06	-1.0070953067042865e-06	62.29189146591097	True	Stroma
Patient7b	ROI04	72	176.923	9.4e-12	2892	6897	2842.33592320953	6928.69601858422	43.2161191075789	Patient7b_GATAGTGCGAGTAAGT-1	2842.33592827152	6928.696019580326	13.567124992062976	13.565694818192007	-5.061990123067517e-06	-9.961058822227642e-07	58.91653517936134	True	Stroma
Patient7b	ROI04	73	474.308	1.25e-11	2892	6897	2854.41108929172	6952.11280822425	48.9334170250147	Patient7b_GATAGTGCGAGTAAGT-1	2854.4110943620644	6952.112809209366	13.546261201984034	13.544947988514508	-5.070344286650652e-06	-9.8511554824654e-07	66.71092743020465	True	Stroma
Patient7b	ROI04	86	243.288	9.95e-12	2892	6897	2877.83651551194	6941.19466514545	34.0414853180005	Patient7b_GATAGTGCGAGTAAGT-1	2877.8365205702657	6941.194666128384	13.478296921734916	13.476643097607155	-5.058325768914074e-06	-9.829336704569869e-07	46.40875693403101	True	Stroma
Patient7b	ROI04	87	571.815	1.15e-11	2892	6897	2865.76134942974	6917.77787550542	24.5501307210921	Patient7b_GATAGTGCGAGTAAGT-1	2865.761354479723	6917.777876499344	13.499433492896388	13.49766127872735	-5.049982974014711e-06	-9.93924004433211e-07	33.469193212070564	True	Stroma
Patient7b	ROI04	89	392.178	1.09e-11	2892	6897	2841.61101726535	6870.94429622536	41.6100428114209	Patient7b_GATAGTGCGAGTAAGT-1	2841.611022298636	6870.944297241264	13.54545072018095	13.543367715750964	-5.033285560784861e-06	-1.0159037628909573e-06	56.72697136481622	True	Stroma
Patient7b	ROI04	90	1003.43	1.18e-11	2892	6897	2865.03644348557	6860.02615314656	33.5665836779512	Patient7b_GATAGTGCGAGTAAGT-1	2865.0364485068376	6860.026154160281	13.48052214419132	13.478016800602406	-5.021267497795634e-06	-1.0137209756067025e-06	45.76132352815494	True	Stroma
Patient7b	ROI04	91	110.356	7.45e-12	2892	6897	2877.11160956777	6883.44294278659	14.7700336958646	Patient7b_GATAGTGCGAGTAAGT-1	2877.11161459738	6883.442943789321	13.456609295917758	13.454273057170496	-5.029610292694997e-06	-1.00273155112518e-06	20.13598693757521	True	Stroma
Patient7b	ROI04	92	794.788	1.4e-11	2892	6897	2889.18677564996	6906.85973242662	7.52088438165524	Patient7b_GATAGTGCGAGTAAGT-1	2889.1867806879245	6906.859733418361	13.433945409101195	13.431753643366976	-5.037964456278132e-06	-9.91741217148956e-07	10.253221677512087	True	Stroma
Patient7b	ROI04	93	215.103	1.64e-11	2892	6897	2901.26194173216	6930.27652206665	25.336632754268	Patient7b_GATAGTGCGAGTAAGT-1	2901.261946778468	6930.276523047402	13.41253681505574	13.410464727029956	-5.046308160672197e-06	-9.807527021621354e-07	34.541431433890345	True	Stroma
Patient7b	ROI04	94	366.224	1.2e-11	2892	6897	2913.33710781436	6953.69331170668	44.4330695282713	Patient7b_GATAGTGCGAGTAAGT-1	2913.3371128690114	6953.693312676443	13.392389533780872	13.39041217712666	-5.054651410318911e-06	-9.69763277680613e-07	60.57560368789085	True	Stroma
Patient7b	ROI05	3	232.387	7.97e-12	4086	8430	4058.92777555219	8484.60182335538	44.7038550349906	Patient7b_GTATCTCAGTCTTGAC-1	4058.9277807646586	8484.601823604427	12.80242862865608	12.801306708365932	-5.212468749959953e-06	-2.4904693418648094e-07	60.94476556920032	True	Stroma
Patient7b	ROI05	15	127.035	8.68e-12	4086	8430	4070.05808875522	8450.34049833198	18.9564895899183	Patient7b_GTATCTCAGTCTTGAC-1	4070.058093968689	8450.340498567628	12.687391533784297	12.686512014824666	-5.2134687393845525e-06	-2.356482582399622e-07	25.84338225793422	True	Stroma
Patient7b	ROI05	16	180.518	1.28e-11	4086	8430	4082.11767034787	8473.85773384874	32.2960700918254	Patient7b_GTATCTCAGTCTTGAC-1	4082.117675573492	8473.857734084224	12.716575784668404	12.715710181540956	-5.225622317084344e-06	-2.3548454919364306e-07	44.02923235618204	True	Stroma
Patient7b	ROI05	23	399.089	9.88e-12	4086	8430	4105.30756514354	8463.1136443421	28.1166219504909	Patient7b_GTATCTCAGTCTTGAC-1	4105.307570382329	8463.11364456402	12.632363292893656	12.6316972290244	-5.23878861713456e-06	-2.219203452114016e-07	38.33139070510153	True	Stroma
Patient7b	ROI05	24	208.45	9.05e-12	4086	8430	4093.24798355089	8439.59640882534	8.82123195706299	Patient7b_GTATCTCAGTCTTGAC-1	4093.2479887775226	8439.596409047424	12.602841333718676	12.602173190211692	-5.226632765698014e-06	-2.220840542577207e-07	12.025985527059314	True	Stroma
Patient7b	ROI05	26	530.903	1.14e-11	4086	8430	4069.1288203656	8392.56193779182	30.1209683004986	Patient7b_GTATCTCAGTCTTGAC-1	4069.128825567914	8392.561938014229	12.547586443184844	12.546839377624112	-5.202314241614658e-06	-2.2240965336095547e-07	41.06391608407324	True	Stroma
Patient7b	ROI05	27	775.912	1.87e-11	4086	8430	4057.06923877295	8369.04470227506	49.4920359870708	Patient7b_GTATCTCAGTCTTGAC-1	4057.069243963109	8369.044702497633	12.52187023156939	12.521046018179158	-5.190158390178112e-06	-2.2257336240727454e-07	67.47249266117792	True	Stroma
Patient7b	ROI05	33	145.24	1.6e-11	4086	8430	4092.31871516127	8381.81784828518	35.6449135704536	Patient7b_GTATCTCAGTCTTGAC-1	4092.318720376749	8381.817848494027	12.464053082020364	12.463482778309212	-5.2154791774228215e-06	-2.088472683681175e-07	48.59471067059874	True	Stroma
Patient7b	ROI05	34	827.382	2.12e-11	4086	8430	4104.37829675392	8405.33508380194	22.5622106631087	Patient7b_GTATCTCAGTCTTGAC-1	4104.378301981555	8405.335084010623	12.491370675472282	12.49084073732106	-5.227634574112017e-06	-2.086835593217984e-07	30.7590617970134	True	Stroma
Patient7b	ROI05	35	152.997	1.05e-11	4086	8430	4116.43787834657	8428.85231931869	22.3424834575752	Patient7b_GTATCTCAGTCTTGAC-1	4116.437883586359	8428.85231952722	12.519963946245412	12.519449213739373	-5.23978906130651e-06	-2.0852894522249699e-07	30.459507697709828	True	Stroma
Patient7b	ROI05	36	881.007	1.3e-11	4086	8430	4128.49745993922	8452.36955483545	35.2272552802752	Patient7b_GTATCTCAGTCTTGAC-1	4128.497465191163	8452.369555043817	12.549824174908986	12.549299655201905	-5.251943548501004e-06	-2.083670551655814e-07	48.02531712359429	True	Stroma
Patient7b	ROI05	44	43.7957	9.66e-12	4086	8430	4139.62777314224	8418.10822981205	40.2922548265522	Patient7b_GTATCTCAGTCTTGAC-1	4139.627778395194	8418.108230007017	12.438792808336853	12.43837230509754	-5.252953997114673e-06	-1.9496837921906265e-07	54.93043100503182	True	Stroma
Patient7b	ROI05	45	287.848	9.18e-12	4086	8430	4127.5681915496	8394.59099429529	40.053588242493	Patient7b_GTATCTCAGTCTTGAC-1	4127.568196790388	8394.59099449042	12.40986759560353	12.409443656302194	-5.240788595983759e-06	-1.951302692759782e-07	54.60505685099543	True	Stroma
Patient7b	ROI05	46	174.74	1.03e-11	4086	8430	4115.50860995695	8371.07375877853	48.3399813164495	Patient7b_GTATCTCAGTCTTGAC-1	4115.508615185584	8371.073758973824	12.382224949285062	12.381772290267287	-5.228634108789265e-06	-1.9529397832229733e-07	65.9018965287214	True	Stroma
Patient7b	ROI05	7	453.035	1.84e-11	3966	8360	4010.6894491816	8390.53288128834	39.7007013233541	Patient7b_GCTGAATCTTCCAATC-1	4010.689454345439	8390.53288153804	12.694549457351233	12.693176574572	-5.163838977750856e-06	-2.496999513823539e-07	54.12396611412249	True	Stroma
Patient7b	ROI05	8	256.028	1.2e-11	3966	8360	3998.62986758895	8367.01564577159	24.4814443600209	Patient7b_GCTGAATCTTCCAATC-1	3998.6298727406343	8367.015646021444	12.670734866809608	12.669237088597464	-5.151684490556363e-06	-2.498545654816553e-07	33.3755530960139	True	Stroma
Patient7b	ROI05	9	1165.75	1.22e-11	3966	8360	3986.5702859963	8343.49841025483	19.3436367010857	Patient7b_GCTGAATCTTCCAATC-1	3986.570291135831	8343.498410504846	12.648197181710978	12.646549418370796	-5.139531367603922e-06	-2.500164555385709e-07	26.37117991458632	True	Stroma
Patient7b	ROI05	10	239.857	9.54e-12	3966	8360	4009.76018079198	8332.75432074818	37.8117921876411	Patient7b_GCTGAATCTTCCAATC-1	4009.760185944665	8332.754320984643	12.560431174617705	12.559108227282325	-5.152684934728313e-06	-2.364631654927507e-07	51.54881628941504	True	Stroma
Patient7b	ROI05	30	579.172	1.13e-11	4087	8291	4056.13997038333	8311.2661417349	27.0810639021667	Patient7b_AGATGCAAGACGTGCA-1	4056.139975562336	8311.266141944236	12.38983677556703	12.388992956157104	-5.179006166144973e-06	-2.093347575282678e-07	36.91961441782466	True	Stroma
Patient7b	ROI05	31	519.571	8.1e-12	4087	8291	4068.19955197597	8334.78337725166	34.9513272777731	Patient7b_AGATGCAAGACGTGCA-1	4068.199557167139	8334.783377460833	12.413278222048897	12.412551109119583	-5.191169293539133e-06	-2.0917286747135225e-07	47.64914447779192	True	Stroma
Patient7b	ROI05	47	163.59	1.25e-11	4087	8291	4103.4490283643	8347.55652326177	43.20399565763	Patient7b_AGATGCAAGACGTGCA-1	4103.44903358078	8347.556523457228	12.35587347748402	12.355366654514718	-5.216479621594772e-06	-1.954576873686165e-07	58.90000728003928	True	Stroma
Patient7b	ROI05	48	64.0588	1.06e-11	4087	8291	4091.38944677165	8324.03928774501	24.4477320631686	Patient7b_AGATGCAAGACGTGCA-1	4091.389451975975	8324.03928794063	12.330821458082092	12.33023488086617	-5.204325134400278e-06	-1.9561957742553207e-07	33.32959312171004	True	Stroma
Patient7b	ROI05	51	35.1167	6.63e-12	4087	8291	4114.57934156733	8313.29519823837	26.0133566794261	Patient7b_AGATGCAAGACGTGCA-1	4114.579346784809	8313.295198420426	12.250102906720928	12.249596600854268	-5.21747915627202e-06	-1.8205719243269414e-07	35.46400916105827	True	Stroma
Patient7b	ROI05	68	189.185	1.27e-11	4087	8291	4137.769236363	8302.55110873173	38.1916829502667	Patient7b_AGATGCAAGACGTGCA-1	4137.769241593645	8302.551108900223	12.171157151251377	12.170669621491744	-5.230645001574885e-06	-1.6849298845045269e-07	52.066721366093766	True	Stroma
Patient7b	ROI05	69	1102.29	1.24e-11	4087	8291	4125.70965477035	8279.03387321497	29.7197819234866	Patient7b_AGATGCAAGACGTGCA-1	4125.709659988839	8279.033873383627	12.146804301230825	12.14623390659467	-5.218488695390988e-06	-1.686566974967718e-07	40.51697869628384	True	Stroma
Patient7b	ROI05	39	1446.24	9.45e-12	4206	8500	4164.67620471716	8522.92126138573	34.6622574660816	Patient7b_CTCTCTAACTGCCTAG-1	4164.676210005577	8522.921261593607	12.64691496351258	12.646212993629025	-5.288417014526203e-06	-2.0787592802662402e-07	47.25505560351285	True	Stroma
Patient7b	ROI05	40	348.594	7.25e-12	4206	8500	4187.86609951284	8512.17717187909	16.0222396575317	Patient7b_CTCTCTAACTGCCTAG-1	4187.866104814411	8512.177172073405	12.567136312943749	12.566480408970753	-5.301571036397945e-06	-1.943153620231897e-07	21.84311932511252	True	Stroma
Patient7b	ROI05	41	225.824	8.11e-12	4206	8500	4175.80651792019	8488.65993636233	23.6578923069622	Patient7b_CTCTCTAACTGCCTAG-1	4175.806523209606	8488.659936556807	12.533173075855604	12.532612991961496	-5.28941563970875e-06	-1.9447725208010525e-07	32.25280458208546	True	Stroma
Patient7b	ROI05	42	1685.4	1.72e-11	4206	8500	4163.74693632754	8465.14270084557	40.1785926042262	Patient7b_CTCTCTAACTGCCTAG-1	4163.7469416048025	8465.14270104021	12.500454925049844	12.499966154909751	-5.277262062008958e-06	-1.9463914213702085e-07	54.775475297347526	True	Stroma
Patient7b	ROI05	57	152.502	1.04e-11	4206	8500	4186.93683112322	8454.39861133893	36.2543910591903	Patient7b_CTCTCTAACTGCCTAG-1	4186.936836413637	8454.398611520008	12.421707542760492	12.421228733350617	-5.290416993375402e-06	-1.810785761335865e-07	49.42561133099586	True	Stroma
Patient7b	ROI05	58	47.0223	7.87e-12	4206	8500	4198.99641271586	8477.91584685569	16.9941191795052	Patient7b_CTCTCTAACTGCCTAG-1	4198.996418018442	8477.915847036604	12.45477696384433	12.454214757647572	-5.302581485011615e-06	-1.809130480978638e-07	23.168082677422262	True	Stroma
Patient7b	ROI05	59	901.286	9.69e-12	4206	8500	4211.05599430851	8501.43308237245	3.85474159781401	Patient7b_CTCTCTAACTGCCTAG-1	4211.055999623246	8501.4330825532	12.489097401451833	12.488427208554697	-5.314735972206108e-06	-1.807493390515447e-07	5.255169220292844	True	Stroma
Patient7b	ROI05	60	581.111	1.86e-11	4206	8500	4234.24588910419	8490.6889928658	21.8154234447222	Patient7b_CTCTCTAACTGCCTAG-1	4234.245894432081	8490.688993032998	12.412831042064616	12.412085074764905	-5.327890903572552e-06	-1.6719786799512806e-07	29.74096678218956	True	Stroma
Patient7b	ROI05	61	1408.34	3.64e-11	4206	8500	4222.18630751154	8467.17175734904	26.8479254898911	Patient7b_CTCTCTAACTGCCTAG-1	4222.186312827276	8467.171757516402	12.378153855479166	12.377528005964688	-5.3157364163780585e-06	-1.6736157704144716e-07	36.60177682037316	True	Stroma
Patient7b	ROI05	62	358.844	1.09e-11	4206	8500	4210.12672591889	8443.65452183228	41.4409125941152	Patient7b_CTCTCTAACTGCCTAG-1	4210.126731222472	8443.654521999804	12.344733492611056	12.344203097164668	-5.303581929183565e-06	-1.6752346709836274e-07	56.49639613956414	True	Stroma
Patient7b	ROI05	79	587.58	1.3e-11	4206	8500	4257.43578389986	8479.94490335916	40.4953474550255	Patient7b_CTCTCTAACTGCCTAG-1	4257.435789240916	8479.944903512795	12.338370104506728	12.337485770956082	-5.341055839380715e-06	-1.5363366401288658e-07	55.207307185430864	True	Stroma
Patient7b	ROI05	54	107.857	8.68e-12	4207	8361	4150.75808634527	8383.84690478865	44.5282064140386	Patient7b_TCGGTCCCGACAATAG-1	4150.758091599222	8383.846904970216	12.330104132156492	12.32972582332095	-5.253951712802518e-06	-1.815660652937368e-07	60.70530380426167	True	Stroma
Patient7b	ROI05	63	1533.07	1.16e-11	4207	8361	4198.06714432624	8420.13728631552	43.8701296852379	Patient7b_TCGGTCCCGACAATAG-1	4198.067149617667	8420.137286483206	12.312580187754389	12.312120353539056	-5.291427441989072e-06	-1.676871761446819e-07	59.80814779987702	True	Stroma
Patient7b	ROI05	64	421.452	2.32e-11	4207	8361	4186.00756273359	8396.62005079877	30.3276921607047	Patient7b_TCGGTCCCGACAATAG-1	4186.007568012862	8396.62005096661	12.281703892326146	12.2812895099164	-5.2792720452998765e-06	-1.6783997125457972e-07	41.34574272269337	True	Stroma
Patient7b	ROI05	65	560.511	1.26e-11	4207	8361	4173.94798114095	8373.10281528201	25.8183902572062	Patient7b_TCGGTCCCGACAATAG-1	4173.947986408059	8373.102815450015	12.252114260823944	12.251720017332492	-5.267108463158365e-06	-1.6800368030089885e-07	35.19821143764929	True	Stroma
Patient7b	ROI05	66	488.455	1.14e-11	4207	8361	4161.8883995483	8349.58557976525	34.1328195383337	Patient7b_TCGGTCCCGACAATAG-1	4161.888404803252	8349.585579933419	12.223820636953114	12.223421029736311	-5.254952156974468e-06	-1.6816920833662152e-07	46.53327287661258	True	Stroma
Patient7b	ROI05	74	868.047	9.72e-12	4207	8361	4197.13787593662	8362.35872577536	7.30234090135853	Patient7b_TCGGTCCCGACAATAG-1	4197.137881216892	8362.358725929811	12.175932062548592	12.175459144256257	-5.280272489471827e-06	-1.544503902550787e-07	9.955281350827397	True	Stroma
Patient7b	ROI05	75	78.4002	1.49e-11	4207	8361	4209.19745752927	8385.87596129212	18.3179275526423	Patient7b_TCGGTCCCGACAATAG-1	4209.197462821698	8385.875961446407	12.205853724970584	12.205348887587318	-5.292427886161022e-06	-1.5428668120875957e-07	24.972830632509677	True	Stroma
Patient7b	ROI05	76	22.212	6.77e-12	4207	8361	4221.25703912192	8409.39319680888	37.0055196895287	Patient7b_TCGGTCCCGACAATAG-1	4221.257044426502	8409.393196963005	12.237068376926183	12.236506220828549	-5.304582373355515e-06	-1.5412479115184397e-07	50.449624992728566	True	Stroma
Patient7b	ROI05	83	411.521	1.5e-11	4207	8361	4244.44693391759	8398.64910730224	38.9504235474877	Patient7b_TCGGTCCCGACAATAG-1	4244.446939235337	8398.6491074428	12.163397380021026	12.162669068515765	-5.317746399668977e-06	-1.4055876818019897e-07	53.10111242228368	True	Stroma
Patient7b	ROI05	84	64.9742	9.97e-12	4207	8361	4232.38735232494	8375.13187178548	21.3126916647645	Patient7b_TCGGTCCCGACAATAG-1	4232.387357630532	8375.131871926204	12.131844937726	12.131185778586708	-5.305591912474483e-06	-1.4072429621592164e-07	29.055592546562856	True	Stroma
Patient7b	ROI05	85	548.776	1.47e-11	4207	8361	4220.3277707323	8351.61463626872	11.95683436157	Patient7b_TCGGTCCCGACAATAG-1	4220.327776025728	8351.614636409608	12.101591676484658	12.100976194064256	-5.29342742083827e-06	-1.4088800526224077e-07	16.300752285130862	True	Stroma
Patient7b	ROI05	86	558.083	7.82e-12	4207	8361	4208.26818913965	8328.09740075196	24.1524466749615	Patient7b_TCGGTCCCGACAATAG-1	4208.268194420923	8328.09740089301	12.072647363288064	12.072049877067544	-5.281272933643777e-06	-1.4104989531915638e-07	32.92703055198049	True	Stroma
Patient7b	ROI05	93	693.56	1.39e-11	4207	8361	4231.45808393532	8317.35331124532	36.6994078014648	Patient7b_TCGGTCCCGACAATAG-1	4231.458089229758	8317.353311372806	11.99985827944792	11.999064869596026	-5.29443786945194e-06	-1.274856913369149e-07	50.03230265573461	True	Stroma
Patient7b	ROI05	94	54.9122	1.11e-11	4207	8361	4243.51766552797	8340.87054676208	30.5861797451802	Patient7b_TCGGTCCCGACAATAG-1	4243.5176708345625	8340.870546889404	12.029127250053396	12.028304195133911	-5.3065923566464335e-06	-1.2732380127999934e-07	41.69813884659959	True	Stroma
Patient7b	ROI06	3	250.878	9.54e-12	5662	7264	5667.97383969276	7317.07515218434	39.1772060186448	Patient7b_GCCACAATTTAAGGAC-1	5667.973845031338	7317.075151708072	7.575055913106615	7.571753385026919	-5.338578375813086e-06	4.762687240145169e-07	53.41028496521696	True	Stroma
Patient7b	ROI06	5	1909.93	2.7e-11	5662	7264	5643.66095486398	7270.26351237401	14.214896423251	Patient7b_GCCACAATTTAAGGAC-1	5643.66096018608	7270.263511917892	7.525129345019142	7.522724388551264	-5.322100150806364e-06	4.561179594020359e-07	19.379168293824183	True	Stroma
Patient7b	ROI06	6	2289.36	1.76e-11	5662	7264	5631.50451244959	7246.85769246885	25.6607726062111	Patient7b_GCCACAATTTAAGGAC-1	5631.504517763451	7246.857692022804	7.505188741146633	7.503102260097517	-5.313861038303003e-06	4.4604530557990085e-07	34.983331294056974	True	Stroma
Patient7b	ROI06	7	137.792	1.15e-11	5662	7264	5619.34807003521	7223.45187256369	43.1674097573086	Patient7b_GCCACAATTTAAGGAC-1	5619.34807534082	7223.451872127714	7.488633752849621	7.486777325634095	-5.305610102368519e-06	4.359753802418709e-07	58.85012972213893	True	Stroma
Patient7b	ROI06	13	629.697	1.23e-11	5662	7264	5654.95524940124	7236.02600999546	21.159981254389	Patient7b_GCCACAATTTAAGGAC-1	5654.95525471552	7236.026009541616	7.45836516081402	7.456677282783489	-5.31428031536052e-06	4.538442226476036e-07	28.84740244411656	True	Stroma
Patient7b	ROI06	14	2528.77	2e-11	5662	7264	5667.11169181563	7259.43182990063	5.02859052675336	Patient7b_GCCACAATTTAAGGAC-1	5667.111697138149	7259.431829436704	7.477454246048461	7.475474684966906	-5.322518518369179e-06	4.639259714167565e-07	6.855477465119472	True	Stroma
Patient7b	ROI06	15	245.673	1.12e-11	5662	7264	5679.26813423002	7282.83764980579	18.7447774771858	Patient7b_GCCACAATTTAAGGAC-1	5679.26813956078	7282.837649331794	7.499928279295102	7.497568761295524	-5.330759449861944e-06	4.739958967547864e-07	25.554755134642985	True	Stroma
Patient7b	ROI06	16	96.3088	8.1e-12	5662	7264	5691.42457664441	7306.24346971095	37.7622124171306	Patient7b_GCCACAATTTAAGGAC-1	5691.424581983409	7306.2434692268835	7.525756935386025	7.522930465842394	-5.338998562365305e-06	4.84066731587518e-07	51.481224188268186	True	Stroma
Patient7b	ROI06	23	117.525	9.2e-12	5662	7264	5714.87531359606	7295.41178723757	45.1126132920934	Patient7b_GCCACAATTTAAGGAC-1	5714.875318935478	7295.411786745694	7.4799020466983475	7.477457572061312	-5.339418748917524e-06	4.918756530969404e-07	61.50202570111018	True	Stroma
Patient7b	ROI06	24	2584.5	2.03e-11	5662	7264	5702.71887118167	7272.0059673324	30.4397107024869	Patient7b_GCCACAATTTAAGGAC-1	5702.7188765128485	7272.005966850606	7.45489395374555	7.45289066826113	-5.331178726919461e-06	4.817948138224892e-07	41.4984576006974	True	Stroma
Patient7b	ROI06	25	68.6495	8.72e-12	5662	7264	5690.56242876728	7248.60014742724	23.8021457277291	Patient7b_GCCACAATTTAAGGAC-1	5690.56243409022	7248.600146955515	7.43326604919398	7.4316160276821615	-5.3229396144161e-06	4.717248884844594e-07	32.449465270612535	True	Stroma
Patient7b	ROI06	26	2103.68	1.14e-11	5662	7264	5678.40598635289	7225.19432752208	30.9038240161444	Patient7b_GCCACAATTTAAGGAC-1	5678.40599166759	7225.194327060426	7.415047910683137	7.413661993341937	-5.314699592418037e-06	4.6165405365172774e-07	42.131183281208735	True	Stroma
Patient7b	ROI06	27	893.896	1.33e-11	5662	7264	5666.2495439385	7201.78850761691	45.7393548312757	Patient7b_GCCACAATTTAAGGAC-1	5666.249549244962	7201.788507165337	7.400264720972562	7.399052737946598	-5.306461389409378e-06	4.5157230488257483e-07	62.35646244148688	True	Stroma
Patient7b	ROI06	33	923.457	1.4e-11	5662	7264	5701.85672330454	7214.36264504869	46.6945376586154	Patient7b_GCCACAATTTAAGGAC-1	5701.85672861966	7214.362644579238	7.375298772068836	7.37411606101442	-5.315120688464958e-06	4.694520612247288e-07	63.65866318999305	True	Stroma
Patient7b	ROI06	34	1225.08	1.43e-11	5662	7264	5714.01316571893	7237.76846495385	42.7297266080493	Patient7b_GCCACAATTTAAGGAC-1	5714.013171042289	7237.768464474327	7.392627281848006	7.391208783282238	-5.323358891473617e-06	4.795228960574605e-07	58.25343628475776	True	Stroma
Patient7b	ROI06	35	360.031	1.08e-11	5662	7264	5726.16960813331	7261.17428485902	47.1149367910993	Patient7b_GCCACAATTTAAGGAC-1	5726.169613464919	7261.174284369416	7.413388924269743	7.411644673997662	-5.3316089179134e-06	4.896037353319116e-07	64.23179332729671	True	Stroma
Patient7b	ROI06	10	2089.57	1.64e-11	5663	7125	5618.48592215808	7165.80855027997	44.2962512490927	Patient7b_TGAGTGCCTCTTAAAT-1	5618.485927447632	7165.808549856347	7.421645630292751	7.420293693258063	-5.289552063914016e-06	4.2362353269709285e-07	60.38907932788331	True	Stroma
Patient7b	ROI06	28	1154.31	1.03e-11	5663	7125	5654.09310152411	7178.38268771175	39.6982650529053	Patient7b_TGAGTGCCTCTTAAAT-1	5654.093106822332	7178.382687270248	7.388937097197019	7.387808104240338	-5.2982213674113154e-06	4.41502379544545e-07	54.12064474662159	True	Stroma
Patient7b	ROI06	29	5103.22	2.68e-11	5663	7125	5641.93665910972	7154.97686780659	26.8738339098162	Patient7b_TGAGTGCCTCTTAAAT-1	5641.936664399703	7154.976867375159	7.381080948974614	7.37994347200675	-5.289983164402656e-06	4.3143154471181333e-07	36.637097769254936	True	Stroma
Patient7b	ROI06	30	160.794	1.17e-11	5663	7125	5665.38739606137	7144.1451853332	14.1520316385419	Patient7b_TGAGTGCCTCTTAAAT-1	5665.3874013517725	7144.14518489397	7.344130983503802	7.343107535891647	-5.290402441460174e-06	4.392304617795162e-07	19.29346473281624	True	Stroma
Patient7b	ROI06	31	11065.9	3.65e-11	5663	7125	5677.54383847576	7167.55100523837	32.9845901159961	Patient7b_TGAGTGCCTCTTAAAT-1	5677.5438437744015	7167.551004789059	7.351033455545456	7.350048855899597	-5.298641553963535e-06	4.4931039155926566e-07	44.967891705135145	True	Stroma
Patient7b	ROI06	49	768.436	1.34e-11	5663	7125	5688.83813301302	7133.31350285982	19.9095209932459	Patient7b_TGAGTGCCTCTTAAAT-1	5688.838138303841	7133.313502412781	7.310850541782181	7.30983901294462	-5.290821718517691e-06	4.470384737942368e-07	27.142649970088176	True	Stroma
Patient7b	ROI06	50	3007.99	1.14e-11	5663	7125	5712.28886996467	7122.48182038643	36.2012434739336	Patient7b_TGAGTGCCTCTTAAAT-1	5712.288875255912	7122.481819931593	7.281289940633107	7.280186809726119	-5.29124190506991e-06	4.5483648136723787e-07	49.35315522801312	True	Stroma
Patient7b	ROI06	20	72.0215	8.34e-12	5782	7334	5751.34464083922	7365.62924695305	32.3092869195237	Patient7b_TTGAGAGTACTGCTAA-1	5751.344646203365	7365.629246430962	7.574850051766291	7.570569887490488	-5.364145181374624e-06	5.220881575951353e-07	44.04725085738528	True	Stroma
Patient7b	ROI06	22	190.718	7.87e-12	5782	7334	5727.03175601044	7318.81760714273	41.8296947293886	Patient7b_TTGAGAGTACTGCTAA-1	5727.031761358106	7318.817606640784	7.508256552484806	7.505284409645801	-5.347666046873201e-06	5.019455784349702e-07	57.02642282458411	True	Stroma
Patient7b	ROI06	36	614.176	1.7e-11	5782	7334	5738.3260505477	7284.58010476418	48.3771422236175	Patient7b_TTGAGAGTACTGCTAA-1	5738.326055887547	7284.580104264505	7.437554949024937	7.435396167515163	-5.339847120922059e-06	4.996745701646432e-07	65.95255799346592	True	Stroma
Patient7b	ROI06	37	5583.6	4.58e-11	5782	7334	5750.48249296209	7307.98592466934	29.9762913019464	Patient7b_TTGAGAGTACTGCTAA-1	5750.482498310177	7307.985924159595	7.465092294149068	7.462431605111851	-5.3480871429201216e-06	5.097454049973749e-07	40.86667793195258	True	Stroma
Patient7b	ROI06	38	382.531	1.26e-11	5782	7334	5762.63893537648	7331.3917445745	14.3299070024188	Patient7b_TTGAGAGTACTGCTAA-1	5762.638940732806	7331.391744054685	7.495963804853969	7.4927154391994	-5.3563262554234825e-06	5.198153303354047e-07	19.535962216404243	True	Stroma
Patient7b	ROI06	39	2191.57	2.6e-11	5782	7334	5774.79537779087	7354.79756447967	16.1447351530025	Patient7b_TTGAGAGTACTGCTAA-1	5774.795383155436	7354.797563949774	7.530128473692597	7.526208457346492	-5.364566277421545e-06	5.298961696098559e-07	22.01011743408732	True	Stroma
Patient7b	ROI06	40	790.418	1.22e-11	5782	7334	5798.24611474252	7343.96588200628	13.9802325184309	Patient7b_TTGAGAGTACTGCTAA-1	5798.246120107506	7343.965881468584	7.488904336934759	7.485249130345265	-5.364985554479063e-06	5.376950866775587e-07	19.05925099237159	True	Stroma
Patient7b	ROI06	41	1021.43	1.44e-11	5782	7334	5786.08967232813	7320.56006210112	10.3046968118031	Patient7b_TTGAGAGTACTGCTAA-1	5786.089677684875	7320.560061573496	7.455530107943709	7.452521619380906	-5.356744622986298e-06	5.276242518448271e-07	14.04839316353397	True	Stroma
Patient7b	ROI06	42	61.9667	9.59e-12	5782	7334	5773.93322991374	7297.15424219596	27.6670326468302	Patient7b_TTGAGAGTACTGCTAA-1	5773.933235262246	7297.154241678407	7.4254738082002865	7.423027167545382	-5.348505510482937e-06	5.175534170120955e-07	37.71846560742534	True	Stroma
Patient7b	ROI06	43	1325.68	1.69e-11	5782	7334	5761.77678749935	7273.74842229079	46.6184583460476	Patient7b_TTGAGAGTACTGCTAA-1	5761.776792839618	7273.748421783317	7.398775873426629	7.3968044500085055	-5.34026821696898e-06	5.074725777376443e-07	63.554944263176495	True	Stroma
Patient7b	ROI06	57	1098.98	1.15e-11	5782	7334	5797.38396686539	7286.32255972257	36.7475621904188	Patient7b_TTGAGAGTACTGCTAA-1	5797.383972214317	7286.322559197219	7.389458126699478	7.3871262800297295	-5.348926606529858e-06	5.253514245850965e-07	50.09795153420262	True	Stroma
Patient7b	ROI06	58	139.362	1.41e-11	5782	7334	5809.54040927978	7309.72837962773	26.9269250800144	Patient7b_TTGAGAGTACTGCTAA-1	5809.540414636946	7309.728379092307	7.418676218241457	7.415809315220207	-5.357165719033219e-06	5.354231689125299e-07	36.70947696158839	True	Stroma
Patient7b	ROI06	59	2649.09	2.05e-11	5782	7334	5821.69685169417	7333.1341995329	29.1251318550577	Patient7b_TTGAGAGTACTGCTAA-1	5821.696857059575	7333.134198987396	7.4512356907479615	7.447748036895423	-5.36540483153658e-06	5.455040081869811e-07	39.7062922580003	True	Stroma
Patient7b	ROI06	60	2032.69	2.69e-11	5782	7334	5845.14758864581	7322.30251705951	47.1076605880181	Patient7b_TTGAGAGTACTGCTAA-1	5845.147594011645	7322.302516506208	7.417176705746203	7.4137576556473155	-5.365835022530519e-06	5.533020157599822e-07	64.22187367963897	True	Stroma
Patient7b	ROI06	45	780.499	1.35e-11	5783	7195	5737.46390267057	7226.93678248047	40.797468973168	Patient7b_ATATTCAGTTAAACCT-1	5737.463907994359	7226.936781993139	7.355596774730025	7.354309841927996	-5.323789082467556e-06	4.87330908072181e-07	55.61918945112564	True	Stroma
Patient7b	ROI06	46	317.184	1.05e-11	5783	7195	5725.30746025618	7203.53096257531	42.7784518294304	Patient7b_ATATTCAGTTAAACCT-1	5725.30746557173	7203.53096209805	7.339175720113654	7.338095576438295	-5.315549969964195e-06	4.772600732394494e-07	58.31986337907159	True	Stroma
Patient7b	ROI06	54	3095.0	2.93e-11	5783	7195	5760.91463962222	7216.10510000708	22.4074908954451	Patient7b_ATATTCAGTTAAACCT-1	5760.91464494643	7216.10509951195	7.322229271907972	7.320972251138084	-5.324209269019775e-06	4.951298251398839e-07	30.548132337759245	True	Stroma
Patient7b	ROI06	63	246.308	9.99e-12	5783	7195	5808.67826140265	7252.08505734402	45.9139907116745	Patient7b_ATATTCAGTTAAACCT-1	5808.678266743758	7252.08505682094	7.33214303445352	7.330244355594979	-5.341108590073418e-06	5.230804163147695e-07	62.594543537219664	True	Stroma
Patient7b	ROI06	64	140.897	9.32e-12	5783	7195	5796.52181898826	7228.67923743886	26.6209156221809	Patient7b_ATATTCAGTTAAACCT-1	5796.521824321128	7228.679236925851	7.31062518998176	7.309056164943374	-5.332867658580653e-06	5.130086719873361e-07	36.29229426771407	True	Stroma
Patient7b	ROI06	65	61.1247	8.9e-12	5783	7195	5784.36537657387	7205.2734175337	7.60196014450032	Patient7b_ATATTCAGTTAAACCT-1	5784.3653818984985	7205.273417030761	7.292575054274376	7.291244861519423	-5.324628546077292e-06	5.029387466493063e-07	10.363752264995906	True	Stroma
Patient7b	ROI06	66	2725.15	1.53e-11	5783	7195	5772.20893415948	7181.86759762853	12.4677380265098	Patient7b_ATATTCAGTTAAACCT-1	5772.20893947587	7181.867597135672	7.278018428059405	7.276835241898887	-5.316389433573932e-06	4.928588168695569e-07	16.997267251550078	True	Stroma
Patient7b	ROI06	67	124.28	8.25e-12	5783	7195	5760.05249174509	7158.46177772337	31.6486528771849	Patient7b_ATATTCAGTTAAACCT-1	5760.052497053241	7158.461777240582	7.266976305124297	7.265847544754966	-5.3081503210705705e-06	4.827879820368253e-07	43.14660846747503	True	Stroma
Patient7b	ROI06	72	1180.62	1.26e-11	5783	7195	5783.50322869674	7147.63009524999	34.7484615788789	Patient7b_ATATTCAGTTAAACCT-1	5783.50323400531	7147.630094759394	7.243005648459023	7.241637868563263	-5.30857050762279e-06	4.905959940515459e-07	47.372577670486535	True	Stroma
Patient7b	ROI06	73	79.6663	8.7e-12	5783	7195	5795.65967111113	7171.03591515515	19.8800586286743	Patient7b_ATATTCAGTTAAACCT-1	5795.65967642794	7171.035914654483	7.253077688417052	7.251686464465175	-5.316810529620852e-06	5.006668288842775e-07	27.10248392847291	True	Stroma
Patient7b	ROI06	74	65.3503	9.97e-12	5783	7195	5807.81611352552	7194.44173506031	18.2075787529263	Patient7b_ATATTCAGTTAAACCT-1	5807.816118850568	7194.441734549573	7.266679582033013	7.2651719895111375	-5.32504782313481e-06	5.107367542223074e-07	24.82239211386377	True	Stroma
Patient7b	ROI06	75	192.313	9.51e-12	5783	7195	5819.97255593991	7217.84755496547	31.8802942425616	Patient7b_ATATTCAGTTAAACCT-1	5819.972561273198	7217.847554444662	7.283791554182236	7.282075349391737	-5.3332878451328725e-06	5.208084985497408e-07	43.46240514087996	True	Stroma
Patient7b	ROI06	84	616.009	9.94e-12	5783	7195	5843.42329289155	7207.01587249209	45.1892149701413	Patient7b_ATATTCAGTTAAACCT-1	5843.423298225268	7207.015871963474	7.260741694553579	7.258773742443362	-5.333718036126811e-06	5.286165105644614e-07	61.60645676878513	True	Stroma
Patient7b	ROI06	86	863.262	1.26e-11	5783	7195	5819.11040806278	7160.20423268176	36.783433048829	Patient7b_ATATTCAGTTAAACCT-1	5819.11041338001	7160.204232173295	7.23194935568039	7.230244636104495	-5.31722980667837e-06	5.084648364572786e-07	50.146854275473714	True	Stroma
Patient7b	ROI06	87	2048.13	1.51e-11	5783	7195	5806.95396564839	7136.7984127766	46.1660688325684	Patient7b_ATATTCAGTTAAACCT-1	5806.95397095738	7136.798412278205	7.222858772110403	7.221146236785537	-5.308989784680307e-06	4.983949111192487e-07	62.93820163944359	True	Stroma
Patient7b	ROI06	70	1314.76	1.79e-11	5784	7057	5759.19034386796	7100.81845543966	36.9357470946352	Patient7b_ATCAGACGGCACGCCG-1	5759.190349160052	7100.818454969215	7.233504942402147	7.231903870816404	-5.292092282616068e-06	4.704452294390649e-07	50.35450401411535	True	Stroma
Patient7b	ROI06	88	5897.38	3.3e-11	5784	7057	5794.797523234	7113.39259287144	42.1161832288268	Patient7b_ATCAGACGGCACGCCG-1	5794.797528534751	7113.392592383117	7.217324799653746	7.215510955361213	-5.300750672176946e-06	4.883231667918153e-07	57.416992595857366	True	Stroma
Patient7b	ROI06	89	28.167	5.49e-12	5784	7057	5782.64108081961	7089.98677296627	24.2167916357709	Patient7b_ATCAGACGGCACGCCG-1	5782.641086112122	7089.986772488027	7.215355621773606	7.213346908308619	-5.292512469168287e-06	4.782432370120659e-07	33.014752037037645	True	Stroma
Patient7b	ROI06	78	41.3222	6.87e-12	5903	7266	5856.44188318307	7288.06501468096	37.792169255029	Patient7b_CTCCGCCCACATGAGG-1	5856.441888541085	7288.06501412993	7.355917859384322	7.353032902005429	-5.358015187084675e-06	5.510300979949534e-07	51.52206434538416	True	Stroma
Patient7b	ROI06	79	535.67	9e-12	5903	7266	5868.59832559746	7311.47083458613	41.8236430270206	Patient7b_CTCCGCCCACATGAGG-1	5868.598330963715	7311.470834025019	7.386777312422763	7.3833264732167505	-5.3662552090827376e-06	5.611109372694045e-07	57.01817253874055	True	Stroma
Patient7b	ROI06	80	616.826	1.07e-11	5903	7266	5892.04906254911	7300.63915211274	26.647816067545	Patient7b_CTCCGCCCACATGAGG-1	5892.049067915785	7300.639151543831	7.360082856616149	7.356498659102849	-5.366674486140255e-06	5.689089448424056e-07	36.32896764488122	True	Stroma
Patient7b	ROI06	81	775.939	1.69e-11	5903	7266	5879.89262013472	7277.23333220758	18.8463035021529	Patient7b_CTCCGCCCACATGAGG-1	5879.892625493155	7277.233331648742	7.330107136752566	7.327060024585243	-5.358434464142192e-06	5.58838110009674e-07	25.69316556448793	True	Stroma
Patient7b	ROI06	82	306.656	2.65e-11	5903	7266	5867.73617772033	7253.82751230241	27.364178303114	Patient7b_CTCCGCCCACATGAGG-1	5867.736183070527	7253.827511753651	7.303534259480481	7.300936555342741	-5.350197170628235e-06	5.487581802299246e-07	37.30558428064317	True	Stroma
Patient7b	ROI06	97	413.036	9.59e-12	5903	7266	5891.18691467198	7242.99582982903	18.9686963883081	Patient7b_CTCCGCCCACATGAGG-1	5891.186920022596	7242.995829272463	7.282412379484481	7.279519135458532	-5.35061553819105e-06	5.56567101739347e-07	25.8600237861842	True	Stroma
Patient7b	ROI06	98	100.924	8.32e-12	5903	7266	5903.34335708637	7266.40164973419	0.387595905637411	Patient7b_CTCCGCCCACATGAGG-1	5903.343362445225	7266.401649167553	7.308063049290444	7.304750497287366	-5.358854650694411e-06	5.666370270773768e-07	0.5284094981501526	True	Stroma
Patient7b	ROI07	11	8081.31	7.06e-11	6036	5535	5980.8170723604	5517.08621361911	42.5568469151692	Patient7b_GAATCTGAACATTCTC-1	5980.81707728697	5517.086213182794	8.623554486542806	8.622259683323556	-4.926569999952335e-06	4.3631553126033406e-07	58.01774939945112	True	Stroma
Patient7b	ROI07	12	1664.33	1.34e-11	6036	5535	5992.93282387925	5540.40583743926	31.8382772689476	Patient7b_GAATCTGAACATTCTC-1	5992.932828806839	5540.4058369798495	8.566780616297642	8.565588606679716	-4.927589543513022e-06	4.594103302224539e-07	43.40512340076273	True	Stroma
Patient7b	ROI07	13	3280.1	3.04e-11	6036	5535	6005.04857539811	5563.72546125942	30.9743091450746	Patient7b_GAATCTGAACATTCTC-1	6005.0485803267065	5563.7254607769055	8.513262064776983	8.51206976035058	-4.928596354147885e-06	4.825142241315916e-07	42.227275657481066	True	Stroma
Patient7b	ROI07	24	4110.27	2.11e-11	6036	5535	6052.71270060772	5599.40341604196	48.805519019504	Patient7b_GAATCTGAACATTCTC-1	6052.712705530184	5599.403415507952	8.436266740454267	8.435002847315031	-4.922464540868532e-06	5.340079951565713e-07	66.53656407928669	True	Stroma
Patient7b	ROI07	25	96.6548	8.27e-12	6036	5535	6040.59694908887	5576.0837922218	30.3236068722307	Patient7b_GAATCTGAACATTCTC-1	6040.596954010316	5576.083791710896	8.484111309902083	8.483020591886284	-4.921445906802546e-06	5.109041012474336e-07	41.34017324890737	True	Stroma
Patient7b	ROI07	26	1821.12	1.58e-11	6036	5535	6028.48119757001	5552.76416840164	14.1493755405359	Patient7b_GAATCTGAACATTCTC-1	6028.481202490448	5552.764167913839	8.535312275009003	8.53428854588942	-4.92043727717828e-06	4.878011168329976e-07	19.2898436744064	True	Stroma
Patient7b	ROI07	27	332.455	1.37e-11	6036	5535	6016.36544605116	5529.44454458149	14.9676240632793	Patient7b_GAATCTGAACATTCTC-1	6016.365450970579	5529.4445441167845	8.589809616948873	8.588748506075314	-4.919419552606996e-06	4.647054083761759e-07	20.405361885469464	True	Stroma
Patient7b	ROI07	30	6210.19	3.43e-11	6036	5535	6015.56656518534	5471.8440040834	48.6901282680947	Patient7b_GAATCTGAACATTCTC-1	6015.566570094585	5471.844003659608	8.736206859379969	8.73475004504403	-4.909245035378262e-06	4.237926987116225e-07	66.37925186790326	True	Stroma
Patient7b	ROI07	31	4219.39	2.82e-11	6036	5535	6027.6823167042	5495.16362790356	29.85069989873	Patient7b_GAATCTGAACATTCTC-1	6027.682321614452	5495.163627456663	8.67439546978746	8.673213966173243	-4.910251846013125e-06	4.46897502115462e-07	40.69545917194248	True	Stroma
Patient7b	ROI07	33	30.5459	6.88e-12	6036	5535	6051.91381974191	5541.80287554387	12.6948577859781	Patient7b_GAATCTGAACATTCTC-1	6051.913824654188	5541.802875050774	8.560279075488376	8.559347912791656	-4.912278200208675e-06	4.930961949867196e-07	17.306899619613546	True	Stroma
Patient7b	ROI07	34	6949.56	6.44e-11	6036	5535	6064.02957126077	5565.12249936403	30.1814322106803	Patient7b_GAATCTGAACATTCTC-1	6064.029576174057	5565.122498847829	8.508101577780291	8.507141160682202	-4.913286829832941e-06	5.162009983905591e-07	41.14634653281604	True	Stroma
Patient7b	ROI07	35	250.663	7.39e-12	6036	5535	6076.14532277963	5588.44212318418	49.0287623118988	Patient7b_GAATCTGAACATTCTC-1	6076.145327693925	5588.442122644885	8.459259410599019	8.458164225014459	-4.914294549962506e-06	5.392948878579773e-07	66.84091165980405	True	Stroma
Patient7b	ROI07	45	2942.67	4.2e-11	6036	5535	6087.46219343267	5554.16120650625	40.2799472651188	Patient7b_GAATCTGAACATTCTC-1	6087.462198337797	5554.161205984764	8.535006606138198	8.534100387355835	-4.905127752863336e-06	5.214860721025616e-07	54.9136521065269	True	Stroma
Patient7b	ROI07	48	705.315	1.45e-11	6036	5535	6051.1149388761	5484.20233504578	38.875316002001	Patient7b_GAATCTGAACATTCTC-1	6051.114943778192	5484.202334593598	8.704091308872052	8.702855233981031	-4.90209276904352e-06	4.521825758274645e-07	52.99871830553442	True	Stroma
Patient7b	ROI07	52	3716.41	2.01e-11	6036	5535	6086.66331256686	5496.56066600817	46.6480105804664	Patient7b_GAATCTGAACATTCTC-1	6086.663317461802	5496.560665527587	8.676146152425533	8.675028359349694	-4.89494141220348e-06	4.805833668797277e-07	63.59523282434645	True	Stroma
Patient7b	ROI07	53	2073.07	1.46e-11	6036	5535	6098.77906408572	5519.88028982832	47.3660357300917	Patient7b_GAATCTGAACATTCTC-1	6098.779068981671	5519.880289324643	8.618858102836061	8.617886463193583	-4.895950951322448e-06	5.036772563471459e-07	64.5741165108324	True	Stroma
Patient7b	ROI07	66	1660.51	1.91e-11	6157	5466	6122.21168625762	5508.91899697055	40.5247021175209	Patient7b_GCGCCGTTCCACGATA-1	6122.21169114541	5508.918996461577	8.652411798167995	8.651308674707417	-4.887790055363439e-06	5.089732439955696e-07	55.24732639681622	True	Stroma
Patient7b	ROI07	67	341.686	1.17e-11	6157	5466	6110.09593473876	5485.59937315039	37.2876894138131	Patient7b_GCGCCGTTCCACGATA-1	6110.095939625542	5485.599372664521	8.710579858184419	8.709295899807234	-4.886782335233875e-06	4.85869350086432e-07	50.83430697785629	True	Stroma
Patient7b	ROI07	70	326.496	1.16e-11	6157	5466	6109.29705387295	5427.99883265231	44.7363116514945	Patient7b_GCGCCGTTCCACGATA-1	6109.2970587495465	5427.998832207344	8.875115132470693	8.872872396849424	-4.87659690406872e-06	4.449657353688963e-07	60.98901367449243	True	Stroma
Patient7b	ROI07	71	1065.04	1.03e-11	6157	5466	6121.41280539181	5451.31845647247	28.2378808635775	Patient7b_GCGCCGTTCCACGATA-1	6121.412810269416	5451.318456004399	8.809926059495545	8.808091357109026	-4.877605533692986e-06	4.6807053877273574e-07	38.49670298131952	True	Stroma
Patient7b	ROI07	73	133.987	1.27e-11	6157	5466	6145.64430842952	5497.95770411278	24.8773456992222	Patient7b_GCGCCGTTCCACGATA-1	6145.644313309152	5497.95770359851	8.688765299126615	8.687457787288963	-4.879631887888536e-06	5.142701411386952e-07	33.91528539175075	True	Stroma
Patient7b	ROI07	85	3777.69	5.07e-11	6157	5466	6181.19268212028	5510.31603507516	37.0348210421521	Patient7b_GCGCCGTTCCACGATA-1	6181.192686992761	5510.3160345325	8.671187617769991	8.669752446241587	-4.872481440543197e-06	5.426600182545371e-07	50.48957152675858	True	Stroma
Patient7b	ROI07	87	312.813	1.21e-11	6157	5466	6156.96117908257	5463.67678743485	1.70434745952504	Patient7b_GCGCCGTTCCACGATA-1	6156.961183953025	5463.676786938389	8.787734235333733	8.785902920304506	-4.870455086347647e-06	4.964604158885777e-07	2.323536891573289	True	Stroma
Patient7b	ROI07	88	1962.05	1.63e-11	6157	5466	6144.84542756371	5440.35716361469	20.8153810145922	Patient7b_GCGCCGTTCCACGATA-1	6144.845432433156	5440.357163141333	8.850675465782087	8.848499725317014	-4.869446456723381e-06	4.7335652197944e-07	28.37760893720289	True	Stroma
Patient7b	ROI07	89	861.621	1.34e-11	6157	5466	6132.72967604486	5417.03753979454	40.0848677279786	Patient7b_GCGCCGTTCCACGATA-1	6132.729680913288	5417.037539344278	8.916641863433483	8.914027257465278	-4.868427822657395e-06	4.5026172301732004e-07	54.6477001735545	True	Stroma
Patient7b	ROI07	90	637.345	8.94e-12	6157	5466	6156.16229821676	5406.07624693676	43.9592225386898	Patient7b_GCGCCGTTCCACGATA-1	6156.162303077029	5406.076246481212	8.96081654743779	8.957762312719767	-4.86026874568779e-06	4.555477062240243e-07	59.9296080870032	True	Stroma
Patient7b	ROI07	91	1647.75	2.29e-11	6157	5466	6168.27804973562	5429.39587075692	28.0951925201859	Patient7b_GCGCCGTTCCACGATA-1	6168.278054596897	5429.395870278268	8.894099886857104	8.89151436769794	-4.861277375312056e-06	4.78651600133162e-07	38.30217596277292	True	Stroma
Patient7b	ROI07	92	2191.59	2.07e-11	6157	5466	6180.39380125447	5452.71549457708	19.7334154862671	Patient7b_GCGCCGTTCCACGATA-1	6180.393806116765	5452.715494075324	8.830382500681688	8.828172355859058	-4.862294190388639e-06	5.017564035370015e-07	26.902565332422405	True	Stroma
Patient7b	ROI07	93	258.156	1.14e-11	6157	5466	6192.50955277333	5476.03511839723	27.0668945065373	Patient7b_GCGCCGTTCCACGATA-1	6192.509557636634	5476.035117872379	8.769729763778155	8.767799258223704	-4.863303729507607e-06	5.248512024991214e-07	36.900297280758295	True	Stroma
Patient7b	ROI07	94	345.103	8.96e-12	6157	5466	6204.62530429219	5499.35474221739	42.6493507238913	Patient7b_GCGCCGTTCCACGATA-1	6204.625309156502	5499.354741669435	8.712205682916627	8.71045680858592	-4.864312359131873e-06	5.479550964082591e-07	58.14385984188009	True	Stroma
Patient7b	ROI07	80	649.433	2.28e-11	6276	5675	6241.77143971457	5626.91415417594	43.2950102854826	Patient7b_CTGCCATGCATCACAT-1	6241.771444592103	5626.914153517778	8.437129038588711	8.434883135466826	-4.877532774116844e-06	6.581622074008919e-07	59.02408752220216	True	Stroma
Patient7b	ROI07	99	1358.65	1.7e-11	6276	5675	6265.20406188647	5615.95286131817	44.0299041046928	Patient7b_CTGCCATGCATCACAT-1	6265.204066755844	5615.952860654713	8.47362420550645	8.471244721561698	-4.869373697147239e-06	6.634572855546139e-07	60.02596826592983	True	Stroma
Patient05	ROI01	0	35.1077	6.70421e-12	6459	9771	6455.01444369402	9731.06050901496	29.4416910670825	Patient05_CGCCAAGAAGCCGAGT-1	6455.014455421149	9731.06054712939	13.045708922155717	13.045511575175473	-1.172712927655084e-05	-3.811442911683116e-05	40.13785743175903	True	Stroma
Patient05	ROI01	3	46.3378	8.8759e-12	6459	9771	6460.32395767161	9811.09014098053	29.4227217461899	Patient05_CGCCAAGAAGCCGAGT-1	6460.323969427022	9811.090179417886	13.237472757118589	13.237363981766055	-1.1755412742786577e-05	-3.843735612463206e-05	40.11199655657887	True	Stroma
Patient05	ROI01	16	16.2164	5.72983e-12	6459	9771	6433.62426358993	9811.91429903359	35.3147917623144	Patient05_CGCCAAGAAGCCGAGT-1	6433.62427524182	9811.914337480915	13.335618396901053	13.335516462185318	-1.1651890417851972e-05	-3.8447326005552895e-05	48.14465560956215	True	Stroma
Patient05	ROI01	17	30.582	7.0374e-12	6459	9771	6431.8544255974	9785.23775504507	22.4842868245599	Patient05_CGCCAAGAAGCCGAGT-1	6431.854437239863	9785.237793384753	13.263361754348097	13.263236234539546	-1.1642462595773397e-05	-3.833968185062986e-05	30.65282822792171	True	Stroma
Patient05	ROI01	18	25.7361	6.97804e-12	6459	9771	6430.08458760487	9758.56121105654	23.0890967417245	Patient05_CGCCAAGAAGCCGAGT-1	6430.084599237905	9758.561249288585	13.19997798320056	13.199818571650018	-1.163303568318952e-05	-3.823204497166444e-05	31.47736558799671	True	Stroma
Patient05	ROI01	19	16.8309	6.02856e-12	6459	9771	6428.31474961234	9731.88466706802	36.4667550000626	Patient05_CGCCAAGAAGCCGAGT-1	6428.314761235948	9731.88470519242	13.145595430355868	13.145391741862907	-1.162360786111094e-05	-3.81244008167414e-05	49.71512709159106	True	Stroma
Patient05	ROI01	21	12.0376	6.05507e-12	6459	9771	6403.38489352319	9759.3853691096	41.6745839846393	Patient05_CGCCAAGAAGCCGAGT-1	6403.384905052703	9759.385407351616	13.301889974981666	13.301718318860605	-1.1529513358254915e-05	-3.824201667157468e-05	56.81496034626068	True	Stroma
Patient05	ROI01	22	70.721	7.52637e-12	6459	9771	6405.15473151572	9786.06191309813	41.0123967550304	Patient05_CGCCAAGAAGCCGAGT-1	6405.154743054661	9786.06195144778	13.3646891050516	13.364555714121488	-1.1538940270838792e-05	-3.834964991256129e-05	55.91220049613308	True	Stroma
Patient05	ROI01	5	24.6545	7.85549e-12	6457	9909	6463.86363365667	9864.44322895757	33.0685227560527	Patient05_TCGGGATTCAAACATA-1	6463.863645430937	9864.443267610215	13.409467841592685	13.409366919955806	-1.177426747744903e-05	-3.865264443447813e-05	45.08231707333194	True	Stroma
Patient05	ROI01	8	30.3982	6.7557e-12	6457	9909	6469.17314763426	9944.47286092314	27.5093217285317	Patient05_TCGGGATTCAAACATA-1	6469.17315943681	9944.472899898712	13.730371170460742	13.730208894660995	-1.1802550034190062e-05	-3.897557144227903e-05	37.50345831250728	True	Stroma
Patient05	ROI01	9	26.6445	8.24533e-12	6457	9909	6470.94298562679	9971.14940491166	46.7206289764504	Patient05_TCGGGATTCAAACATA-1	6470.942997438768	9971.149443994876	13.853353174205358	13.853151949861184	-1.181197785626864e-05	-3.908321559720207e-05	63.69423348359289	True	Stroma
Patient05	ROI01	11	129.609	8.98965e-12	6457	9909	6442.47345355258	9945.2970189762	28.6774449046492	Patient05_TCGGGATTCAAACATA-1	6442.473465251607	9945.29705796174	13.824528346498624	13.824395139845471	-1.169902679976076e-05	-3.898554132319987e-05	39.09596063850664	True	Stroma
Patient05	ROI01	12	37.7881	6.36663e-12	6457	9909	6440.70361556005	9918.62047498768	13.8811772618609	Patient05_TCGGGATTCAAACATA-1	6440.70362724965	9918.620513865577	13.710309892390931	13.710202151176905	-1.1689599887176882e-05	-3.887789534928743e-05	18.924208961095783	True	Stroma
Patient05	ROI01	13	34.3201	7.76439e-12	6457	9909	6438.93377756752	9891.94393099915	18.2245141399571	Patient05_TCGGGATTCAAACATA-1	6438.933789247692	9891.94396976941	13.604125014824696	13.604033368121952	-1.1680172065098304e-05	-3.877026028931141e-05	24.845480127008543	True	Stroma
Patient05	ROI01	14	31.6811	6.98353e-12	6457	9909	6437.16393957499	9865.26738701063	35.2240450068707	Patient05_TCGGGATTCAAACATA-1	6437.163951245735	9865.267425673246	13.506163194034915	13.506078022397988	-1.1670745152514428e-05	-3.866261613438837e-05	48.02094055787187	True	Stroma
Patient05	ROI01	26	13.8746	7.60684e-12	6457	9909	6412.23408348584	9892.76808905221	34.9283921704796	Patient05_TCGGGATTCAAACATA-1	6412.234095062491	9892.76812783244	13.702537504445388	13.702455778250387	-1.1576651559153106e-05	-3.878023017023224e-05	47.61787704601888	True	Stroma
Patient05	ROI01	30	25.8514	8.31843e-12	6336	9975	6390.84390338175	9973.62187907084	40.2414841946196	Patient05_GCTACAGTACGGACCG-1	6390.843914883161	9973.621918183966	14.140472742469145	14.140341487499963	-1.1501410881464835e-05	-3.9113125239964575e-05	54.86121540252416	True	Stroma
Patient05	ROI01	47	52.8144	9.52985e-12	6336	9975	6360.60453331501	9921.09294914686	43.4656144099039	Patient05_GCTACAGTACGGACCG-1	6360.604544694044	9921.092988054665	14.01030506121572	14.010210519847176	-1.137903473136248e-05	-3.890780499204993e-05	59.25667212502302	True	Stroma
Patient05	ROI01	48	188.209	9.69269e-12	6336	9975	6362.37437130754	9947.76949313538	27.8069440886539	Patient05_GCTACAGTACGGACCG-1	6362.374382696002	9947.769532150827	14.121809716229963	14.12170312339633	-1.1388461643946355e-05	-3.901544914697297e-05	37.90920687606265	True	Stroma
Patient05	ROI01	49	20.4666	8.24642e-12	6336	9975	6364.14420930007	9974.4460371239	20.6481776584469	Patient05_GCTACAGTACGGACCG-1	6364.144220697959	9974.446076246995	14.241031498659972	14.240903700662184	-1.1397889466024935e-05	-3.912309512088541e-05	28.149660601759	True	Stroma
Patient05	ROI01	50	14.8959	6.34379e-12	6336	9975	6337.44451521839	9975.27019517696	1.07794898010626	Patient05_GCTACAGTACGGACCG-1	6337.444526512758	9975.270234310025	14.3439323557124	14.34379841771246	-1.1294368050585035e-05	-3.913306500180624e-05	1.4695678445760831	True	Stroma
Patient05	ROI01	51	13.893	6.30386e-12	6336	9975	6335.67467722586	9948.59365118844	19.3709034714306	Patient05_GCTACAGTACGGACCG-1	6335.6746885108	9948.59369021386	14.225668182633529	14.225550949926651	-1.1284939319011755e-05	-3.902542084688321e-05	26.408352702605093	True	Stroma
Patient05	ROI01	52	14.7164	7.04824e-12	6336	9975	6333.90483923333	9921.91710719992	38.9673764339033	Patient05_GCTACAGTACGGACCG-1	6333.904850508842	9921.917146117696	14.11507994277285	14.114970259311017	-1.127551240642788e-05	-3.891777487297077e-05	53.12422429234045	True	Stroma
Patient05	ROI01	67	77.1136	1.45139e-11	6336	9975	6307.20514515165	9922.74126525298	43.7663998886414	Patient05_GCTACAGTACGGACCG-1	6307.20515632364	9922.741304180723	14.222156101925084	14.222021868920336	-1.1171990081493275e-05	-3.89277447538916e-05	59.66673296818695	True	Stroma
Patient05	ROI01	68	36.0093	7.60117e-12	6336	9975	6308.97498314418	9949.4178092415	27.2961939839495	Patient05_GCTACAGTACGGACCG-1	6308.974994325597	9949.41784827689	14.331823657074889	14.331686382299615	-1.1181416994077154e-05	-3.903538890881464e-05	37.21290125832158	True	Stroma
Patient05	ROI01	70	53.9159	7.33596e-12	6336	9975	6284.04512705503	9976.91851128308	38.1356141901699	Patient05_GCTACAGTACGGACCG-1	6284.045138142353	9976.918550436085	14.556560566509308	14.556386390340528	-1.108732249122113e-05	-3.915300476364792e-05	51.99028282545941	True	Stroma
Patient05	ROI01	34	66.196	9.52149e-12	6338	9837	6383.76455141163	9866.91570311675	40.1048109303436	Patient05_TTCAGGCGTCAAAGCC-1	6383.764562875332	9866.915741799305	13.707074911323677	13.706990562386135	-1.1463701412139926e-05	-3.868255407724064e-05	54.67488874133452	True	Stroma
Patient05	ROI01	35	7.45027	6.24916e-12	6338	9837	6381.9947134191	9840.23915912823	32.3580984247134	Patient05_TTCAGGCGTCAAAGCC-1	6381.994724873373	9840.23919770314	13.61903641099528	13.618939772578388	-1.1454273590061348e-05	-3.85749099223176e-05	44.11379558241065	True	Stroma
Patient05	ROI01	36	20.916	6.89266e-12	6338	9837	6380.22487542657	9813.56261513971	35.4238874929679	Patient05_TTCAGGCGTCAAAGCC-1	6380.224886871416	9813.562653606976	13.539461201788246	13.539342288020457	-1.144484576798277e-05	-3.8467265767394565e-05	48.29338581916492	True	Stroma
Patient05	ROI01	42	39.3273	7.42369e-12	6338	9837	6351.75534335236	9787.71022920425	37.5362334182526	Patient05_TTCAGGCGTCAAAGCC-1	6351.755354684257	9787.71026757384	13.574735360698288	13.574556328116696	-1.1331897439958992e-05	-3.836958967440296e-05	51.17314701910532	True	Stroma
Patient05	ROI01	43	29.1599	7.88688e-12	6338	9837	6353.52518134489	9814.38677319277	20.1200875214592	Patient05_TTCAGGCGTCAAAGCC-1	6353.525192686215	9814.386811670003	13.645045555416203	13.644903288176284	-1.134132435254287e-05	-3.84772356483154e-05	27.4297153180084	True	Stroma
Patient05	ROI01	44	49.5536	7.86412e-12	6338	9837	6355.29501933742	9841.06331718129	13.0315625332918	Patient05_TTCAGGCGTCAAAGCC-1	6355.295030688172	9841.06335576617	13.723909903417193	13.723794329318764	-1.1350752174621448e-05	-3.858487980323844e-05	17.76592920163462	True	Stroma
Patient05	ROI01	45	136.328	1.19865e-11	6338	9837	6357.06485732995	9867.73986116981	26.5326199195118	Patient05_TTCAGGCGTCAAAGCC-1	6357.0648686901295	9867.739899862336	13.81118186818852	13.8110830369847	-1.1360179087205324e-05	-3.869252577715088e-05	36.17192073626385	True	Stroma
Patient05	ROI01	46	51.0003	7.1067e-12	6338	9837	6358.83469532248	9894.41640515834	44.8028215079553	Patient05_TTCAGGCGTCAAAGCC-1	6358.834706692087	9894.4164439585	13.906703163819392	13.906611281215062	-1.1369606909283902e-05	-3.8800160837126896e-05	61.0796865617952	True	Stroma
Patient05	ROI01	53	27.2549	7.23919e-12	6338	9837	6332.1350012408	9895.24056321139	42.9363527760238	Patient05_TTCAGGCGTCAAAGCC-1	6332.135012506886	9895.24060202153	14.012349377270136	14.012237859271329	-1.1266085493844002e-05	-3.881013981299475e-05	58.535129739544296	True	Stroma
Patient05	ROI01	54	18.3668	7.48826e-12	6338	9837	6330.36516324827	9868.56401922287	23.8203384272307	Patient05_TTCAGGCGTCAAAGCC-1	6330.365174504927	9868.564057925363	13.91765048712731	13.917527547651774	-1.1256656762270724e-05	-3.870249565807171e-05	32.4742673778368	True	Stroma
Patient05	ROI01	56	20.6994	7.41785e-12	6338	9837	6326.82548726321	9815.21093124583	17.9618646467405	Patient05_TTCAGGCGTCAAAGCC-1	6326.825498501013	9815.210969733034	13.75299732051719	13.752822106869734	-1.123780293710297e-05	-3.848720371024683e-05	24.487410072905053	True	Stroma
Patient05	ROI01	57	100.133	8.77765e-12	6338	9837	6325.05564927068	9788.53438725731	36.7963382323187	Patient05_TTCAGGCGTCAAAGCC-1	6325.055660499054	9788.53442563687	13.683340801986873	13.683124480611674	-1.122837420552969e-05	-3.8379559555323794e-05	50.1644479121221	True	Stroma
Patient05	ROI01	62	14.1385	6.70172e-12	6338	9837	6298.355955189	9789.35854531037	45.462256195055	Patient05_TTCAGGCGTCAAAGCC-1	6298.355966313853	9789.3585836999	13.7942596542098	13.793996723452976	-1.112485279008979e-05	-3.838952943624463e-05	61.978693870721855	True	Stroma
Patient05	ROI01	65	21.1198	6.17948e-12	6338	9837	6303.66546916659	9869.38817727593	34.6219824496283	Patient05_TTCAGGCGTCAAAGCC-1	6303.665480319725	9869.388215988394	14.026426989137526	14.026270546115272	-1.1153135346830824e-05	-3.871246372000314e-05	47.200148673574006	True	Stroma
Patient05	ROI01	66	68.1434	8.35177e-12	6338	9837	6305.43530715912	9896.06472126446	49.4733514864386	Patient05_TTCAGGCGTCAAAGCC-1	6305.435318321683	9896.06476008456	14.120300484369883	14.120159925822056	-1.11625622594147e-05	-3.882009877997916e-05	67.44702008146227	True	Stroma
Patient05	ROI01	39	8.6811	8.39277e-12	6341	9699	6374.91536144898	9733.53298317414	35.5037474699683	Patient05_AGAGATCTCTAAAGCG-1	6374.915372865544	9733.53302131848	13.35294801288833	13.352701211705622	-1.141656412073644e-05	-3.814434057858307e-05	48.40225892580198	True	Stroma
Patient05	ROI01	41	12.1143	6.81227e-12	6341	9699	6349.98550535983	9761.03368521573	45.9774642068681	Patient05_AGAGATCTCTAAAGCG-1	6349.9855166823	9761.033723477674	13.513112844490678	13.512886889115478	-1.1322469617880415e-05	-3.826194370049052e-05	62.68107695322329	True	Stroma
Patient05	ROI01	77	117.156	1.11262e-11	6219	9766	6271.65626110732	9790.18270336343	42.5026104148454	Patient05_AGACCGGGAAACCCTG-1	6271.656272128651	9790.182741762928	13.907436565604629	13.907117949789736	-1.102133137464989e-05	-3.839949749817606e-05	57.943808778556345	True	Stroma
Patient05	ROI01	78	27.2193	6.7894e-12	6219	9766	6269.88642311479	9763.50615937491	37.3707148151122	Patient05_AGACCGGGAAACCCTG-1	6269.8864341266935	9763.506197666764	13.84758807034403	13.847209823777558	-1.1011903552571312e-05	-3.8291853343253024e-05	50.947495507441566	True	Stroma
Patient05	ROI01	79	32.5065	7.36902e-12	6219	9766	6268.11658512226	9736.82961538638	41.9025459495611	Patient05_AGACCGGGAAACCCTG-1	6268.116596124736	9736.8296535706	13.796347546973784	13.795899715109789	-1.1002475730492732e-05	-3.818422010226641e-05	57.125740893040565	True	Stroma
Patient05	ROI01	81	40.8373	8.06014e-12	6219	9766	6243.18672903311	9764.33031742797	17.7835341720517	Patient05_AGACCGGGAAACCCTG-1	6243.186739941491	9764.330355729791	13.96355988278644	13.96311297174274	-1.090838122763671e-05	-3.830182322417386e-05	24.24429213675737	True	Stroma
Patient05	ROI01	96	28.4482	6.753e-12	6219	9766	6220.02671093649	9818.50756345807	38.5224091813319	Patient05_AGACCGGGAAACCCTG-1	6220.026721760205	9818.507601985151	14.207381489717994	14.206983375137856	-1.0823714546859264e-05	-3.852708323393017e-05	52.5176004369044	True	Stroma
Patient05	ROI01	97	41.5989	7.43396e-12	6219	9766	6218.25687294396	9791.83101946955	18.9552605370156	Patient05_AGACCGGGAAACCCTG-1	6218.256883758247	9791.831057888989	14.140346608403032	14.1398903750657	-1.0814286724780686e-05	-3.8419439079007134e-05	25.841706690109845	True	Stroma
Patient05	ROI01	98	62.9485	7.70577e-12	6219	9766	6216.48703495143	9765.15447548103	1.94483738769628	Patient05_AGACCGGGAAACCCTG-1	6216.48704575629	9765.154513792824	14.081680380853228	14.081156267423314	-1.080485981219681e-05	-3.83117949240841e-05	2.651396810647787	True	Stroma
Patient05	ROI01	99	18.1135	6.12678e-12	6219	9766	6214.7171969589	9738.47793149251	20.4307973522628	Patient05_AGACCGGGAAACCCTG-1	6214.717207754332	9738.477969696658	14.031487776518068	14.030886025037791	-1.0795431990118232e-05	-3.820414713118225e-05	27.85330603034016	True	Stroma
Patient05	ROI01	84	55.4646	7.0423e-12	6217	9904	6248.4962430107	9844.35994939353	49.472527352999	Patient05_TCTATTACTAGAGGAT-1	6248.496253947364	9844.359988018288	14.166509424366076	14.16622433575353	-1.0936663784377744e-05	-3.862475750793237e-05	67.44589654034756	True	Stroma
Patient05	ROI01	85	15.8857	6.46199e-12	6217	9904	6250.26608100323	9871.03649338205	34.3518515716498	Patient05_TCTATTACTAGAGGAT-1	6250.266091949321	9871.036532114456	14.250691127924004	14.25044042278054	-1.094609069696162e-05	-3.8732405300834216e-05	46.83187924763604	True	Stroma
Patient05	ROI01	86	17.3969	6.63307e-12	6217	9904	6252.03591899576	9897.71303737058	26.1098266492596	Patient05_TCTATTACTAGAGGAT-1	6252.035929951278	9897.71307621062	14.342908097999825	14.342682153866008	-1.0955518519040195e-05	-3.884003854182083e-05	35.59552667093387	True	Stroma
Patient05	ROI01	87	21.3608	7.07046e-12	6217	9904	6253.80575698829	9924.3895813591	30.8634247363176	Patient05_TCTATTACTAGAGGAT-1	6253.805767953237	9924.389620306783	14.443006422597184	14.442795757806804	-1.0964946341118775e-05	-3.894768269674387e-05	42.07610694302017	True	Stroma
Patient05	ROI01	91	24.0155	6.74389e-12	6217	9904	6228.87590089914	9951.89028340068	36.1921935357312	Patient05_TCTATTACTAGAGGAT-1	6228.875911769992	9951.89032246598	14.663567871001968	14.663316228042849	-1.0870851838262752e-05	-3.906529855157714e-05	49.34081744725837	True	Stroma
Patient05	ROI01	93	50.0362	9.13582e-12	6217	9904	6225.33622491408	9898.53719542364	7.31070820808386	Patient05_TCTATTACTAGAGGAT-1	6225.336235766077	9898.537234273648	14.457461359043217	14.457179527724888	-1.0851997103600295e-05	-3.885000842274167e-05	9.966688500080204	True	Stroma
Patient05	ROI01	94	12.9663	6.01498e-12	6217	9904	6223.56638692155	9871.86065143512	24.0616737076009	Patient05_TCTATTACTAGAGGAT-1	6223.56639776412	9871.860690177484	14.36607399972615	14.365763003072248	-1.084257019101642e-05	-3.874236426781863e-05	32.803279765571965	True	Stroma
Patient05	ROI02	1	378.05	1.51489e-11	6358	8734	6403.8112699701	8686.08307224307	48.6265435838843	Patient05_TACGTTTACCGGCAAT-1	6403.811281590228	8686.083106659313	15.822906981916493	15.82268927589713	-1.1620128134381956e-05	-3.4416243579471484e-05	66.29256686790968	True	Stroma
Patient05	ROI02	2	51.684	7.98546e-12	6358	8734	6405.55744067252	8712.88301179113	38.1683875941319	Patient05_TACGTTTACCGGCAAT-1	6405.557452301433	8712.883046297778	15.634656088153854	15.634475765569707	-1.1628912943706382e-05	-3.450664917181712e-05	52.03496280707657	True	Stroma
Patient05	ROI02	3	306.469	1.20829e-11	6358	8734	6407.30361137494	8739.68295133919	36.404350977639	Patient05_TACGTTTACCGGCAAT-1	6407.303623012639	8739.682985936246	15.452794623561468	15.452640761320298	-1.1637698662525509e-05	-3.459705658315215e-05	49.630051687810536	True	Stroma
Patient05	ROI02	15	14.4562	6.36809e-12	6358	8734	6382.50713189443	8767.48925761843	30.4397805769899	Patient05_TACGTTTACCGGCAAT-1	6382.507143432387	8767.489292316395	15.325815108913098	15.325699704596715	-1.1537957107066177e-05	-3.469796502031386e-05	41.49855286060684	True	Stroma
Patient05	ROI02	16	481.515	1.14143e-11	6358	8734	6380.76096119201	8740.68931807037	17.4015856680051	Patient05_TACGTTTACCGGCAAT-1	6380.760972721182	8740.689352677928	15.49976643411636	15.499635334043765	-1.1529172297741752e-05	-3.460755760897882e-05	23.723581741186408	True	Stroma
Patient05	ROI02	17	187.197	1.00512e-11	6358	8734	6379.01479048959	8713.88937852231	21.3357918506271	Patient05_TACGTTTACCGGCAAT-1	6379.014802009976	8713.889413039462	15.680344872431563	15.680186766516368	-1.1520385669427924e-05	-3.451715201663319e-05	29.08708502996309	True	Stroma
Patient05	ROI02	18	89.7432	7.54137e-12	6358	8734	6377.26861978717	8687.08943897425	37.1992302604833	Patient05_TACGTTTACCGGCAAT-1	6377.268631298771	8687.089473400996	15.86732416544392	15.867128160727964	-1.15116008601035e-05	-3.442674642428756e-05	50.71371061412435	True	Stroma
Patient05	ROI02	22	51.1261	7.01202e-12	6358	8734	6352.47214030666	8714.8957452535	14.5880808085228	Patient05_TACGTTTACCGGCAAT-1	6352.472151718519	8714.895779781145	15.72797800822826	15.727836475994724	-1.1411859304644167e-05	-3.4527645766502246e-05	19.887930566261517	True	Stroma
Patient05	ROI02	23	52.9595	1.22717e-11	6358	8734	6354.21831100908	8741.69568480156	6.2896329657602	Patient05_TACGTTTACCGGCAAT-1	6354.218322429724	8741.695719419611	15.5486973708966	15.54858331464332	-1.1420644113968592e-05	-3.461805135884788e-05	8.574656622221282	True	Stroma
Patient05	ROI02	24	21.3035	6.2347e-12	6358	8734	6355.9644817115	8768.49562434961	25.3470462176304	Patient05_TACGTTTACCGGCAAT-1	6355.964493140929	8768.495659058077	15.376052571541278	15.375954717051377	-1.1429428923293015e-05	-3.470846604614053e-05	34.555628108490204	True	Stroma
Patient05	ROI02	35	598.587	1.24591e-11	6358	8734	6329.42183152856	8769.5019910808	33.4300934453883	Patient05_TACGTTTACCGGCAAT-1	6329.421842849472	8769.50202579976	15.428243879275117	15.428157832362828	-1.132091256295098e-05	-3.4718959796009585e-05	45.57524639410367	True	Stroma
Patient05	ROI02	37	576.017	9.44022e-12	6358	8734	6325.92949012372	8715.90211198468	27.0113693633622	Patient05_TACGTTTACCGGCAAT-1	6325.929501427061	8715.902146522827	15.777537885285202	15.777407328600304	-1.1303341125312729e-05	-3.453814679232892e-05	36.82459985308236	True	Stroma
Patient05	ROI02	38	41.7659	8.867e-12	6358	8734	6324.1833194213	8689.10217243662	41.2296540170114	Patient05_TACGTTTACCGGCAAT-1	6324.183330715856	8689.102206884361	15.961928315626809	15.961759057389584	-1.12945554064936e-05	-3.4447741199983284e-05	56.20838732140242	True	Stroma
Patient05	ROI02	43	36.1764	7.1504e-12	6358	8734	6301.13301064321	8743.70841826392	42.3162585454568	Patient05_TACGTTTACCGGCAAT-1	6301.133021846808	8743.708452902976	15.65236239444355	15.652265463599068	-1.1203598660358692e-05	-3.4639057048480026e-05	57.68975527502698	True	Stroma
Patient05	ROI02	8	20.3075	7.91092e-12	6356	8872	6416.03446488704	8873.68264907948	44.0534298726575	Patient05_ATTACGCGCTGGCAGG-1	6416.034476568668	8873.682684128577	14.647368050045063	14.647168294386862	-1.1681628166115844e-05	-3.504909727780614e-05	60.05804094538765	True	Stroma
Patient05	ROI02	9	317.304	7.99762e-12	6356	8872	6417.78063558946	8900.48258862753	49.9011043607349	Patient05_ATTACGCGCTGGCAGG-1	6417.780647279873	8900.482623767044	14.508673673239796	14.50842644907194	-1.1690412975440267e-05	-3.5139513784088194e-05	68.03017557498116	True	Stroma
Patient05	ROI02	11	43.0927	8.52424e-12	6356	8872	6389.49181470411	8874.68901581066	24.6457787349493	Patient05_ATTACGCGCTGGCAGG-1	6389.49182627721	8874.68905087026	14.700852226347214	14.700678560541746	-1.1573099982342684e-05	-3.5059600122622214e-05	33.59959014935164	True	Stroma
Patient05	ROI02	12	170.944	6.99042e-12	6356	8872	6387.74564400169	8847.8890762626	29.2406660871932	Patient05_ATTACGCGCTGGCAGG-1	6387.745655566005	8847.889111231794	14.846009118744062	14.845868927977763	-1.1564314263523556e-05	-3.496919453027658e-05	39.86380007667098	True	Stroma
Patient05	ROI02	13	136.325	1.01561e-11	6356	8872	6385.99947329927	8821.08913671454	43.3449487822986	Patient05_ATTACGCGCTGGCAGG-1	6385.999484854799	8821.089171593327	14.998707356749945	14.998587793677594	-1.155552854470443e-05	-3.4878787118941545e-05	59.09216867491374	True	Stroma
Patient05	ROI02	26	17.346	7.54803e-12	6356	8872	6359.45682311634	8822.09550344573	36.6933750651474	Patient05_ATTACGCGCTGGCAGG-1	6359.456834563341	8822.09553833501	15.051575111094785	15.051474235852677	-1.144700036093127e-05	-3.48892808688106e-05	50.02407822631901	True	Stroma
Patient05	ROI02	27	136.0	8.55703e-12	6356	8872	6361.20299381876	8848.89544299379	17.3719300382704	Patient05_ATTACGCGCTGGCAGG-1	6361.203005274547	8848.895477973476	14.900195677103714	14.900074815780286	-1.1455786989245098e-05	-3.4979686461156234e-05	23.68315222117376	True	Stroma
Patient05	ROI02	28	371.789	9.9466e-12	6356	8872	6362.94916452118	8875.69538254184	5.77321580960357	Patient05_ATTACGCGCTGGCAGG-1	6362.949175985752	8875.695417611943	14.756356398301447	14.756202758528287	-1.1464571798569524e-05	-3.507010296743829e-05	7.870625113227533	True	Stroma
Patient05	ROI02	29	115.872	7.35199e-12	6356	8872	6364.6953352236	8902.4953220899	23.2603090319272	Patient05_ATTACGCGCTGGCAGG-1	6364.695346696957	8902.49535725041	14.62027982420525	14.620080289703612	-1.147335751738865e-05	-3.516050855978392e-05	31.71077930322039	True	Stroma
Patient05	ROI02	30	562.976	7.86721e-12	6356	8872	6338.15268504067	8903.50168882109	26.5577048014051	Patient05_ATTACGCGCTGGCAGG-1	6338.1526964055	8903.50172399209	14.67910304503921	14.67891823068799	-1.1364830243110193e-05	-3.517100049066357e-05	36.206118955755706	True	Stroma
Patient05	ROI02	31	1245.88	2.41163e-11	6356	8872	6336.40651433825	8876.70174927303	14.7801054644991	Patient05_ATTACGCGCTGGCAGG-1	6336.406525694295	8876.701784353625	14.813857860525824	14.813718242742771	-1.1356044524291065e-05	-3.508059489831794e-05	20.14971777975131	True	Stroma
Patient05	ROI02	32	462.815	7.86364e-12	6356	8872	6334.66034363583	8849.90180972497	22.5334693003913	Patient05_ATTACGCGCTGGCAGG-1	6334.660354983089	8849.90184471516	14.956370156675904	14.95626268220608	-1.1347258805471938e-05	-3.499018930597231e-05	30.719878697226164	True	Stroma
Patient05	ROI02	33	618.864	8.81851e-12	6356	8872	6332.91417293341	8823.10187017691	39.6639489691628	Patient05_ATTACGCGCTGGCAGG-1	6332.914184271884	8823.101905076692	15.106420385445643	15.106332319744764	-1.1338473996147512e-05	-3.489978189463727e-05	54.07386162966625	True	Stroma
Patient05	ROI02	47	471.903	7.09907e-12	6356	8872	6308.11769345289	8850.90817645616	38.3788536774361	Patient05_ATTACGCGCTGGCAGG-1	6308.117704691631	8850.908211456841	15.014510244973286	15.014410276018046	-1.1238740626140498e-05	-3.500068123685196e-05	52.32189121845539	True	Stroma
Patient05	ROI02	48	596.46	6.7376e-12	6356	8872	6309.86386415531	8877.70811600421	34.0995439811807	Patient05_ATTACGCGCTGGCAGG-1	6309.863875402837	8877.708151095308	14.8733334480005	14.873201911965284	-1.1247527254454326e-05	-3.5091097743134014e-05	46.487908309551166	True	Stroma
Patient05	ROI02	49	995.664	1.57453e-11	6356	8872	6311.61003485773	8904.50805555227	40.3582368024381	Patient05_ATTACGCGCTGGCAGG-1	6311.610046114043	8904.508090733774	14.739907830820126	14.739731740544462	-1.1256312973273452e-05	-3.518150333547965e-05	55.02038423276832	True	Stroma
Patient05	ROI02	40	1253.55	1.14181e-11	6240	8662	6295.89449853595	8663.30859961975	41.0106468691674	Patient05_CGAAACGCAATTCATG-1	6295.894509713193	8663.308633987577	16.20136875359152	16.201155250781472	-1.1177242413396016e-05	-3.4367827538517304e-05	55.9098148767295	True	Stroma
Patient05	ROI02	57	1555.76	1.93964e-11	6240	8662	6272.84418975786	8717.91484544705	47.5666370363891	Patient05_CGAAACGCAATTCATG-1	6272.844200844146	8717.914880006192	15.882365014894242	15.882239812094838	-1.108628657675581e-05	-3.455914156802464e-05	64.84759627170337	True	Stroma
Patient05	ROI02	58	1861.17	1.12548e-11	6240	8662	6271.09801905544	8691.11490589899	31.2477468084152	Patient05_CGAAACGCAATTCATG-1	6271.09803013294	8691.114940367726	16.064111095128947	16.06394667570627	-1.1077499948441982e-05	-3.446873597567901e-05	42.6000532239055	True	Stroma
Patient05	ROI02	59	3597.54	1.14369e-11	6240	8662	6269.35184835302	8664.31496635094	21.5968583409921	Patient05_CGAAACGCAATTCATG-1	6269.351859421735	8664.31500072926	16.25208039401763	16.2518664048968	-1.1068715139117558e-05	-3.437832128838636e-05	29.442996976270045	True	Stroma
Patient05	ROI02	60	892.911	7.57641e-12	6240	8662	6242.80919817009	8665.32133308212	3.19081638448817	Patient05_CGAAACGCAATTCATG-1	6242.809209130277	8665.321367470944	16.30463790958726	16.304418126368333	-1.0960186955344398e-05	-3.4388824133202434e-05	4.350039976968191	True	Stroma
Patient05	ROI02	61	474.357	1.15366e-11	6240	8662	6244.55536887251	8692.12127263018	22.3456239765611	Patient05_CGAAACGCAATTCATG-1	6244.555379841483	8692.12130710941	16.117999845403524	16.117829755213364	-1.0968972674163524e-05	-3.4479229725548066e-05	30.46378916724368	True	Stroma
Patient05	ROI02	62	696.498	1.23734e-11	6240	8662	6246.30153957493	8718.92121217823	42.0075993190625	Patient05_CGAAACGCAATTCATG-1	6246.301550552689	8718.921246747876	15.937594728087594	15.937464010571729	-1.0977759302477352e-05	-3.456964623183012e-05	57.26896015166863	True	Stroma
Patient05	ROI02	77	1626.9	1.26771e-11	6240	8662	6219.758889392	8719.92757890942	45.0099736455767	Patient05_CGAAACGCAATTCATG-1	6219.758900261231	8719.927613489559	15.99467616279152	15.99453454595644	-1.0869231118704192e-05	-3.458013816270977e-05	61.36209707101334	True	Stroma
Patient05	ROI02	78	963.104	1.57426e-11	6240	8662	6218.01271868958	8693.12763936136	27.9542130389343	Patient05_CGAAACGCAATTCATG-1	6218.012729550026	8693.127673851093	16.173728863239557	16.173547781803915	-1.0860446309379768e-05	-3.448973257036414e-05	38.10997863597522	True	Stroma
Patient05	ROI02	79	28.7604	6.98594e-12	6240	8662	6216.26654798716	8666.3276998133	17.6958812615657	Patient05_CGAAACGCAATTCATG-1	6216.26655883882	8666.327734212626	16.35902350928273	16.358792677041585	-1.085165968106594e-05	-3.4399325159029104e-05	24.124794923891237	True	Stroma
Patient05	ROI02	80	59.9609	1.1841e-11	6240	8662	6189.72389780422	8667.33406654449	37.0852127332802	Patient05_CGAAACGCAATTCATG-1	6189.723908547362	8667.334100954307	16.41521902312475	16.414971942575974	-1.07431424112292e-05	-3.440981708990876e-05	50.55827051928895	True	Stroma
Patient05	ROI02	81	416.691	1.06624e-11	6240	8662	6191.47006850664	8694.13400609255	42.6937352286689	Patient05_CGAAACGCAATTCATG-1	6191.470079258568	8694.134040592775	16.231279193339184	16.231081858480454	-1.0751928130048329e-05	-3.450022450124379e-05	58.20436923725125	True	Stroma
Patient05	ROI02	53	32.6447	9.10299e-12	6237	8800	6279.82887256754	8825.11460363928	36.4184894711313	Patient05_ACGCGCTACACAGGGT-1	6279.828883688968	8825.114638560059	15.221957222765347	15.221877379648664	-1.1121427633042911e-05	-3.49207784893224e-05	49.64932669598595	True	Stroma
Patient05	ROI02	54	48.5094	1.00229e-11	6237	8800	6278.08270186512	8798.31466409122	30.1600939673804	Patient05_ACGCGCTACACAGGGT-1	6278.082712977763	8798.314698921591	15.376635142818763	15.376561460403485	-1.1112642823718488e-05	-3.4830371077987365e-05	41.11725610572454	True	Stroma
Patient05	ROI02	55	556.257	1.79836e-11	6237	8800	6276.3365311627	8771.51472454316	35.6247392808751	Patient05_ACGCGCTACACAGGGT-1	6276.336542266557	8771.514759283125	15.538408540957422	15.538329100057892	-1.1103857104899362e-05	-3.473996548564173e-05	48.56720706161877	True	Stroma
Patient05	ROI02	63	60.2612	7.43959e-12	6237	8800	6248.04771027735	8745.72115172629	40.6306342841249	Patient05_ACGCGCTACACAGGGT-1	6248.047721263894	8745.721186386341	15.76363655581294	15.763534491037584	-1.0986544111801775e-05	-3.466005182417575e-05	55.391743719554086	True	Stroma
Patient05	ROI02	64	107.837	9.40913e-12	6237	8800	6249.79388097977	8772.52109127435	22.2337577789896	Patient05_ACGCGCTACACAGGGT-1	6249.7938919751	8772.521126024809	15.59634105351054	15.596256528527237	-1.0995329830620904e-05	-3.475045923551079e-05	30.311281980100063	True	Stroma
Patient05	ROI02	65	346.732	9.97645e-12	6237	8800	6251.54005168219	8799.32103082241	10.6769572241372	Patient05_ACGCGCTACACAGGGT-1	6251.540062686305	8799.321065663275	15.435924853980524	15.435846372932067	-1.1004114639945328e-05	-3.484086482785642e-05	14.555895783663631	True	Stroma
Patient05	ROI02	66	49.6332	9.07283e-12	6237	8800	6253.28622238461	8826.12097037047	22.5792102187851	Patient05_ACGCGCTACACAGGGT-1	6253.286233397511	8826.12100530174	15.282604587723553	15.282520285788149	-1.1012901268259156e-05	-3.4931270420202054e-05	30.782237291267883	True	Stroma
Patient05	ROI02	67	846.306	8.53472e-12	6237	8800	6255.03239308703	8852.92090991852	41.009876134767	Patient05_ACGCGCTACACAGGGT-1	6255.032404108717	8852.920944940208	15.136595882771756	15.136493544210516	-1.1021686987078285e-05	-3.502168874547351e-05	55.90876413451812	True	Stroma
Patient05	ROI02	72	1142.54	1.19266e-11	6237	8800	6228.4897429041	8853.92727664971	40.0459535541329	Patient05_ACGCGCTACACAGGGT-1	6228.489753817259	8853.92731168189	15.200494804688962	15.200382731162096	-1.0913158803305125e-05	-3.503217885736376e-05	54.59464848034774	True	Stroma
Patient05	ROI02	73	242.799	7.31919e-12	6237	8800	6226.74357220168	8827.12733710165	21.2730105597344	Patient05_ACGCGCTACACAGGGT-1	6226.743583106054	8827.127372043424	15.345141148360169	15.345046765133642	-1.0904373993980698e-05	-3.494177326501813e-05	29.001495296083217	True	Stroma
Patient05	ROI02	74	43.4041	8.94234e-12	6237	8800	6224.99740149926	8800.32739755359	8.80735195369136	Patient05_ACGCGCTACACAGGGT-1	6224.997412394848	8800.327432404958	15.49709574292796	15.49700689701402	-1.089558736566687e-05	-3.4851367672672495e-05	12.007062918468195	True	Stroma
Patient05	ROI02	75	136.638	6.13148e-12	6237	8800	6223.25123079684	8773.52745800554	21.8806719856718	Patient05_ACGCGCTACACAGGGT-1	6223.251241683643	8773.52749276649	15.656145793729532	15.656050676965023	-1.0886802556342444e-05	-3.476095116639044e-05	29.8299201180668	True	Stroma
Patient05	ROI02	84	59.1168	5.92684e-12	6237	8800	6196.7085806139	8774.53382473672	34.9627446511227	Patient05_ACGCGCTACACAGGGT-1	6196.708591392185	8774.533859508174	15.71780139068402	15.717690240932727	-1.0778284377011005e-05	-3.4771454011206515e-05	47.6647097828852	True	Stroma
Patient05	ROI02	86	561.103	1.23969e-11	6237	8800	6200.20092201874	8828.13370383283	33.9774499906974	Patient05_ACGCGCTACACAGGGT-1	6200.200932814596	8828.133738785107	15.409543903920731	15.409433888916771	-1.0795855814649258e-05	-3.4952277928823605e-05	46.32145757231952	True	Stroma
Patient05	ROI02	87	336.906	1.06924e-11	6237	8800	6201.94709272117	8854.93364338089	47.7990871979358	Patient05_ACGCGCTACACAGGGT-1	6201.947103525801	8854.933678423573	15.266266153902396	15.266138743894652	-1.0804631529026665e-05	-3.504268352116924e-05	65.16449557693987	True	Stroma
Patient05	ROI02	94	612.545	9.42395e-12	6237	8800	6171.91210113339	8802.34013101596	47.7737498052255	Patient05_ACGCGCTACACAGGGT-1	6171.912111811933	8802.340165888323	15.624991998624852	15.624866004008464	-1.0678542821551671e-05	-3.487236244836822e-05	65.12995310947113	True	Stroma
Patient05	ROI02	70	243.863	7.52633e-12	6235	8938	6231.98208430894	8907.52715574582	22.4616160077099	Patient05_TTGGACATGTGGCTTA-1	6231.982095239669	8907.527190958823	14.933965593100634	14.933780417163632	-1.0930729331448674e-05	-3.521300277498085e-05	30.621921103318414	True	Stroma
Patient05	ROI02	71	280.615	9.44894e-12	6235	8938	6230.23591360652	8880.72721619776	42.1554949368558	Patient05_TTGGACATGTGGCTTA-1	6230.235924528464	8880.727251320357	15.06336724634685	15.063225007119756	-1.092194452212425e-05	-3.512259718263522e-05	57.47058624742475	True	Stroma
Patient05	ROI02	88	409.918	9.89263e-12	6235	8938	6203.69326342359	8881.73358292895	47.2306951178479	Patient05_TTGGACATGTGGCTTA-1	6203.693274237007	8881.733618062039	15.130499868919417	15.130342660046413	-1.0813417247845791e-05	-3.513308911351487e-05	64.38960665416528	True	Stroma
Patient05	ROI02	89	90.2189	8.41052e-12	6235	8938	6205.439434126	8908.53352247701	30.6157673907092	Patient05_TTGGACATGTGGCTTA-1	6205.439444948213	8908.533557700506	15.002448977804065	15.002249276846252	-1.0822212971106636e-05	-3.5223496524849907e-05	41.73847568376167	True	Stroma
Patient05	ROI03	4	33.257	7.27589e-12	6164	6245	6180.07090013295	6269.4732680044	21.4759984857948	Patient05_CCTAAATTAACGGTTC-1	6180.070911139676	6269.473292329233	39.12330574083933	39.1231883291422	-1.100672670872882e-05	-2.432483324810164e-05	29.2782287356736	True	Stroma
Patient05	ROI03	15	33.5504	8.76101e-12	6164	6245	6153.12070897079	6270.98252913761	20.6618195701898	Patient05_CCTAAATTAACGGTTC-1	6153.1207198616	6270.982553481937	39.103566501002206	39.103474539456606	-1.089081069949316e-05	-2.434432735753944e-05	28.16825862003214	True	Stroma
Patient05	ROI03	16	75.3251	7.35583e-12	6164	6245	6151.12288938028	6244.17883325228	9.46473024780863	Patient05_CCTAAATTAACGGTTC-1	6151.122900261596	6244.178857482847	39.39455017206436	39.394448468796	-1.0881316484301353e-05	-2.4230566850746985e-05	12.903266746838474	True	Stroma
Patient05	ROI03	17	326.244	1.00579e-11	6164	6245	6149.12506978977	6217.37513736694	23.0140797829207	Patient05_CCTAAATTAACGGTTC-1	6149.125080661593	6217.3751614837565	39.68685884529866	39.6867425440656	-1.0871822269109543e-05	-2.411681634839624e-05	31.375094968057503	True	Stroma
Patient05	ROI03	23	110.165	9.52045e-12	6164	6245	6124.17269821811	6245.68809438549	29.2182538144624	Patient05_CCTAAATTAACGGTTC-1	6124.17270898352	6245.688118635551	39.37577734272166	39.37569714088684	-1.0765410479507407e-05	-2.4250060960184783e-05	39.8332454252612	True	Stroma
Patient05	ROI03	7	306.664	1.052e-11	6161	6383	6186.06435890448	6349.88435566042	30.4639698072721	Patient05_CAGTCTGTATACTGGG-1	6186.064369939688	6349.884380326507	38.25743108114608	38.25731424433227	-1.103520753531484e-05	-2.466608748363797e-05	41.531530038251375	True	Stroma
Patient05	ROI03	8	38.7946	6.2616e-12	6161	6383	6188.06217849499	6376.68805154576	20.3832805520582	Patient05_CAGTCTGTATACTGGG-1	6188.062189539693	6376.688076325598	37.97164797205758	37.97152088383524	-1.1044702660001349e-05	-2.4779837985988703e-05	27.788526376612356	True	Stroma
Patient05	ROI03	10	132.525	6.91852e-12	6161	6383	6163.10980692334	6405.00100856431	16.212086843854	Patient05_CAGTCTGTATACTGGG-1	6163.10981786162	6405.001033477392	37.669592990751255	37.66947295860284	-1.0938279956462791e-05	-2.4913082597777247e-05	22.10193799422595	True	Stroma
Patient05	ROI03	11	65.9258	1.14973e-11	6161	6383	6161.11198733283	6378.19731267897	3.5237972447339	Patient05_CAGTCTGTATACTGGG-1	6161.1119982616165	6378.197337478303	37.95348927724573	37.953385482766286	-1.0928786650765687e-05	-2.479933300492121e-05	4.803992783747489	True	Stroma
Patient05	ROI03	12	550.436	1.4953e-11	6161	6383	6159.11416774232	6351.39361679363	23.2249640062035	Patient05_CAGTCTGTATACTGGG-1	6159.114178661613	6351.393641479212	38.23886729668555	38.238774309902105	-1.091929243557388e-05	-2.4685581593075767e-05	31.662593429661104	True	Stroma
Patient05	ROI03	27	153.325	8.63232e-12	6161	6383	6132.16397658015	6352.90287792684	30.5740238496807	Patient05_CAGTCTGTATACTGGG-1	6132.163987383537	6352.902902631916	38.22169106430087	38.22161732901116	-1.0803386430779938e-05	-2.4705075702513568e-05	41.68156671427813	True	Stroma
Patient05	ROI03	28	121.76	9.28983e-12	6161	6383	6134.16179617066	6379.70657381218	19.8338763881504	Patient05_CAGTCTGTATACTGGG-1	6134.16180698354	6379.706598631006	37.93672894964186	37.936643815222645	-1.0812880645971744e-05	-2.4818826204864308e-05	27.03952367997323	True	Stroma
Patient05	ROI03	29	200.157	1.31742e-11	6161	6383	6136.15961576117	6406.51026969752	25.0876621006855	Patient05_CAGTCTGTATACTGGG-1	6136.159626583545	6406.5102946300985	37.653255510894425	37.65315353561245	-1.0822374861163551e-05	-2.493257852620445e-05	34.20200974186795	True	Stroma
Patient05	ROI03	40	91.7096	9.11292e-12	6045	6174	6064.27885712225	6168.2955289959	14.7473827097342	Patient05_GCTACGACTTATTGGG-1	6064.278867627357	6168.295552943688	40.219578221923086	40.21947469044467	-1.0505106729397085e-05	-2.3947787667566445e-05	20.1051068481803	True	Stroma
Patient05	ROI03	58	103.75	8.4844e-12	6045	6174	6039.32648555059	6196.60848601445	17.0978447584698	Patient05_GCTACGACTTATTGGG-1	6039.326495949285	6196.608510095482	39.91030135619344	39.91022951270672	-1.039869493979495e-05	-2.4081032279354982e-05	23.309491759222183	True	Stroma
Patient05	ROI03	59	217.94	1.06476e-11	6045	6174	6037.32866596008	6169.80479012911	6.41349707451964	Patient05_GCTACGACTTATTGGG-1	6037.3286763492815	6169.804814096392	40.203630702527896	40.20353712044491	-1.0389201634097844e-05	-2.396728177700425e-05	8.743520561698721	True	Stroma
Patient05	ROI03	61	130.713	6.98323e-12	6045	6174	6012.37629438842	6198.11774714766	29.7590986457867	Patient05_GCTACGACTTATTGGG-1	6012.376304671209	6198.117771248189	39.89608651902756	39.89601959095887	-1.0282788935001008e-05	-2.410052820778219e-05	40.57057918380626	True	Stroma
Patient05	ROI03	45	86.5498	5.85929e-12	6043	6312	6074.2679550748	6302.31400842259	24.0107293073684	Patient05_GGAGACGACACCTTTG-1	6074.267965627377	6302.314032939143	38.76408072689775	38.76404111998506	-1.055257689586142e-05	-2.451655291224597e-05	32.73382726473278	True	Stroma
Patient05	ROI03	46	147.618	8.34193e-12	6043	6312	6076.26577466531	6329.11770430793	27.4419398978667	Patient05_GGAGACGACACCTTTG-1	6076.265785227381	6329.117728938234	38.47707610787185	38.47703438876359	-1.0562070201558528e-05	-2.463030432409141e-05	37.411596662758434	True	Stroma
Patient05	ROI03	52	43.9013	7.93073e-12	6043	6312	6051.31340309365	6357.43066132648	33.8773836885569	Patient05_GGAGACGACACCTTTG-1	6051.313413549309	6357.43068609003	38.178505650660455	38.17846200067199	-1.0455659321451094e-05	-2.476354984537465e-05	46.18503718260728	True	Stroma
Patient05	ROI03	53	187.475	9.25682e-12	6043	6312	6049.31558350314	6330.62696544114	14.4271355067494	Patient05_GGAGACGACACCTTTG-1	6049.315593949305	6330.626990090937	38.46363206357881	38.46359643872428	-1.0446165106259286e-05	-2.464979752403451e-05	19.66851383634657	True	Stroma
Patient05	ROI03	54	145.802	7.11733e-12	6043	6312	6047.31776391263	6303.8232695558	6.78260799078401	Patient05_GGAGACGACACCTTTG-1	6047.3177743493015	6303.823294091847	38.75020259190386	38.75016975138252	-1.043667180056218e-05	-2.453604702168377e-05	9.246729473836467	True	Stroma
Patient05	ROI03	55	27.6053	6.70219e-12	6043	6312	6045.31994432212	6277.01957367046	25.7150096686995	Patient05_GGAGACGACACCTTTG-1	6045.319954749297	6277.0195980927565	39.03818543287053	39.03815025095973	-1.0427176675875671e-05	-2.442229651933303e-05	35.05727268134409	True	Stroma
Patient05	ROI03	64	160.861	9.50671e-12	6043	6312	6018.36975315996	6278.52883480367	30.4825086214961	Patient05_GGAGACGACACCTTTG-1	6018.369763471222	6278.528859245461	39.02524266779794	39.025210389892734	-1.0311261576134712e-05	-2.4441790628770832e-05	41.55680400369232	True	Stroma
Patient05	ROI03	65	116.876	8.15637e-12	6043	6312	6020.36757275047	6305.33253068901	17.306614488165	Patient05_GGAGACGACACCTTTG-1	6020.367583071225	6305.332555244551	38.73769744967017	38.73766681871437	-1.032075579132652e-05	-2.455554113112157e-05	23.594107531718063	True	Stroma
Patient05	ROI03	66	261.289	1.5165e-11	6043	6312	6022.36539234098	6332.13622657435	21.148307192361	Patient05_GGAGACGACACCTTTG-1	6022.365402671229	6332.136251243643	38.4515715375876	38.45153741576122	-1.0330249097023623e-05	-2.466929254296701e-05	28.831487195343247	True	Stroma
Patient05	ROI03	67	143.852	8.78132e-12	6043	6312	6024.36321193149	6358.93992245969	37.0456381783483	Patient05_GGAGACGACACCTTTG-1	6024.363222271233	6358.939947242733	38.166896851913705	38.166853986270304	-1.0339743312215433e-05	-2.4783043045317758e-05	50.50431852854047	True	Stroma
Patient05	ROI03	83	120.182	6.06074e-12	5924	6241	5962.47155124511	6254.74366118476	29.9660865947022	Patient05_GTACGTTTGCCCGTCA-1	5962.471561315066	6254.743685551779	39.29149113809123	39.29144587685454	-1.006995535135502e-05	-2.436701925034868e-05	40.85276585454916	True	Stroma
Patient05	ROI03	96	69.5563	7.31197e-12	5924	6241	5935.52136008295	6256.25292231797	14.0213200023563	Patient05_GTACGTTTGCCCGTCA-1	5935.5213700369895	6256.252946704484	39.282182083918286	39.28212691769483	-9.954039342119358e-06	-2.438651426928118e-05	19.115265559207472	True	Stroma
Patient05	ROI03	97	344.039	1.11104e-11	5924	6241	5933.52354049244	6229.44922643263	10.981132248654	Patient05_GTACGTTTGCCCGTCA-1	5933.523550436987	6229.449250705392	39.57114018861987	39.57107564968604	-9.944546945916954e-06	-2.4272761947941035e-05	14.970577594595074	True	Stroma
Patient05	ROI03	98	127.6	6.20135e-12	5924	6241	5931.52572090193	6202.64553054729	28.6700110776837	Patient05_GTACGTTTGCCCGTCA-1	5931.525730836982	6202.6455547063015	39.86144696278689	39.86136820863147	-9.935051821230443e-06	-2.415901144559029e-05	39.08582610221522	True	Stroma
Patient05	ROI03	99	224.798	7.20158e-12	5924	6241	5929.52790131142	6175.84183466196	47.9661362192612	Patient05_GTACGTTTGCCCGTCA-1	5929.527911236978	6175.841858707209	40.15307315378372	40.15297544828582	-9.92555851553334e-06	-2.4045249119808432e-05	65.39223350771971	True	Stroma
Patient05	ROI03	90	630.644	9.8607e-12	5921	6379	5947.50827762601	6417.07509763	34.0306498782408	Patient05_TACGACTGCCTCTTAG-1	5947.508287637014	6417.075122699029	37.57848763944706	37.57838078223124	-1.0011004633270204e-05	-2.5069029106816743e-05	46.39398497899924	True	Stroma
Patient05	ROI03	92	423.401	1.05489e-11	5921	6379	5943.51263844499	6363.46770585932	20.0622662458264	Patient05_TACGACTGCCTCTTAG-1	5943.512648437007	6363.467730700847	38.14044728270253	38.14037897757469	-9.992016202886587e-06	-2.484152719262056e-05	27.350887572937605	True	Stroma
Patient05	ROI03	93	73.4954	1.1741e-11	5921	6379	5941.51481885448	6336.66400997399	34.5078810292248	Patient05_TACGACTGCCTCTTAG-1	5941.514828837002	6336.6640347017565	38.42370335004727	38.423646150070034	-9.98252198769478e-06	-2.47277666858281e-05	47.044594207140975	True	Stroma
Patient05	ROI04	4	193.545	7.28844e-12	6323	4109	6352.29287863088	4131.69683244534	27.1818153495194	Patient05_GCTCGCTCATGTCCAA-1	6352.2928896588455	4131.696848726103	62.80510203283494	62.805091326925	-1.1027965229004622e-05	-1.628076279303059e-05	37.05696886599504	True	Stroma
Patient05	ROI04	15	73.6835	8.03123e-12	6323	4109	6325.3967860429	4132.69073170004	17.4661954058201	Patient05_GCTCGCTCATGTCCAA-1	6325.39679695881	4132.690747988845	62.78032282718171	62.78031501228644	-1.0915910024777986e-05	-1.6288805454678368e-05	23.811664196748225	True	Stroma
Patient05	ROI04	17	275.967	1.83046e-11	6323	4109	6321.73151104514	4078.57007151382	22.3401715352044	Patient05_GCTCGCTCATGTCCAA-1	6321.7315219449365	4078.570087600576	63.38776590353494	63.38775562126296	-1.0899796507146677e-05	-1.60867557497113e-05	30.456355853953184	True	Stroma
Patient05	ROI04	23	39.0792	6.53828e-12	6323	4109	6296.66805595605	4106.62430086164	19.3933074412265	Patient05_GCTCGCTCATGTCCAA-1	6296.668066751838	4106.624317057453	63.05943752499963	63.05943101321152	-1.0795787602546625e-05	-1.619581234990619e-05	26.43889603462513	True	Stroma
Patient05	ROI04	7	411.277	1.15412e-11	6321	4247	6357.79079112753	4212.87782272466	36.80667072061	Patient05_ACGTATTACTCCGATC-1	6357.790802179657	4212.877839308508	61.89466860851763	61.89465891405729	-1.105212686525192e-05	-1.658384735492291e-05	50.17853419341012	True	Stroma
Patient05	ROI04	8	266.523	7.83076e-12	6321	4247	6359.62342862641	4239.93815281777	28.8004914687624	Patient05_ACGTATTACTCCGATC-1	6359.623439686594	4239.938169502641	61.59150326929144	61.59149299772059	-1.1060184078814927e-05	-1.668487129791174e-05	39.26371001936192	True	Stroma
Patient05	ROI04	9	300.486	9.99328e-12	6321	4247	6361.45606612529	4266.99848291088	33.1028138179301	Patient05_ACGTATTACTCCGATC-1	6361.45607719353	4266.998499696778	61.28849802959186	61.28848671247649	-1.1068240382883232e-05	-1.6785897969384678e-05	45.129066077978855	True	Stroma
Patient05	ROI04	10	353.654	1.48352e-11	6321	4247	6334.55997353731	4267.99238216558	18.3312977534439	Patient05_ACGTATTACTCCGATC-1	6334.559984493495	4267.992398959519	61.2644216150868	61.26441208140988	-1.0956185178656597e-05	-1.6793938812043052e-05	24.99105822726028	True	Stroma
Patient05	ROI04	11	98.3212	9.34769e-12	6321	4247	6332.72733603843	4240.93205207247	9.68545533249956	Patient05_ACGTATTACTCCGATC-1	6332.727346986558	4240.932068765384	61.56728340314741	61.56727514126548	-1.094812796509359e-05	-1.669291486905422e-05	13.204181254794758	True	Stroma
Patient05	ROI04	12	106.023	8.27274e-12	6321	4247	6330.89469853955	4213.87172197937	25.3608021794593	Patient05_ACGTATTACTCCGATC-1	6330.894709479621	4213.87173857125	61.87030675853363	61.870299297612405	-1.0940071661025286e-05	-1.6591880012128968e-05	34.57438161125569	True	Stroma
Patient05	ROI04	28	43.2843	8.48701e-12	6321	4247	6305.83124345046	4241.92595132718	11.7324946656324	Patient05_ACGTATTACTCCGATC-1	6305.831254286522	4241.925968028127	61.54345732892038	61.543450268764445	-1.0836062756425235e-05	-1.6700946616765577e-05	15.994909977657604	True	Stroma
Patient05	ROI04	29	556.128	8.11014e-12	6321	4247	6307.66388094934	4268.98628142029	18.8621399080797	Patient05_ACGTATTACTCCGATC-1	6307.66389179346	4268.98629822226	61.2407410521769	61.24073248980429	-1.0844119969988242e-05	-1.680197055975441e-05	25.71475533668485	True	Stroma
Patient05	ROI04	54	46.8315	7.5424e-12	6202	4176	6219.64505318988	4163.72665881196	15.765998157156	Patient05_CACGCGGAACTGTTGC-1	6219.645063665605	4163.726675233947	62.3821445526498	62.38214003911958	-1.047572550305631e-05	-1.6421987311332487e-05	21.493785287653026	True	Stroma
Patient05	ROI04	65	128.785	8.51224e-12	6202	4176	6192.7489606019	4164.72055806667	10.7004507207499	Patient05_CACGCGGAACTGTTGC-1	6192.74897096557	4164.7205744966905	62.35944615499523	62.35944032798973	-1.0363670298829676e-05	-1.6430020878033247e-05	14.58792446760586	True	Stroma
Patient05	ROI04	58	222.803	8.13413e-12	6204	4038	6212.31450319435	4055.48533843953	14.2019429458805	Patient05_AGTCCATTGGCTGATG-1	6212.314513637858	4055.485354457409	63.594777709589806	63.59477184867029	-1.0443507562740706e-05	-1.6017878806451336e-05	19.361508818110543	True	Stroma
Patient05	ROI04	59	551.576	1.89943e-11	6204	4038	6210.48186569547	4028.42500834642	8.48137422622345	Patient05_AGTCCATTGGCTGATG-1	6210.481876130922	4028.425024263274	63.898320068029314	63.89831276865906	-1.04354512586724e-05	-1.591685349922045e-05	11.56265748261377	True	Stroma
Patient05	ROI04	60	291.504	1.06678e-11	6204	4038	6183.58577310749	4029.41890760113	16.2432557727513	Patient05_AGTCCATTGGCTGATG-1	6183.585783430885	4029.418923526016	63.874898051651655	63.87489059970514	-1.0323395144951064e-05	-1.592488570167916e-05	22.144430595000998	True	Stroma
Patient05	ROI04	61	54.7591	7.5058e-12	6204	4038	6185.41841060638	4056.47923769424	19.2225204194748	Patient05_AGTCCATTGGCTGATG-1	6185.418420937823	4056.479253720151	63.5714975437909	63.57149130286877	-1.0331442354072353e-05	-1.6025911008910043e-05	26.206062087870063	True	Stroma
Patient05	ROI05	20	223.408	1.20535e-11	7372	5853	7390.28679335507	5819.33172975979	28.1038334203078	Patient05_TCGGAGTACATGAGTA-1	7390.286808370042	5819.331752319292	44.39589328432799	44.39581847100083	-1.5014972632343415e-05	-2.2559502212970983e-05	38.31395610190702	True	Stroma
Patient05	ROI05	21	191.473	8.95851e-12	7372	5853	7391.68376665758	5846.07210210662	15.306501450226	Patient05_TCGGAGTACATGAGTA-1	7391.683781681517	5846.072124773689	44.0931361678982	44.09307751831189	-1.5023936612124087e-05	-2.266706906084437e-05	20.867353427091903	True	Stroma
Patient05	ROI05	22	305.125	7.79367e-12	7372	5853	7393.08073996009	5872.81247445345	21.2204009204689	Patient05_TCGGAGTACATGAGTA-1	7393.080754992989	5872.812497228087	43.79113420039889	43.79108870145163	-1.503289877291536e-05	-2.2774636818212457e-05	28.92977257486708	True	Stroma
Patient05	ROI05	38	207.203	9.68998e-12	7372	5853	7365.07911324779	5847.0839403589	6.67854307606216	Patient05_TCGGAGTACATGAGTA-1	7365.0791281595375	5847.083963034365	44.066839835544215	44.06678152185928	-1.4911747712176291e-05	-2.2675465515931137e-05	9.104857775603834	True	Stroma
Patient05	ROI05	39	234.238	7.7241e-12	7372	5853	7363.68213994528	5820.34356801207	24.7187706873543	Patient05_TCGGAGTACATGAGTA-1	7363.682154848064	5820.343590579968	44.36957038955249	44.3694955091394	-1.490278373239562e-05	-2.256789775856305e-05	33.699100078076164	True	Stroma
Patient05	ROI05	27	112.206	2.62331e-11	7369	5991	7400.06560647263	6006.51433618761	25.4706587917261	Patient05_ACAACAGCATGAGCTA-1	7400.065621550357	6006.5143595000745	42.2930163759622	42.29298916158832	-1.5077726857271044e-05	-2.3312464691116475e-05	34.72414913074888	True	Stroma
Patient05	ROI05	31	54.4535	8.14268e-12	7369	5991	7374.85792636535	6034.26654678672	32.026188596805	Patient05_ACAACAGCATGAGCTA-1	7374.857941339851	6034.266570215147	41.969804050940695	41.96977378688349	-1.4974501027609222e-05	-2.3428427084581926e-05	43.66130291401411	True	Stroma
Patient05	ROI05	34	93.8629	6.89427e-12	7369	5991	7370.66700645783	5954.04542974623	27.1342699010444	Patient05_ACAACAGCATGAGCTA-1	7370.667021405431	5954.045452851955	42.86363689113792	42.86361410919093	-1.4947600902814884e-05	-2.3105724721972365e-05	36.9921501560974	True	Stroma
Patient05	ROI05	46	90.1737	1.10791e-11	7369	5991	7345.45932635055	5981.79764034534	18.5398794716195	Patient05_ACAACAGCATGAGCTA-1	7345.459341194926	5981.797663567029	42.53949948696263	42.53947771928732	-1.4844375982647762e-05	-2.322168893442722e-05	25.27541768366255	True	Stroma
Patient05	ROI05	47	170.959	9.4023e-12	7369	5991	7346.85629965306	6008.53801269217	20.7199974600078	Patient05_ACAACAGCATGAGCTA-1	7346.8563145064	6008.538036021427	42.2415868315217	42.241563003798255	-1.4853339962428436e-05	-2.3329256691795308e-05	28.247572537225004	True	Stroma
Patient05	ROI05	48	43.5553	7.87544e-12	7369	5991	7348.25327295557	6035.27838503901	35.8672880702397	Patient05_ACAACAGCATGAGCTA-1	7348.253287817874	6035.278408475824	41.94453194777408	41.94450265141681	-1.486230394220911e-05	-2.343681444472168e-05	48.89787382615827	True	Stroma
Patient05	ROI05	64	337.952	1.31908e-11	7251	5920	7289.45607292595	5930.34057215624	29.210053886356	Patient05_GTCCCAACGTAAAGTA-1	7289.456087528022	5930.340595179587	43.08936517885802	43.08932953959811	-1.4602072042180224e-05	-2.302334632986458e-05	39.8220664632614	True	Stroma
Patient05	ROI05	74	133.484	7.83553e-12	7251	5920	7264.24839281867	5958.09278275535	29.5832770455326	Patient05_GTCCCAACGTAAAGTA-1	7264.248407317518	5958.09280589466	42.76689184274717	42.766854476779855	-1.4498848031507803e-05	-2.313931054231944e-05	40.33088159616716	True	Stroma
Patient05	ROI05	75	16.9711	7.40321e-12	7251	5920	7262.85141951616	5931.35241040852	12.037980768195	Patient05_GTCCCAACGTAAAGTA-1	7262.851434006044	5931.352433440263	43.06632650124478	43.06628347275427	-1.4489884051727133e-05	-2.3031742784951348e-05	16.41137918127186	True	Stroma
Patient05	ROI05	76	23.3382	5.71236e-12	7251	5920	7261.45444621365	5904.61203806169	13.6458263234002	Patient05_GTCCCAACGTAAAGTA-1	7261.454460694571	5904.612060985865	43.36656983856992	43.366517957635615	-1.448092098144116e-05	-2.292417502758326e-05	18.60335502668723	True	Stroma
Patient05	ROI05	77	48.6269	8.04133e-12	7251	5920	7260.05747291115	5877.87166571486	31.6078639893877	Patient05_GTCCCAACGTAAAGTA-1	7260.057487383097	5877.871688531469	43.6676051741387	43.66754131710389	-1.4471946997218764e-05	-2.2816609089204576e-05	43.09100097673231	True	Stroma
Patient05	ROI05	82	46.8432	8.81305e-12	7251	5920	7233.45281950136	5878.88350396713	32.7912036987703	Patient05_GTCCCAACGTAAAGTA-1	7233.452833861119	5878.883526792145	43.64525061602882	43.64517644886126	-1.4359759006765673e-05	-2.282501463923836e-05	44.70424800254269	True	Stroma
Patient05	ROI05	83	158.416	8.08622e-12	7251	5920	7234.84979280387	5905.62387631397	15.8598969002455	Patient05_GTCCCAACGTAAAGTA-1	7234.849807172592	5905.623899246542	43.34427089230756	43.34420903621525	-1.4368722077051643e-05	-2.293257239216473e-05	21.62179744410663	True	Stroma
Patient05	ROI05	84	98.0854	9.08446e-12	7251	5920	7236.24676610638	5932.3642486608	14.1195791087716	Patient05_GTCCCAACGTAAAGTA-1	7236.246780484065	5932.36427170094	43.04408435388861	43.0440316884322	-1.4377685147337615e-05	-2.3040140149532817e-05	19.249222198986065	True	Stroma
Patient05	ROI05	85	403.486	1.12983e-11	7251	5920	7237.64373940888	5959.10462100763	30.3107504621975	Patient05_GTCCCAACGTAAAGTA-1	7237.643753795539	5959.104644155336	42.74470771186503	42.74466105037127	-1.4386659131560007e-05	-2.31477060879115e-05	41.32264610511167	True	Stroma
Patient05	ROI05	94	124.566	6.39853e-12	7251	5920	7211.0390859991	5960.11645925991	41.5340427446238	Patient05_GTCCCAACGTAAAGTA-1	7211.03910027356	5960.116482416013	42.72332699608421	42.72326877288031	-1.4274460227170492e-05	-2.315610345249297e-05	56.6233604737418	True	Stroma
Patient05	ROI05	96	127.36	6.25387e-12	7251	5920	7208.24513939408	5906.63571456625	32.8576913922181	Patient05_GTCCCAACGTAAAGTA-1	7208.245153650613	5906.635737507218	43.3227641265645	43.322690060012405	-1.4256533177103847e-05	-2.2940968847251497e-05	44.79489067501334	True	Stroma
Patient05	ROI05	97	138.556	7.17424e-12	7251	5920	7206.84816609157	5879.89534221942	43.7519464065157	Patient05_GTCCCAACGTAAAGTA-1	7206.84818033914	5879.895365052821	43.623682716908334	43.623596019574926	-1.4247570106817877e-05	-2.283340108988341e-05	59.64702853600498	True	Stroma
Patient05	ROI05	69	404.623	9.71724e-12	7248	6058	7296.4409394385	6064.0424338904	35.8074861279988	Patient05_CCAAGCGTAACTCGTA-1	7296.44095408539	6064.042457451574	41.60035334035345	41.600310916891	-1.4646890122094192e-05	-2.3561173293273896e-05	48.81634583829789	True	Stroma
Patient05	ROI05	70	174.261	7.83531e-12	7248	6058	7269.83628602871	6065.05427214268	16.8322928547536	Patient05_CCAAGCGTAACTCGTA-1	7269.836300563411	6065.054295712251	41.577588728670825	41.57754073457471	-1.4534701222146396e-05	-2.3569570657855365e-05	22.947464848880728	True	Stroma
Patient05	ROI05	71	229.245	1.11126e-11	7248	6058	7268.4393127262	6038.31389979585	20.8156311859883	Patient05_CCAAGCGTAACTCGTA-1	7268.439327251938	6038.313923257852	41.87361319012774	41.87357298662033	-1.4525738151860423e-05	-2.3462001990992576e-05	28.377949995854628	True	Stroma
Patient05	ROI05	72	72.7816	8.78857e-12	7248	6058	7267.04233942369	6011.57352744901	36.8077140752351	Patient05_CCAAGCGTAACTCGTA-1	7267.042353940464	6011.573550803456	42.1705174207235	42.17048153736404	-1.451677417207975e-05	-2.335444605705561e-05	50.17995659877404	True	Stroma
Patient05	ROI05	87	141.789	8.46915e-12	7248	6058	7240.4376860139	6012.58536570129	33.7709649920842	Patient05_CCAAGCGTAACTCGTA-1	7240.437700418486	6012.585389064132	42.148453101821495	42.14840861567719	-1.4404586181626655e-05	-2.336284160264768e-05	46.03995657371864	True	Stroma
Patient05	ROI05	88	436.133	9.96001e-12	7248	6058	7241.83465931641	6039.32573804813	14.425066458039	Patient05_CCAAGCGTAACTCGTA-1	7241.83467372996	6039.325761518528	41.851610732109485	41.85156227718011	-1.4413550161407327e-05	-2.3470398446079344e-05	19.665693102247715	True	Stroma
Patient05	ROI05	91	242.099	8.50924e-12	7248	6058	7215.23000590662	6040.33757630041	27.3063799004633	Patient05_CCAAGCGTAACTCGTA-1	7215.230020207981	6040.3375997792045	41.83042903085779	41.830370011166906	-1.4301361261459531e-05	-2.347879490116611e-05	37.22678771830847	True	Stroma
Patient05	ROI05	92	176.162	7.60889e-12	7248	6058	7213.83303260411	6013.59720395357	41.0963762131254	Patient05_CCAAGCGTAACTCGTA-1	7213.833046896507	6013.597227324808	42.12720369285592	42.12714830641404	-1.429239728167886e-05	-2.3371238057734445e-05	56.02668969136674	True	Stroma
Patient05	ROI05	79	169.501	6.9929e-12	7253	5782	7257.26352630613	5824.39092102119	31.2512188103773	Patient05_GGGAGTTAATGAGGCG-1	7257.26354076015	5824.390943622674	44.27198717353619	44.27189025096269	-1.445401994715212e-05	-2.260148448840482e-05	42.604786604180944	True	Stroma
Patient05	ROI05	80	107.001	7.04526e-12	7253	5782	7230.65887289634	5825.40275927347	35.8066585752376	Patient05_GGGAGTTAATGAGGCG-1	7230.658887238171	5825.40278188335	44.24952483500687	44.24941694188382	-1.4341831047204325e-05	-2.2609880033996888e-05	48.815217635617465	True	Stroma
Patient05	ROI05	99	82.2777	7.05684e-12	7253	5782	7204.05421948655	5826.41459752575	48.4804983453651	Patient05_GGGAGTTAATGAGGCG-1	7204.054233716193	5826.414620144026	44.2278383002386	44.22771724671812	-1.4229643056751227e-05	-2.2618276489083652e-05	66.09346339423541	True	Stroma
Patient05	ROI06	3	83.4961	1.0303e-11	6786	5084	6823.21016282042	5051.55974073472	36.2104029092042	Patient05_CCTGAACGATATATTC-1	6823.21017588256	5051.559760615784	52.707076328148446	52.70702835798608	-1.3062140169495253e-05	-1.988106396311196e-05	49.3656422861156	True	Stroma
Patient05	ROI06	4	370.39	9.68835e-12	6786	5084	6825.15911071118	5078.16559891918	29.0408311189	Patient05_CCTGAACGATATATTC-1	6825.15912378306	5078.165618894443	52.40923067172348	52.409183724292944	-1.3071879948256536e-05	-1.997526214836398e-05	39.591365064396456	True	Stroma
Patient05	ROI06	5	46.3519	7.08897e-12	6786	5084	6827.10805860193	5104.77145710363	33.7840929868574	Patient05_CCTGAACGATATATTC-1	6827.10807168356	5104.7714771731	52.11178938518038	52.111741939398094	-1.3081629731459545e-05	-2.0069469428563025e-05	46.05785396897742	True	Stroma
Patient05	ROI06	14	208.639	6.93357e-12	6786	5084	6800.38093673285	5105.64469395045	19.0615522620935	Patient05_CCTGAACGATATATTC-1	6800.380949705921	5105.644714028642	52.0869608356558	52.08692339177757	-1.2973070624866525e-05	-2.0078191482753027e-05	25.986614198908395	True	Stroma
Patient05	ROI06	15	413.695	8.87656e-12	6786	5084	6798.4319888421	5079.03883576599	9.81834252044568	Patient05_CCTGAACGATATATTC-1	6798.432001805422	5079.038855749985	52.38447781596055	52.38444005444016	-1.296332266065292e-05	-1.9983994206995703e-05	13.385346358122575	True	Stroma
Patient05	ROI06	16	602.684	1.11917e-11	6786	5084	6796.48304095135	5052.43297758154	24.3982663051207	Patient05_CCTGAACGATATATTC-1	6796.483053904922	5052.432997471326	52.682398500727054	52.68235890891896	-1.2953571967955211e-05	-1.988978601730196e-05	33.262156453772	True	Stroma
Patient05	ROI06	23	70.8635	7.41455e-12	6786	5084	6769.75591908227	5053.30621442835	25.4728989474071	Patient05_CCTGAACGATATATTC-1	6769.755931927284	5053.306234326869	52.65849083754869	52.658457251510654	-1.2845013770856896e-05	-1.9898518985428385e-05	34.72720313500868	True	Stroma
Patient05	ROI06	24	94.6465	7.5748e-12	6786	5084	6771.70486697302	5079.91207261281	10.9060024693585	Patient05_CCTGAACGATATATTC-1	6771.704879827785	5079.912092605528	52.36049943679352	52.36046847584728	-1.2854764463554602e-05	-1.9992717170680407e-05	14.868153166482498	True	Stroma
Patient05	ROI06	25	179.167	1.0134e-11	6786	5084	6773.65381486377	5106.51793079726	18.8369762057771	Patient05_CCTGAACGATATATTC-1	6773.653827728283	5106.517950884183	52.06291111756556	52.06288127741115	-1.2864513337262906e-05	-2.0086922631890047e-05	25.6804496613332	True	Stroma
Patient05	ROI06	8	140.233	7.32574e-12	6783	5222	6832.95490227419	5184.589031657	45.779005687011	Patient05_GTACAGAGGCAAGGGT-1	6832.9549153850585	5184.589052009072	51.22196214118284	51.22190380941676	-1.311086816713214e-05	-2.035207126027672e-05	62.41051845310076	True	Stroma
Patient05	ROI06	9	140.755	1.27875e-11	6783	5222	6834.90385016494	5211.19488984145	38.8884338076954	Patient05_GTACAGAGGCAAGGGT-1	6834.903863285559	5211.194910287729	50.92620950009473	50.92614431852491	-1.3120618859829848e-05	-2.044627854047576e-05	53.01660181002698	True	Stroma
Patient05	ROI06	10	124.385	9.41337e-12	6783	5222	6808.17672829586	5212.06812668827	19.8525030616375	Patient05_GTACAGAGGCAAGGGT-1	6808.176741307921	5212.068147143271	50.90107139442625	50.90101956524511	-1.3012060662731528e-05	-2.045500059466576e-05	27.064917423923585	True	Stroma
Patient05	ROI06	11	113.27	7.47202e-12	6783	5222	6806.22778040511	5185.46226850381	31.758165840688	Patient05_GTACAGAGGCAAGGGT-1	6806.227793407421	5185.462288864613	51.196902454395726	51.19685662420541	-1.3002310879528522e-05	-2.0360802409413736e-05	43.295907490612414	True	Stroma
Patient05	ROI06	28	224.451	1.09124e-11	6783	5222	6779.50065853603	5186.33550535063	26.2860399390701	Patient05_GTACAGAGGCAAGGGT-1	6779.500671429783	5186.335525720156	51.172634923635705	51.17259915775397	-1.2893753591924906e-05	-2.036952537309844e-05	35.835758248938824	True	Stroma
Patient05	ROI06	57	166.605	8.575e-12	6667	5012	6687.62560558428	5029.32006678435	19.7559280785398	Patient05_TTCAATACTCTGAATC-1	6687.625618093871	5029.320086614838	52.88997137498403	52.8899351499366	-1.2509591215348337e-05	-1.9830487872241065e-05	26.93325674946531	True	Stroma
Patient05	ROI06	58	95.263	7.42185e-12	6667	5012	6685.67665769353	5002.71420859989	15.2994172749099	Patient05_TTCAATACTCTGAATC-1	6685.676670193371	5002.714228336182	53.18893161615131	53.1888875741619	-1.2499841432145333e-05	-1.9736291505978443e-05	20.85769557088303	True	Stroma
Patient05	ROI06	60	40.1529	7.86274e-12	6667	5012	6657.0005879337	4976.98158726225	26.7131905311197	Patient05_TTCAATACTCTGAATC-1	6657.000600315233	4976.981606913067	53.46761385259696	53.46755488797514	-1.2381532542349303e-05	-1.965081628441112e-05	36.41809265108551	True	Stroma
Patient05	ROI06	61	289.758	1.35242e-11	6667	5012	6658.94953582445	5003.58744544671	8.54098694119144	Patient05_TTCAATACTCTGAATC-1	6658.949548215733	5003.587465191724	53.16822009064632	53.16817106863514	-1.239128232555231e-05	-1.9745013560168445e-05	11.643927496935245	True	Stroma
Patient05	ROI06	62	71.3936	7.41169e-12	6667	5012	6660.89848371521	5030.19330363116	14.075540527662	Patient05_TTCAATACTCTGAATC-1	6660.898496116233	5030.193323470381	52.86920741705151	52.86916693937263	-1.24010230138083e-05	-1.983922084036749e-05	19.18918440135336	True	Stroma
Patient05	ROI06	65	524.975	3.16029e-11	6664	5150	6666.74532738747	5110.01087818453	29.4016334994303	Patient05_CTGGGATAAATAATGG-1	6666.745339817732	5110.010898306353	51.974521657284896	51.9744981800651	-1.2430262358975597e-05	-2.012182267208118e-05	40.08324694977788	True	Stroma
Patient05	ROI06	66	533.359	1.03136e-11	6664	5150	6668.69427527822	5136.61673636899	10.4031865842649	Patient05_CTGGGATAAATAATGG-1	6668.694287718232	5136.616756585011	51.67709978254079	51.67707901117812	-1.2440012142178604e-05	-2.021602085733321e-05	14.182664270327216	True	Stroma
Patient05	ROI06	72	1035.42	1.03167e-11	6664	5150	6643.91610129989	5164.09583140026	17.9981062499444	Patient05_CTGGGATAAATAATGG-1	6643.916113641094	5164.095851719209	51.35985299223345	51.35983046468277	-1.234120372828329e-05	-2.031894928222755e-05	24.536818250556227	True	Stroma
Patient05	ROI06	73	35.5119	7.329e-12	6664	5150	6641.96715340914	5137.4899732158	18.584812572365	Patient05_CTGGGATAAATAATGG-1	6641.967165740594	5137.489993440552	51.65690999710599	51.65688553345503	-1.2331453945080284e-05	-2.0224752006470222e-05	25.33667497991312	True	Stroma
Patient05	ROI07	1	670.598	1.78379e-11	6470	9219	6469.39882003412	9181.34053012802	27.6272779715356	Patient05_CGGTTGACCTGGCATA-1	6469.398832111702	9181.340566216888	13.198203836963671	13.197853759034055	-1.2077582141500898e-05	-3.608886800066102e-05	37.66426805859829	True	Stroma
Patient05	ROI07	2	484.036	2.71539e-11	6470	9219	6471.12727347676	9208.00525706953	8.10707887505526	Patient05_CGGTTGACCTGGCATA-1	6471.127285562472	9208.005293260812	13.10106328145094	13.100772913595083	-1.2085712114640046e-05	-3.619128256104887e-05	11.052380630367905	True	Stroma
Patient05	ROI07	4	61.4918	8.27321e-12	6470	9219	6474.58418036204	9261.33471095256	31.2346400532434	Patient05_CGGTTGACCTGGCATA-1	6474.5841924640135	9261.334747348665	12.933828404849423	12.9336255661683	-1.2101973879907746e-05	-3.639610258687753e-05	42.58218478458493	True	Stroma
Patient05	ROI07	16	175.111	6.80515e-12	6470	9219	6445.79392279064	9235.38250036558	21.439713478229	Patient05_CGGTTGACCTGGCATA-1	6445.793934778301	9235.38253666859	13.08475105803497	13.084551223714254	-1.198766130983131e-05	-3.630301034718286e-05	29.22876138487116	True	Stroma
Patient05	ROI07	17	107.469	8.1057e-12	6470	9219	6444.065469348	9208.71777342406	20.4639183428543	Patient05_CGGTTGACCTGGCATA-1	6444.0654813275305	9208.717809624664	13.171109389391583	13.17086235221614	-1.197953042719746e-05	-3.620060488174204e-05	27.89845987681938	True	Stroma
Patient05	ROI07	18	300.492	9.81956e-12	6470	9219	6442.33701590536	9182.05304648255	33.8556214603627	Patient05_CGGTTGACCTGGCATA-1	6442.33702787676	9182.05308258074	13.266400082766754	13.26609530096581	-1.197139954456361e-05	-3.60981903213542e-05	46.15536873691865	True	Stroma
Patient05	ROI07	23	1290.85	1.35791e-11	6470	9219	6418.73211866188	9236.09501672011	39.6412396186068	Patient05_CGGTTGACCTGGCATA-1	6418.73213054336	9236.095053032444	13.1591561170726	13.158988673149988	-1.1881479622388724e-05	-3.631233266787604e-05	54.04290197204789	True	Stroma
Patient05	ROI07	6	545.907	1.20832e-11	6467	9357	6478.04108724731	9314.66416483558	32.0926411172062	Patient05_TCAACGCGACCGGCAG-1	6478.041099365555	9314.664201436512	12.803801019860028	12.803641273916543	-1.2118244740122464e-05	-3.660093352664262e-05	43.75189763509316	True	Stroma
Patient05	ROI07	8	1025.93	1.26038e-11	6467	9357	6481.49799413259	9367.99361871861	13.3461602859616	Patient05_TCAACGCGACCGGCAG-1	6481.498006267097	9367.993655524362	12.712122920850744	12.711960104149066	-1.2134506505390164e-05	-3.680575173348189e-05	18.19482031784861	True	Stroma
Patient05	ROI07	9	261.203	8.99555e-12	6467	9357	6483.22644757522	9394.65834566012	30.0780975220135	Patient05_TCAACGCGACCGGCAG-1	6483.226459717867	9394.658382568288	12.680938369157	12.68075637278934	-1.2142647392465731e-05	-3.690816811285913e-05	41.00547035175249	True	Stroma
Patient05	ROI07	12	1093.57	1.20332e-11	6467	9357	6452.70773656119	9342.04140813163	15.1755622179867	Patient05_TCAACGCGACCGGCAG-1	6452.707748581384	9342.04144484429	12.831968835135491	12.831846858831984	-1.2020193935313728e-05	-3.6712659493787214e-05	20.688843971783218	True	Stroma
Patient05	ROI07	13	521.265	7.45456e-12	6467	9357	6450.97928311855	9315.37668119011	32.714769508292	Patient05_TCAACGCGACCGGCAG-1	6450.9792951306135	9315.376717800364	12.88097400175503	12.880849659494412	-1.201206396217458e-05	-3.661025584733579e-05	44.600045270665	True	Stroma
Patient05	ROI07	26	314.316	7.7979e-12	6467	9357	6423.91747898979	9316.08919754465	43.5796214163491	Patient05_TCAACGCGACCGGCAG-1	6423.917490895672	9316.089234164216	12.96065589092112	12.960557879911072	-1.1905882274731994e-05	-3.6619567254092544e-05	59.41209787691275	True	Stroma
Patient05	ROI07	27	1192.95	1.10974e-11	6467	9357	6425.64593243243	9342.75392448616	32.0832597650156	Patient05_TCAACGCGACCGGCAG-1	6425.645944346443	9342.753961208142	12.913326871244822	12.913229258962463	-1.1914013157365844e-05	-3.672198181448039e-05	43.73910803764987	True	Stroma
Patient05	ROI07	28	497.458	1.1382e-11	6467	9357	6427.37438587507	9369.41865142767	30.4599445520909	Patient05_TCAACGCGACCGGCAG-1	6427.3743977972135	9369.418688252068	12.875607051960769	12.875498215167584	-1.1922143130504992e-05	-3.682439819385763e-05	41.5260424078648	True	Stroma
Patient05	ROI07	29	540.781	9.28433e-12	6467	9357	6429.1028393177	9396.08337836918	39.9324604512837	Patient05_TCAACGCGACCGGCAG-1	6429.102851247984	9396.083415295992	12.847581069661825	12.847449308765674	-1.193028401758056e-05	-3.692681275424548e-05	54.43992333323498	True	Stroma
Patient05	ROI07	20	308.195	8.95966e-12	6351	9148	6413.54675833396	9156.10083589557	46.2621378300058	Patient05_CTCACTTGGCTGGTAA-1	6413.546770191048	9156.100871900668	13.439297046847187	13.438962786093184	-1.1857088793476578e-05	-3.6005098081659526e-05	63.06917250363836	True	Stroma
Patient05	ROI07	40	72.0109	6.6308e-12	6351	9148	6359.42315007644	9157.52586860463	9.32722245201312	Patient05_CTCACTTGGCTGGTAA-1	6359.423161721165	9157.525904628374	13.584477200841484	13.584194044267075	-1.1644725418591406e-05	-3.602374272304587e-05	12.715802368821336	True	Stroma
Patient05	ROI07	59	49.4262	6.70912e-12	6351	9148	6332.36134594768	9158.23838495916	15.5985900890411	Patient05_CTCACTTGGCTGGTAA-1	6332.361357486224	9158.238420992226	13.660713286298927	13.66044300740124	-1.153854373114882e-05	-3.603306504373904e-05	21.26555786839432	True	Stroma
Patient05	ROI07	60	35.5004	7.93973e-12	6351	9148	6305.29954181892	9158.95090131369	34.4709105706723	Patient05_CTCACTTGGCTGGTAA-1	6305.299553251281	9158.950937356078	13.7393265254162	13.73906084902761	-1.1432361134211533e-05	-3.6042387364432216e-05	46.99419238100388	True	Stroma
Patient05	ROI07	61	96.0649	6.72382e-12	6351	9148	6307.02799526156	9185.61562825521	42.4455285401456	Patient05_CTCACTTGGCTGGTAA-1	6307.028006702053	9185.615664400002	13.644610382670397	13.644401999048569	-1.1440492926340085e-05	-3.614479282987304e-05	57.86598905878541	True	Stroma
Patient05	ROI07	33	615.73	7.98607e-12	6348	9285	6396.85567486103	9316.80171389918	42.7597042529439	Patient05_CCTGTACTCACGCCCA-1	6396.8556866607305	9316.80175052807	13.042800704722394	13.042720103384196	-1.1799700587289408e-05	-3.662888957478572e-05	58.29430480803392	True	Stroma
Patient05	ROI07	35	810.542	1.00813e-11	6348	9285	6393.39876797575	9263.47226001615	36.8549257692312	Patient05_CCTGTACTCACGCCCA-1	6393.398779759189	9263.47229644022	13.162385270936008	13.16227363497831	-1.1783438822021708e-05	-3.642407136794645e-05	50.24432030118704	True	Stroma
Patient05	ROI07	45	237.537	9.74542e-12	6348	9285	6368.06541728963	9290.8495033122	15.3309335525369	Patient05_CCTGTACTCACGCCCA-1	6368.065428975018	9290.849539847995	13.180785692382315	13.180705903967752	-1.1685388017212972e-05	-3.653579733509105e-05	20.90066171216663	True	Stroma
Patient05	ROI07	46	38.286	8.37009e-12	6348	9285	6369.79387073227	9317.51423025371	28.7117008513064	Patient05_CCTGTACTCACGCCCA-1	6369.793882425789	9317.514266891922	13.127362207793482	13.127290252012765	-1.1693518899846822e-05	-3.663821189547889e-05	39.142661770581576	True	Stroma
Patient05	ROI07	47	141.647	7.24143e-12	6348	9285	6371.52232417491	9344.17895719522	46.711952630643	Patient05_CCTGTACTCACGCCCA-1	6371.52233587656	9344.178993935846	13.083348268422782	13.08327274241995	-1.1701649782480672e-05	-3.674062645586673e-05	63.68240502134929	True	Stroma
Patient05	ROI07	52	63.4875	6.58384e-12	6348	9285	6344.46052004615	9344.89147354975	44.0079005970261	Patient05_CCTGTACTCACGCCCA-1	6344.460531641618	9344.8915102997	13.171917333643728	13.17183986102798	-1.1595468095038086e-05	-3.674995059554931e-05	59.995970883918645	True	Stroma
Patient05	ROI07	53	204.296	7.4883e-12	6348	9285	6342.73206660351	9318.22674660824	24.676708703945	Patient05_CCTGTACTCACGCCCA-1	6342.732078190848	9318.226783255774	13.214294005256624	13.214222094191776	-1.1587337212404236e-05	-3.664753421617206e-05	33.64175697608555	True	Stroma
Patient05	ROI07	54	78.2045	8.8296e-12	6348	9285	6341.00361316087	9291.56201966673	7.03598611218723	Patient05_CCTGTACTCACGCCCA-1	6341.003624740077	9291.56205621185	13.266030385255476	13.265952692624342	-1.1579206329770386e-05	-3.654511965578422e-05	9.59215986675016	True	Stroma
Patient05	ROI07	55	271.824	7.05544e-12	6348	9285	6339.27515971824	9264.89729272521	16.0745376074179	Patient05_CCTGTACTCACGCCCA-1	6339.275171289306	9264.897329167925	13.327017469029764	13.326922795211525	-1.157106635218952e-05	-3.64427141903434e-05	21.914417120199545	True	Stroma
Patient05	ROI07	56	32.5307	9.26357e-12	6348	9285	6337.5467062756	9238.2325657837	35.1510587126986	Patient05_CCTGTACTCACGCCCA-1	6337.546717838535	9238.232602124	13.397128922618831	13.397006254920171	-1.1562935469555669e-05	-3.634030144894496e-05	47.92143834302783	True	Stroma
Patient05	ROI07	63	327.033	1.013e-11	6348	9285	6310.48490214684	9238.94508213823	43.5712292103317	Patient05_CCTGTACTCACGCCCA-1	6310.484913603594	9238.945118487853	13.481227676923506	13.48110295499357	-1.1456753782113084e-05	-3.6349621950648725e-05	59.400656782450646	True	Stroma
Patient05	ROI07	64	601.572	1.23528e-11	6348	9285	6312.21335558948	9265.60980907975	29.8555933666342	Patient05_CCTGTACTCACGCCCA-1	6312.213367054364	9265.609845531775	13.412878428448856	13.412779538793387	-1.1464884664746933e-05	-3.645202741608955e-05	40.70213043673246	True	Stroma
Patient05	ROI07	65	228.015	8.90015e-12	6348	9285	6313.94180903211	9292.27453602126	25.5456729458876	Patient05_CCTGTACTCACGCCCA-1	6313.941820505135	9292.2745725757	13.353611949873027	13.353527926644452	-1.1473025551822502e-05	-3.655444197647739e-05	34.82641592713624	True	Stroma
Patient05	ROI07	66	83.304	7.53598e-12	6348	9285	6315.67026247475	9318.93926296277	34.3820718958669	Patient05_CCTGTACTCACGCCCA-1	6315.670273955906	9318.939299619626	13.303549631259212	13.303469332370875	-1.148115552496165e-05	-3.6656856536865234e-05	46.87307861563527	True	Stroma
Patient05	ROI07	67	114.856	7.46355e-12	6348	9285	6317.39871591739	9345.60398990428	49.7995265043432	Patient05_CCTGTACTCACGCCCA-1	6317.398727406677	9345.604026663552	13.262795700270209	13.262707850407171	-1.14892864075955e-05	-3.675927109725308e-05	67.89169448336627	True	Stroma
Patient05	ROI07	74	282.36	9.2732e-12	6348	9285	6286.88000490335	9292.98705237579	45.213564785962	Patient05_CCTGTACTCACGCCCA-1	6286.880016270194	9292.987088939552	13.4434847135823	13.443386101018945	-1.1366843864379916e-05	-3.656376247818116e-05	61.63965287270988	True	Stroma
Patient05	ROI07	48	193.223	1.01588e-11	6346	9423	6373.25077761755	9370.84368413673	43.1645952509129	Patient05_CCGTTCCGAATCTCGG-1	6373.2507893273305	9370.843720979772	13.04883909024942	13.048748484156194	-1.1709780665114522e-05	-3.684304283524398e-05	58.84629270557679	True	Stroma
Patient05	ROI07	49	225.246	9.18432e-12	6346	9423	6374.97923106019	9397.50841107825	28.310390921732	Patient05_CCGTTCCGAATCTCGG-1	6374.9792427781	9397.508448023698	13.023910227183832	13.023792973295004	-1.171791063825367e-05	-3.69454483006848e-05	38.59555594359733	True	Stroma
Patient05	ROI07	50	354.728	7.5476e-12	6346	9423	6347.91742693142	9398.22092743278	18.2301386020106	Patient05_CCGTTCCGAATCTCGG-1	6347.917438543159	9398.220964387549	13.11558597832129	13.1154630127657	-1.1611738955252804e-05	-3.695476880238857e-05	24.853147956122235	True	Stroma
Patient05	ROI07	51	105.069	8.45739e-12	6346	9423	6346.18897348879	9371.55620049126	37.7350154733852	Patient05_CCGTTCCGAATCTCGG-1	6346.188985092389	9371.556237343624	13.138990933228849	13.13889645871239	-1.1603598977671936e-05	-3.685236333694775e-05	51.44414659487335	True	Stroma
Patient05	ROI07	69	178.082	1.07078e-11	6346	9423	6320.85562280266	9398.93344378731	25.5304994362535	Patient05_CCGTTCCGAATCTCGG-1	6320.855634308218	9398.933480751402	13.209537944795484	13.209400864379568	-1.150555817730492e-05	-3.696409294207115e-05	34.805729881453495	True	Stroma
Patient05	ROI07	70	678.286	1.20614e-11	6346	9423	6293.7938186739	9399.64596014184	41.950966355846	Patient05_CCGTTCCGAATCTCGG-1	6293.793830073276	9399.645997115254	13.305717909474252	13.3055584956509	-1.1399375580367632e-05	-3.697341526276432e-05	57.19175243293543	True	Stroma
Patient05	ROI07	72	18.7919	6.54264e-12	6227	9352	6290.33691178863	9346.31650625881	46.6452011219627	Patient05_AGCTTGATCTTAACTT-1	6290.336923171735	9346.316543027404	13.355936228551212	13.355829747889414	-1.1383105629647616e-05	-3.676859341794625e-05	63.591402689567886	True	Stroma
Patient05	ROI07	85	57.7407	7.17658e-12	6227	9352	6259.81820077459	9293.69956873032	49.0741031466193	Patient05_AGCTTGATCTTAACTT-1	6259.818212035252	9293.699605303407	13.53560303762301	13.535481748468904	-1.126066217693733e-05	-3.657308661786374e-05	66.90272481978525	True	Stroma
Patient05	ROI07	86	42.9817	8.95169e-12	6227	9352	6261.54665421723	9320.36429567183	34.360184628302	Patient05_AGCTTGATCTTAACTT-1	6261.546665486023	9320.364332347332	13.488846647997244	13.488724969720232	-1.126879305957118e-05	-3.667550117825158e-05	46.84323970376315	True	Stroma
Patient05	ROI07	87	18.6856	5.96742e-12	6227	9352	6263.27510765987	9347.02902261335	26.8569820781623	Patient05_AGCTTGATCTTAACTT-1	6263.275118936794	9347.029059391256	13.451291927038342	13.451158742377311	-1.127692394220503e-05	-3.67779066436924e-05	36.61412366715516	True	Stroma
Patient05	ROI07	89	193.116	9.35701e-12	6227	9352	6266.73201454514	9400.35847649637	45.9087074038018	Patient05_AGCTTGATCTTAACTT-1	6266.732025838334	9400.358513479106	13.404077911936938	13.403888133492226	-1.1293193892925046e-05	-3.698273576446809e-05	62.5873408035945	True	Stroma
Patient05	ROI07	91	43.1655	8.0243e-12	6227	9352	6237.94175697375	9374.40626590939	18.2903043349589	Patient05_AGCTTGATCTTAACTT-1	6237.941768152622	9374.406302799034	13.522056035124791	13.521863704365934	-1.1178872227901591e-05	-3.688964352477342e-05	24.935171899847067	True	Stroma
Patient05	ROI07	93	31.405	7.29985e-12	6227	9352	6234.48485008847	9321.07681202636	23.3375899640972	Patient05_AGCTTGATCTTAACTT-1	6234.484861251081	9321.076848711184	13.584795481014057	13.584641166312394	-1.1162611372128596e-05	-3.668482349894475e-05	31.816136398059637	True	Stroma
Patient05	ROI07	76	284.433	9.43571e-12	6229	9214	6283.42309801808	9239.65759849276	44.1340725972983	Patient05_AAGTGACGACCGAATT-1	6283.423109368652	9239.657634851705	13.567640738023911	13.567505728783468	-1.1350572094670495e-05	-3.63589442713419e-05	60.16798117189281	True	Stroma
Patient05	ROI07	77	550.055	1.06361e-11	6229	9214	6281.69464457544	9212.99287155125	38.6593325662383	Patient05_AAGTGACGACCGAATT-1	6281.694655917881	9212.99290780778	13.643145775083656	13.642976405744974	-1.1342441212036649e-05	-3.6256529710954055e-05	52.70426808754911	True	Stroma
Patient05	ROI07	78	800.795	1.19803e-11	6229	9214	6279.9661911328	9186.32814460974	42.5393010699551	Patient05_AAGTGACGACCGAATT-1	6279.966202467111	9186.328180763854	13.727411059497811	13.727196865096545	-1.1334310329402795e-05	-3.615411333157681e-05	57.99382914866504	True	Stroma
Patient05	ROI07	80	666.429	7.61893e-12	6229	9214	6251.1759335614	9160.37593402275	42.5647684637863	Patient05_AAGTGACGACCGAATT-1	6251.175944781398	9160.375970083782	13.903521955564525	13.90324121595192	-1.1219998668821065e-05	-3.606103200581856e-05	58.02854884668491	True	Stroma
Patient05	ROI07	81	1372.64	3.26074e-11	6229	9214	6252.90438700404	9187.04066096427	26.4291784287439	Patient05_AAGTGACGACCGAATT-1	6252.904398232169	9187.040697127706	13.812500697166604	13.812272664672596	-1.1228129551454911e-05	-3.616343565226998e-05	36.03089895190382	True	Stroma
Patient05	ROI07	82	451.054	1.04061e-11	6229	9214	6254.63284044668	9213.70538790578	18.8032960161498	Patient05_AAGTGACGACCGAATT-1	6254.63285168294	9213.705424171632	13.73004969261707	13.729864204566615	-1.123625952459406e-05	-3.626585203164723e-05	25.634533458813568	True	Stroma
Patient05	ROI07	83	149.703	7.98197e-12	6229	9214	6256.36129388932	9240.37011484729	27.8737676020552	Patient05_AAGTGACGACCGAATT-1	6256.361305133711	9240.370151215557	13.656324173304574	13.656170804683043	-1.1244390407227913e-05	-3.636826659203507e-05	38.00030737187559	True	Stroma
Patient05	ROI07	84	569.292	9.5973e-12	6229	9214	6258.08974733196	9267.03484178881	44.3694761092095	Patient05_AAGTGACGACCGAATT-1	6258.089758584481	9267.03487825948	13.591466131480251	13.591334227211684	-1.125252128986176e-05	-3.647067023848649e-05	60.48890677968542	True	Stroma
Patient05	ROI07	95	68.5916	7.11124e-12	6229	9214	6231.0279432032	9267.74735814334	39.4525069536793	Patient05_AAGTGACGACCGAATT-1	6231.02795434954	9267.747394623337	13.684103271806908	13.683942905044995	-1.1146339602419175e-05	-3.647999437816907e-05	53.78560272994921	True	Stroma
Patient05	ROI07	96	50.4869	6.65713e-12	6229	9214	6229.29948976056	9241.08263120182	19.8667109847588	Patient05_AAGTGACGACCGAATT-1	6229.299500898769	9241.082667579409	13.747234044270098	13.747054408907118	-1.1138208719785324e-05	-3.637758891272824e-05	27.08428708551261	True	Stroma
Patient05	ROI07	97	1825.99	1.77673e-11	6229	9214	6227.57103631792	9214.41790426031	1.09206977051212	Patient05_AAGTGACGACCGAATT-1	6227.571047447998	9214.417940535484	13.819191065129104	13.81898156423383	-1.1130078746646175e-05	-3.62751743523404e-05	1.4888187181420125	True	Stroma
Patient05	ROI07	98	1658.39	1.37901e-11	6229	9214	6225.84258287528	9187.7531773188	19.3912232214796	Patient05_AAGTGACGACCGAATT-1	6225.842593997228	9187.75321349156	13.899837259237689	13.89958751481772	-1.1121947864012329e-05	-3.617275979195256e-05	26.436054617847567	True	Stroma
Patient08	ROI01	10	143.172	1.05088e-11	5378	6290	5392.30789612587	6324.15929558627	27.1655240198011	Patient08_CCCGCAGCGCGAACTA-1	5392.307902186771	6324.159289024375	32.47011746850017	32.47189916768343	-6.060900886950549e-06	6.5618951339274645e-06	37.03475889618871	True	Stroma
Patient08	ROI01	29	1338.68	1.49989e-11	5378	6290	5384.88758876403	6297.84311336324	7.65647329454461	Patient08_CCCGCAGCGCGAACTA-1	5384.887594812199	6297.84310684701	32.48264929208904	32.48404446740807	-6.0481688706204295e-06	6.516230314446148e-06	10.43807004244685	True	Stroma
Patient08	ROI01	30	1322.23	1.26625e-11	5378	6290	5410.17451290368	6290.01975045437	23.6004686904083	Patient08_CCCGCAGCGCGAACTA-1	5410.174518966105	6290.019743937309	32.87261080309903	32.874119807654104	-6.06242520007072e-06	6.517061592603568e-06	32.17451896562732	True	Stroma
Patient08	ROI01	51	2574.87	1.66123e-11	5378	6290	5352.18035726253	6279.35029404908	20.4868602837314	Patient08_CCCGCAGCGCGAACTA-1	5352.180363283719	6279.350287579347	32.107945253867044	32.10902195679579	-6.021188710292336e-06	6.469732397818007e-06	27.92973662481679	True	Stroma
Patient08	ROI01	52	1975.91	3.54757e-11	5378	6290	5326.89343312288	6287.17365695794	37.5446781651226	Patient08_CCCGCAGCGCGAACTA-1	5326.893439129812	6287.17365048905	31.72088453477226	31.72204165128242	-6.006931471347343e-06	6.468890205724165e-06	51.18465974251388	True	Stroma
Patient08	ROI01	69	543.724	1.38892e-11	5378	6290	5370.04697404034	6245.21074891718	33.3674634973088	Patient08_CCCGCAGCGCGAACTA-1	5370.046980063053	6245.2107424922815	32.5106209127553	32.511441346553866	-6.022713023412507e-06	6.42489885649411e-06	45.48986298588833	True	Stroma
Patient08	ROI01	14	1120.35	1.90174e-11	5256	6357	5291.16019956726	6355.45274722173	25.8154677262467	Patient08_CTTGTCAACATTCGAG-1	5291.160205571144	6355.4527406631805	30.918852876697567	30.92078807869559	-6.003883754601702e-06	6.558549102919642e-06	35.19422715118791	True	Stroma
Patient08	ROI01	15	411.181	1.25167e-11	5256	6357	5265.87327542761	6363.2761101306	8.58152526424642	Patient08_CTTGTCAACATTCGAG-1	5265.873281417236	6363.276103572883	30.534034993173403	30.536214615402635	-5.98962651565671e-06	6.55771691526752e-06	11.699193392745403	True	Stroma
Patient08	ROI01	17	240.983	1.19751e-11	5256	6357	5215.2994271483	6378.92283594833	33.9098446545246	Patient08_CTTGTCAACATTCGAG-1	5215.299433109423	6378.922829392285	29.768323226840227	29.77126113384438	-5.961122951703146e-06	6.556045264005661e-06	46.22929121751623	True	Stroma
Patient08	ROI01	22	395.492	1.19986e-11	5256	6357	5207.87911978646	6352.6066537253	35.4441547518861	Patient08_CTTGTCAACATTCGAG-1	5207.879125734851	6352.606647214921	29.785790723061552	29.788644911511334	-5.948390935373027e-06	6.5103786255349405e-06	48.321016173247656	True	Stroma
Patient08	ROI01	23	134.068	1.1121e-11	5256	6357	5233.16604392611	6344.78329081643	18.9955771379895	Patient08_CTTGTCAACATTCGAG-1	5233.166049888758	6344.78328430522	30.167218897709965	30.16960149492582	-5.9626472648233175e-06	6.511209903692361e-06	25.89667031222818	True	Stroma
Patient08	ROI01	24	1164.03	2.33199e-11	5256	6357	5258.45296806576	6336.95992790757	14.8093885915419	Patient08_CTTGTCAACATTCGAG-1	5258.452974042664	6336.959921395518	30.5500065706834	30.55201073788992	-5.97690450376831e-06	6.512052095786203e-06	20.189639466850934	True	Stroma
Patient08	ROI01	25	91.6775	1.00701e-11	5256	6357	5283.73989220542	6329.1365649987	28.8400108360872	Patient08_CTTGTCAACATTCGAG-1	5283.739898196571	6329.136558485817	30.93410327352917	30.935818769844136	-5.991150828776881e-06	6.512883373943623e-06	39.31758677284223	True	Stroma
Patient08	ROI01	56	22.74	9.36993e-12	5256	6357	5225.74573656426	6318.46710859341	35.9354933528346	Patient08_CTTGTCAACATTCGAG-1	5225.745742514186	6318.467102127856	30.18496925394625	30.18729267772132	-5.949925252934918e-06	6.465554179158062e-06	48.99085808792511	True	Stroma
Patient08	ROI01	33	246.827	1.27668e-11	5499	6223	5486.03528532264	6266.54966172778	33.3297846325726	Patient08_CTCTATTTGGCTGCAG-1	5486.035291427825	6266.549655208204	34.04865459136763	34.05092774113932	-6.105184183979873e-06	6.51957634545397e-06	45.438495389586166	True	Stroma
Patient08	ROI01	34	349.637	1.19396e-11	5499	6223	5511.32220946229	6258.72629881891	27.7206801232108	Patient08_CTCTATTTGGCTGCAG-1	5511.322215581731	6258.726292298503	34.442605434982895	34.4452660966308	-6.119441422924865e-06	6.520407623611391e-06	37.79160321196527	True	Stroma
Patient08	ROI01	44	905.51	1.39999e-11	5499	6223	5529.1888262401	6224.58675368702	22.1745016703588	Patient08_CTCTATTTGGCTGCAG-1	5529.188832361066	6224.586747211437	34.847276128034395	34.84983960324355	-6.1209657360450365e-06	6.475583177234512e-06	30.230498127192888	True	Stroma
Patient08	ROI01	45	463.49	1.19081e-11	5499	6223	5503.90190210045	6232.41011659588	7.78282275670897	Patient08_CTCTATTTGGCTGCAG-1	5503.901908207159	6232.410110121139	34.45299336533278	34.455142379717046	-6.106709406594746e-06	6.47474098514067e-06	10.610322264212783	True	Stroma
Patient08	ROI01	46	497.281	1.14437e-11	5499	6223	5478.6149779608	6240.23347950475	19.5800493032139	Patient08_CTCTATTTGGCTGCAG-1	5478.614984053253	6240.23347303084	34.05963723444473	34.06143522384715	-6.092452167649753e-06	6.47390970698325e-06	26.693481215069944	True	Stroma
Patient08	ROI01	73	1206.36	1.71753e-11	5499	6223	5471.19467059895	6213.91729728172	21.4561616184522	Patient08_CTCTATTTGGCTGCAG-1	5471.1946766786805	6213.917290853476	34.071545834590424	34.07293173774121	-6.079730155761354e-06	6.428243978007231e-06	29.251185134444317	True	Stroma
Patient08	ROI01	75	198.54	1.87524e-11	5499	6223	5521.76851887826	6198.27057146399	24.6568841912828	Patient08_CTCTATTTGGCTGCAG-1	5521.7685249864935	6198.270565034073	34.857988292558915	34.86006610713602	-6.108233719714917e-06	6.429916538763791e-06	33.614730217976096	True	Stroma
Patient08	ROI01	84	309.771	1.44326e-11	5499	6223	5514.34821151641	6171.95438924096	39.0985946721132	Patient08_CTCTATTTGGCTGCAG-1	5514.348217611921	6171.954382856708	34.86960538953348	34.87125916620128	-6.0955117078265175e-06	6.384251719282474e-06	53.30311411649283	True	Stroma
Patient08	ROI01	85	210.549	1.58292e-11	5499	6223	5489.06128737676	6179.77775214983	32.5315083888691	Patient08_CTCTATTTGGCTGCAG-1	5489.061293458015	6179.777745766411	34.476515645666616	34.47782839660141	-6.081254468881525e-06	6.383419531630352e-06	44.35020538654648	True	Stroma
Patient08	ROI01	41	345.423	4.25265e-11	5620	6156	5605.04959865906	6201.11666496042	34.8633702498788	Patient08_AAATACCTATAAGCAT-1	5605.049604822787	6201.116658482332	36.03537968735216	36.03954598312012	-6.1637265389435925e-06	6.4780879256431945e-06	47.52923266165754	True	Stroma
Patient08	ROI01	78	39.2412	1.05064e-11	5620	6156	5597.62929129722	6174.80048273739	21.4345214029151	Patient08_AAATACCTATAAGCAT-1	5597.629297448215	6174.8004763049685	36.04439352157899	36.04796991066212	-6.150994522613473e-06	6.432421287172474e-06	29.221683028592174	True	Stroma
Patient08	ROI01	79	229.83	1.3893e-11	5620	6156	5622.91621543687	6166.97711982853	8.33116812263739	Patient08_AAATACCTATAAGCAT-1	5622.91622160212	6166.977113395267	36.441542686345976	36.44573332196811	-6.165249942569062e-06	6.433262569771614e-06	11.357881501589045	True	Stroma
Patient08	ROI01	80	116.839	1.11268e-11	5620	6156	5615.49590807503	6140.6609376055	11.7264519358647	Patient08_AAATACCTATAAGCAT-1	5615.495914227548	6140.660931217903	36.45088147173586	36.4545078977869	-6.152517926238943e-06	6.387597750290297e-06	15.986671924166677	True	Stroma
Patient08	ROI01	81	251.261	1.04685e-11	5620	6156	5590.20898393537	6148.48430051436	22.5368050970449	Patient08_AAATACCTATAAGCAT-1	5590.208990073641	6148.484294127604	36.05428348230162	36.05732953105324	-6.13827069173567e-06	6.386756467691157e-06	30.724426388811104	True	Stroma
Patient08	ROI01	119	838.764	4.28132e-11	5620	6156	5608.07560071318	6114.34475538247	31.782003419214	Patient08_AAATACCTATAAGCAT-1	5608.075606852975	6114.344749040538	36.461086444718106	36.464207560071706	-6.139795004855841e-06	6.341932021314278e-06	43.32840526141917	True	Stroma
Patient08	ROI01	60	917.802	1.4936e-11	5138	6286	5142.46465678346	6315.62101509697	21.9728565955245	Patient08_GGACCAACAGGATAAC-1	5142.464662677892	6315.621008679596	29.068535431271133	29.07287197039582	-5.894432433706243e-06	6.417373697331641e-06	29.95559539667039	True	Stroma
Patient08	ROI01	61	1482.97	1.15582e-11	5138	6286	5167.75158092312	6307.79765218811	27.0535953460844	Patient08_GGACCAACAGGATAAC-1	5167.751586831799	6307.797645769894	29.44545448016095	29.44902239629052	-5.908678758714814e-06	6.418215889425483e-06	36.88216653531588	True	Stroma
Patient08	ROI01	97	82.8827	9.93676e-12	5138	6286	5185.61819770092	6273.65810705621	36.0827520637331	Patient08_GGACCAACAGGATAAC-1	5185.618203611133	6273.658100682828	29.844499334393717	29.847532619634407	-5.910213076276705e-06	6.373381438606884e-06	49.19161588848134	True	Stroma
Patient08	ROI01	98	203.635	1.37415e-11	5138	6286	5160.33127356127	6281.48146996508	16.7122640861127	Patient08_GGACCAACAGGATAAC-1	5160.331279457227	6281.48146359253	29.466886348107828	29.47063556254141	-5.895956746826414e-06	6.372549250954762e-06	22.783829628592915	True	Stroma
Patient08	ROI01	99	242.118	2.98706e-11	5138	6286	5135.04434942162	6289.30483287394	3.25219006139679	Patient08_GGACCAACAGGATAAC-1	5135.04435530332	6289.304826502232	29.09080060785712	29.09536964032439	-5.881700417376123e-06	6.371707968355622e-06	4.433710710697292	True	Stroma
Patient08	ROI01	100	1145.3	1.19167e-11	5138	6286	5127.62404205977	6262.98865065091	18.5157178376017	Patient08_GGACCAACAGGATAAC-1	5127.624047928748	6262.988644324867	29.11413652935708	29.119011017333445	-5.868978405487724e-06	6.326043148874305e-06	25.242478128014454	True	Stroma
Patient08	ROI01	101	992.536	1.36592e-11	5138	6286	5152.91096619943	6255.16528774205	25.1234407324429	Patient08_GGACCAACAGGATAAC-1	5152.910972082655	6255.165281415166	29.48937657052596	29.493379240830187	-5.883224730496295e-06	6.326884431473445e-06	34.250786750541955	True	Stroma
Patient08	ROI01	139	1125.34	1.61946e-11	5138	6286	5120.20373469793	6236.67246842789	38.46520021404	Patient08_GGACCAACAGGATAAC-1	5120.203740554176	6236.672462147503	29.138540623217512	29.143793318105576	-5.8562463891576044e-06	6.280386514845304e-06	52.43960745180318	True	Stroma
Patient08	ROI01	94	52.7662	1.01294e-11	5259	6219	5261.47897011988	6250.18801832962	22.9490085109873	Patient08_AAGCTAGATCGAGTAA-1	5261.478976072855	6250.188011953724	30.98594228772654	30.987414137712623	-5.952974788669962e-06	6.375896191457287e-06	31.28638330302749	True	Stroma
Patient08	ROI01	95	90.5613	1.14924e-11	5259	6219	5236.19204598023	6258.01138123848	33.1471407093579	Patient08_AAGCTAGATCGAGTAA-1	5236.192051918947	6258.011374863426	30.60408068744486	30.60597883945441	-5.938716640230268e-06	6.375053999363445e-06	45.18949692906455	True	Stroma
Patient08	ROI01	104	353.721	1.01485e-11	5259	6219	5228.77173861839	6231.69519901545	24.0489323974443	Patient08_AAGCTAGATCGAGTAA-1	5228.771744544375	6231.695192686061	30.62415247897862	30.62615500994067	-5.925984623900149e-06	6.329389179882128e-06	32.78590953743394	True	Stroma
Patient08	ROI01	105	963.195	1.46801e-11	5259	6219	5254.05866275804	6223.87183610659	5.0899548519209	Patient08_AAGCTAGATCGAGTAA-1	5254.0586686982815	6223.87182977636	31.00524557897348	31.006774346531465	-5.940241862845141e-06	6.330230462481268e-06	6.939135449626371	True	Stroma
Patient08	ROI01	106	392.437	1.32323e-11	5259	6219	5279.34558689769	6216.04847319772	15.0799975547967	Patient08_AAGCTAGATCGAGTAA-1	5279.345592852187	6216.048466866658	31.3876700344466	31.388815796833097	-5.95449728280073e-06	6.33106265013339e-06	20.55856066644801	True	Stroma
Patient08	ROI01	107	798.812	1.83903e-11	5259	6219	5304.63251103735	6208.22511028886	34.3925458061936	Patient08_AAGCTAGATCGAGTAA-1	5304.632517006095	6208.225103956956	31.771377769814467	31.772228060765684	-5.968744517304003e-06	6.33190393273253e-06	46.88735769758297	True	Stroma
Patient08	ROI01	133	189.613	9.95667e-12	5259	6219	5271.92527953585	6189.73229097469	23.4685782512388	Patient08_AAGCTAGATCGAGTAA-1	5271.925285477616	6189.732284689294	31.40722012092729	31.408444505345187	-5.941766175965313e-06	6.2853960116626695e-06	31.994712729919502	True	Stroma
Patient08	ROI01	134	86.6877	1.083e-11	5259	6219	5246.6383553962	6197.55565388356	18.1560745418746	Patient08_AAGCTAGATCGAGTAA-1	5246.6383613237085	6197.555647598995	31.025557615029232	31.02721215371636	-5.92750893702032e-06	6.284564733505249e-06	24.752176422940018	True	Stroma
Patient08	ROI01	135	434.537	1.26888e-11	5259	6219	5221.35143125654	6205.37901679242	29.367569108219	Patient08_AAGCTAGATCGAGTAA-1	5221.351437169802	6205.379010508697	30.645244546988657	30.64742108049371	-5.913261702517048e-06	6.283722541411407e-06	40.03680696524375	True	Stroma
Patient08	ROI01	145	1470.94	2.30508e-11	5259	6219	5239.21804803435	6171.23947166053	37.9191666412101	Patient08_AAGCTAGATCGAGTAA-1	5239.218053949136	6171.239465421631	31.046876416017295	31.048725431281703	-5.914786015637219e-06	6.23889900452923e-06	51.69519988196724	True	Stroma
Patient08	ROI01	109	185.155	1.05137e-11	5380	6152	5355.20635931665	6192.57838447112	34.8811285966966	Patient08_TTCTGCCGCGCCTAGA-1	5355.2063653139085	6192.578378137554	32.54246135529009	32.542971050318265	-5.997258085699286e-06	6.333566489047371e-06	47.55344261587292	True	Stroma
Patient08	ROI01	110	289.38	1.70222e-11	5380	6152	5380.49328345631	6184.75502156226	24.0290000162353	Patient08_TTCTGCCGCGCCTAGA-1	5380.493289467815	6184.755015227852	32.929751312876206	32.93021006311091	-6.011505320202559e-06	6.334407771646511e-06	32.758735722130034	True	Stroma
Patient08	ROI01	111	282.396	1.74127e-11	5380	6152	5405.78020759596	6176.93165865339	26.3065532957382	Patient08_TTCTGCCGCGCCTAGA-1	5405.7802136217215	6176.931652318151	33.31815256609101	33.318636254900326	-6.02576164965285e-06	6.335239049803931e-06	35.86372410807224	True	Stroma
Patient08	ROI01	128	155.338	1.17147e-11	5380	6152	5398.35990023411	6150.61547643036	13.5054865552629	Patient08_TTCTGCCGCGCCTAGA-1	5398.359906247149	6150.615470140786	33.3341462176638	33.334488196435856	-6.01303963776445e-06	6.289574230322614e-06	18.412029820781644	True	Stroma
Patient08	ROI01	130	149.964	1.04255e-11	5380	6152	5347.78605195481	6166.2622022481	25.8416655802114	Patient08_TTCTGCCGCGCCTAGA-1	5347.786057939336	6166.262195960189	32.55982889174551	32.56028202101699	-5.984526069369167e-06	6.287910764513072e-06	35.2299426855039	True	Stroma
Patient08	ROI01	149	131.099	1.12311e-11	5380	6152	5340.36574459296	6139.94602002507	30.387085766126	Patient08_TTCTGCCGCGCCTAGA-1	5340.365750564764	6139.9460137828255	32.57815927605258	32.578621579417145	-5.971804057480767e-06	6.242244126042351e-06	41.426714024968014	True	Stroma
Patient08	ROI01	151	305.601	1.07225e-11	5380	6152	5390.93959287227	6124.29929420734	21.8459685412558	Patient08_TTCTGCCGCGCCTAGA-1	5390.939598872577	6124.299287963422	33.35108177646975	33.351346344198426	-6.000307621434331e-06	6.243917596293613e-06	29.78260891229206	True	Stroma
Patient08	ROI01	169	62.5723	9.74856e-12	5380	6152	5358.23236137077	6105.80647489317	37.4571762883243	Patient08_TTCTGCCGCGCCTAGA-1	5358.232367344099	6105.80646869576	32.98262505414486	32.98297988916705	-5.973328370600939e-06	6.197410584718455e-06	51.065368433881375	True	Stroma
Patient08	ROI01	123	867.654	1.42629e-11	5501	6085	5524.79452093238	6111.49866188604	26.1233906123799	Patient08_ACTCCCTAGAATAGTA-1	5524.794527016684	6111.498655592279	35.28835633675517	35.289676210841726	-6.08430400461657e-06	6.293761543929577e-06	35.61401842185382	True	Stroma
Patient08	ROI01	154	1572.19	2.06503e-11	5501	6085	5466.80036529123	6100.82920548074	27.642675267331	Patient08_ACTCCCTAGAATAGTA-1	5466.800371334297	6100.8291992343175	34.51865053263319	34.51917596650916	-6.043066605343483e-06	6.246422344702296e-06	37.68525919195423	True	Stroma
Patient08	ROI01	155	510.481	1.10281e-11	5501	6085	5492.08728943088	6093.00584257187	8.78779251074633	Patient08_ACTCCCTAGAATAGTA-1	5492.087295488203	6093.005836324616	34.90987688915645	34.91062797610758	-6.057322934793774e-06	6.247253622859716e-06	11.980397529901037	True	Stroma
Patient08	ROI01	156	948.344	2.40035e-11	5501	6085	5517.37421357054	6085.18247966301	12.0114650817091	Patient08_ACTCCCTAGAATAGTA-1	5517.37421964211	6085.182473414914	35.3020652747142	35.30310749824352	-6.071570169297047e-06	6.248095814953558e-06	16.375230345893137	True	Stroma
Patient08	ROI01	163	186.332	1.23893e-11	5501	6085	5509.95390620869	6058.86629743998	20.263361106922	Patient08_ACTCCCTAGAATAGTA-1	5509.953912267538	6058.86629123755	35.31666561734649	35.317490981373815	-6.058848157408647e-06	6.202430085977539e-06	27.625040197067367	True	Stroma
Patient08	ROI01	164	370.474	9.10131e-12	5501	6085	5484.66698206904	6066.68966034884	17.9978157187476	Patient08_ACTCCCTAGAATAGTA-1	5484.666988113631	6066.689654147252	34.92510398640644	34.9256771646627	-6.044590918463655e-06	6.2015888033784e-06	24.536422169376653	True	Stroma
Patient08	ROI01	165	131.899	1.13912e-11	5501	6085	5459.38005792938	6074.51302325771	31.4830292834542	Patient08_ACTCCCTAGAATAGTA-1	5459.380063959725	6074.513017056954	34.53451816686115	34.53490551120783	-6.030344593455084e-06	6.200756615726277e-06	42.92081382214313	True	Stroma
Patient08	ROI01	195	269.68	1.31823e-11	5501	6085	5477.24667470719	6040.37347812582	37.0823704433564	Patient08_ACTCCCTAGAATAGTA-1	5477.246680739059	6040.373471969888	34.941230809223875	34.94168747148154	-6.031868906575255e-06	6.155932169349399e-06	50.55439562543206	True	Stroma
Patient08	ROI01	196	214.963	1.02411e-11	5501	6085	5502.53359884685	6032.55011521695	38.4891811670265	Patient08_ACTCCCTAGAATAGTA-1	5502.533604892966	6032.550109060186	35.33215625958392	35.33282549735722	-6.046116141078528e-06	6.156764357001521e-06	52.47230068501173	True	Stroma
Patient08	ROI02	3	1536.01	2.28335e-11	3197	7355	3251.62475203417	7358.70168525726	40.1599296130296	Patient08_TTCACTTCCTAGAACG-1	3251.624757998456	7358.70167778171	9.1521143457507	9.153232491664316	-5.9642857195285615e-06	7.475549864466302e-06	54.750032041436846	True	Stroma
Patient08	ROI02	4	1884.14	1.80881e-11	3197	7355	3226.30718546731	7366.14520085179	22.9992298511904	Patient08_TTCACTTCCTAGAACG-1	3226.307191431908	7366.145193375106	9.35734225107649	9.358272491733828	-5.9645981309586205e-06	7.476684004359413e-06	31.354850056124288	True	Stroma
Patient08	ROI02	5	212.091	1.0351e-11	3197	7355	3200.98961890044	7373.58871644632	13.9455982054927	Patient08_TTCACTTCCTAGAACG-1	3200.9896248653604	7373.588708968503	9.576147935053257	9.576999275617164	-5.964920546830399e-06	7.477817234757822e-06	19.01203403353889	True	Stroma
Patient08	ROI02	6	1274.36	9.8779e-12	3197	7355	3175.67205233358	7381.03223204086	24.68532667815	Patient08_TTCACTTCCTAGAACG-1	3175.6720582988123	7381.032224561899	9.807622688930586	9.8084972515339	-5.965232503513107e-06	7.478961379092652e-06	33.65350586032247	True	Stroma
Patient08	ROI02	12	81.4591	1.14758e-11	3197	7355	3142.71795866252	7362.87165767696	40.2331271914083	Patient08_TTCACTTCCTAGAACG-1	3142.7179646159	7362.871650233013	10.113160689769185	10.11396312814448	-5.953380423306953e-06	7.443946742569096e-06	54.84982230005088	True	Stroma
Patient08	ROI02	13	233.01	1.05221e-11	3197	7355	3168.03552522938	7355.42814208243	21.2481764220735	Patient08_TTCACTTCCTAGAACG-1	3168.035531182448	7355.428134639617	9.870637524620182	9.871290177032396	-5.953068011876894e-06	7.4428126026759855e-06	28.967638916222384	True	Stroma
Patient08	ROI02	14	325.135	1.41685e-11	3197	7355	3193.35309179625	7347.98462648789	5.79965406415528	Patient08_TTCACTTCCTAGAACG-1	3193.3530977489954	7347.98461904622	9.639867707180692	9.640463758213771	-5.952745596005116e-06	7.441669367835857e-06	7.906668385672864	True	Stroma
Patient08	ROI02	15	1145.87	1.78845e-11	3197	7355	3218.67065836311	7340.54111089336	19.1090942119442	Patient08_TTCACTTCCTAGAACG-1	3218.670664315543	7340.541103452824	9.421714915322376	9.422354551821794	-5.952433184575057e-06	7.440536137437448e-06	26.051428139139027	True	Stroma
Patient08	ROI02	16	1565.14	1.39952e-11	3197	7355	3243.98822492998	7333.09759529883	38.0269573365371	Patient08_TTCACTTCCTAGAACG-1	3243.98823088209	7333.097587859427	9.217075064434969	9.217865329868255	-5.952110768703278e-06	7.439402907039039e-06	51.84215093689893	True	Stroma
Patient08	ROI02	23	606.392	1.5127e-11	3197	7355	3236.35169782579	7307.4935053404	45.2491102144352	Patient08_TTCACTTCCTAGAACG-1	3236.351703765726	7307.493497937146	9.283633351542663	9.284189965714218	-5.939936272625346e-06	7.403254130622372e-06	61.68811195534281	True	Stroma
Patient08	ROI02	24	379.011	9.91724e-12	3197	7355	3211.03413125892	7314.93702093493	31.1376515271468	Patient08_TTCACTTCCTAGAACG-1	3211.0341371991785	7314.937013530542	9.48765880521364	9.488099517695042	-5.940258688497124e-06	7.404388270515483e-06	42.44996032696419	True	Stroma
Patient08	ROI02	25	239.223	9.95168e-12	3197	7355	3185.71656469206	7322.38053652947	25.3178833710624	Patient08_TTCACTTCCTAGAACG-1	3185.7165706326305	7322.380529123939	9.7051321096922	9.70556199858864	-5.940570645179832e-06	7.4055315053556114e-06	34.515870399769724	True	Stroma
Patient08	ROI02	26	755.037	1.08755e-11	3197	7355	3160.39899812519	7329.824052124	32.5853894021873	Patient08_TTCACTTCCTAGAACG-1	3160.399004066083	7329.824044717334	9.935170214604634	9.93568754902034	-5.940893061051611e-06	7.406666554743424e-06	44.4236613720088	True	Stroma
Patient08	ROI02	27	329.312	1.1708e-11	3197	7355	3135.08143155833	7337.26756771853	47.2439466485437	Patient08_TTCACTTCCTAGAACG-1	3135.0814374995352	7337.267560310731	10.176921115146436	10.177617233302412	-5.941205017734319e-06	7.407798875647131e-06	64.40767246596225	True	Stroma
Patient08	ROI02	34	61.4014	1.19903e-11	3197	7355	3178.08003758786	7296.77644657104	44.9060953845862	Patient08_TTCACTTCCTAGAACG-1	3178.080043516266	7296.776439201656	9.771910193914252	9.772261346802797	-5.9284061535436194e-06	7.369383638433646e-06	61.22047983781072	True	Stroma
Patient08	ROI02	9	153.249	1.02437e-11	3075	7422	3099.71935263298	7403.36277882445	22.7080712179152	Patient08_CGTAACTTCGACACTT-1	3099.719358599169	7403.362771342089	10.56951337558058	10.57099998264862	-5.966188837192021e-06	7.482361070287879e-06	30.95791349138348	True	Stroma
Patient08	ROI02	10	290.768	1.46789e-11	3075	7422	3092.08282552879	7377.75868886603	34.7868051716727	Patient08_CGTAACTTCGACACTT-1	3092.0828314828045	7377.758681419807	10.630210812531969	10.63156466808559	-5.954014341114089e-06	7.446223207807634e-06	47.42485149054067	True	Stroma
Patient08	ROI02	11	60.5138	1.03281e-11	3075	7422	3117.40039209565	7370.31517327149	49.0364824417004	Patient08_CGTAACTTCGACACTT-1	3117.400398049352	7370.31516582641	10.36661233942425	10.367650778662574	-5.95370192968403e-06	7.4450799729675055e-06	66.85143651277077	True	Stroma
Patient08	ROI02	30	313.161	1.04295e-11	3078	7284	3076.8097713204	7326.55050894917	31.2236135217748	Patient08_CATACTTCTTTCTCCG-1	3076.809777250075	7326.5505015752415	10.7558922881182	10.757217031788594	-5.929674898652593e-06	7.373928383458406e-06	42.56715231423316	True	Stroma
Patient08	ROI02	31	437.575	1.70185e-11	3078	7284	3102.12733788727	7319.10699335464	31.24658350733	Patient08_CATACTTCTTTCTCCG-1	3102.1273438166227	7319.106985981845	10.493966075723945	10.49492655955657	-5.929352482780814e-06	7.372794243565295e-06	42.59846729554025	True	Stroma
Patient08	ROI02	32	159.669	1.00469e-11	3078	7284	3127.44490445413	7311.6634777601	41.5590474955891	Patient08_CATACTTCTTTCTCCG-1	3127.4449103831703	7311.663470388448	10.242144665422725	10.24281703558722	-5.929040071350755e-06	7.371651918219868e-06	56.65744945072648	True	Stroma
Patient08	ROI02	46	180.077	1.03341e-11	3078	7284	3145.12594391681	7278.61587220714	49.3959703710921	Patient08_CATACTTCTTTCTCCG-1	3145.125949833353	7278.61586487277	10.06867173189992	10.06917173143752	-5.916543159401044e-06	7.334369911404792e-06	67.3415264069099	True	Stroma
Patient08	ROI02	47	140.593	1.57923e-11	3078	7284	3119.80837734994	7286.05938780167	30.7042228823119	Patient08_CATACTTCTTTCTCCG-1	3119.8083832668053	7286.059380466166	10.30880356916815	10.30953320903379	-5.916865120525472e-06	7.335504051297903e-06	41.85906705545	True	Stroma
Patient08	ROI02	48	234.001	1.10817e-11	3078	7284	3094.49081078308	7293.50290339621	13.9609177724216	Patient08_CATACTTCTTTCTCCG-1	3094.4908167002577	7293.502896059563	10.559773192393164	10.560813544974051	-5.917177531955531e-06	7.336647286138032e-06	19.03291919914163	True	Stroma
Patient08	ROI02	49	60.9682	1.03559e-11	3078	7284	3069.17324421621	7300.94641899074	14.0155504931751	Patient08_CATACTTCTTTCTCCG-1	3069.17325013371	7300.94641165296	10.820826538949532	10.822252195721132	-5.917499947827309e-06	7.337780516536441e-06	19.107399987344994	True	Stroma
Patient08	ROI02	51	293.28	9.47764e-12	3078	7284	3086.85428367888	7267.89881343778	13.4784428769843	Patient08_CATACTTCTTTCTCCG-1	3086.8542895838928	7267.89880613728	10.626965487279945	10.6281629579002	-5.905012585571967e-06	7.300499419216067e-06	18.375161174191376	True	Stroma
Patient08	ROI02	52	300.754	1.2518e-11	3078	7284	3112.17185024575	7260.45529784324	30.439236686302	Patient08_CATACTTCTTTCTCCG-1	3112.171856150441	7260.455290543884	10.37687016516319	10.377736508438554	-5.9046906244475394e-06	7.299356184375938e-06	41.497811374438825	True	Stroma
Patient08	ROI02	68	153.055	1.03682e-11	3078	7284	3079.21775657469	7242.29472347935	30.6044534814776	Patient08_CATACTTCTTTCTCCG-1	3079.2177624675287	7242.2947162149985	10.695516854159296	10.696947175451967	-5.8928385442413855e-06	7.264351552294101e-06	41.723051431302046	True	Stroma
Patient08	ROI02	69	151.662	1.09373e-11	3078	7284	3053.90019000783	7249.73823907388	30.7260108650942	Patient08_CATACTTCTTTCTCCG-1	3053.90019590098	7249.738231808395	10.95475797455343	10.956609369947758	-5.893150046176743e-06	7.265485692187212e-06	41.888770612388136	True	Stroma
Patient08	ROI02	42	126.919	1.60313e-11	3199	7217	3246.39621018426	7248.84180982901	41.8829683261689	Patient08_AACGCGACCTTGGGCG-1	3246.3962160995443	7248.841802499184	9.232876624032448	9.233402295940946	-5.915284418733791e-06	7.329826075874735e-06	57.09905071905661	True	Stroma
Patient08	ROI02	43	181.236	1.22288e-11	3199	7217	3221.0786436174	7256.28532542354	33.0554059655504	Patient08_AACGCGACCTTGGGCG-1	3221.0786495329967	7256.28531809258	9.421406385508847	9.421770806992209	-5.9155968301638495e-06	7.330959306273144e-06	45.06443495282688	True	Stroma
Patient08	ROI02	44	140.815	9.30128e-12	3199	7217	3195.76107705054	7263.72884101807	34.3585098573932	Patient08_AACGCGACCTTGGGCG-1	3195.761082966449	7263.728833685977	9.62413030207753	9.624440993265033	-5.9159092415939085e-06	7.332092536671553e-06	46.8409564885752	True	Stroma
Patient08	ROI02	45	491.788	1.20299e-11	3199	7217	3170.44351048367	7271.17235661261	44.9190944257631	Patient08_AACGCGACCTTGGGCG-1	3170.443516399901	7271.172349279373	9.840171143124737	9.840529245865648	-5.916231657465687e-06	7.333236681006383e-06	61.23820143064368	True	Stroma
Patient08	ROI02	55	102.885	9.30405e-12	3199	7217	3188.12454994634	7238.12475105965	17.4281897124054	Patient08_AACGCGACCTTGGGCG-1	3188.124555850084	7238.124743763695	9.694593383945818	9.694969275379275	-5.903744295210345e-06	7.295955583686009e-06	23.75985103492567	True	Stroma
Patient08	ROI02	56	310.372	9.84952e-12	3199	7217	3213.44211651321	7230.68123546511	14.592158526982	Patient08_AACGCGACCTTGGGCG-1	3213.442122416632	7230.681228170298	9.49255354967737	9.492955539747962	-5.903421879338566e-06	7.29481234884588e-06	19.893489719828345	True	Stroma
Patient08	ROI02	57	300.251	2.24921e-11	3199	7217	3238.75968308007	7223.23771987058	29.5210245865271	Patient08_AACGCGACCTTGGGCG-1	3238.75968898318	7223.237712576902	9.304628051195635	9.305161611775564	-5.903109922655858e-06	7.29367820895277e-06	40.246012818805056	True	Stroma
Patient08	ROI02	58	204.219	1.39125e-11	3199	7217	3264.07724964694	7215.79420427605	47.743284377354	Patient08_AACGCGACCTTGGGCG-1	3264.077255549728	7215.794196983505	9.131688327623689	9.132464753583143	-5.902787961531431e-06	7.29254497855436e-06	65.08841959164498	True	Stroma
Patient08	ROI02	62	416.918	9.95659e-12	3199	7217	3231.12315597588	7197.63362991215	27.5136639260894	Patient08_AACGCGACCTTGGGCG-1	3231.123161866815	7197.633622654619	9.37786197938004	9.378492052061937	-5.890934971830575e-06	7.257531251525506e-06	37.50937803043744	True	Stroma
Patient08	ROI02	64	225.354	1.01273e-11	3199	7217	3180.48802284215	7212.52066110122	13.9706602154157	Patient08_AACGCGACCTTGGGCG-1	3180.488028733719	7212.520653841412	9.76649872807232	9.767024109472084	-5.891569344385061e-06	7.259807716764044e-06	19.046201071680716	True	Stroma
Patient08	ROI02	65	411.448	9.34044e-12	3199	7217	3155.17045627528	7219.96417669575	32.223034175387	Patient08_AACGCGACCTTGGGCG-1	3155.1704621671715	7219.964169434808	9.981019279224112	9.98164122356836	-5.89189176025684e-06	7.260941856657155e-06	43.929662491314346	True	Stroma
Patient08	ROI02	74	262.371	1.1368e-11	3199	7217	3147.53392917109	7194.36008673732	41.2423060090599	Patient08_AACGCGACCTTGGGCG-1	3147.5339350508066	7194.360079512526	10.05354585658424	10.054421076562289	-5.879716354684206e-06	7.22479398973519e-06	56.225635782159394	True	Stroma
Patient08	ROI02	75	114.437	1.24275e-11	3199	7217	3172.85149573796	7186.91657114279	29.2373023760678	Patient08_AACGCGACCTTGGGCG-1	3172.851501617354	7186.91656391913	9.839814716118571	9.840571962351731	-5.879394848307129e-06	7.223660759336781e-06	39.85921432929562	True	Stroma
Patient08	ROI02	76	319.376	1.79891e-11	3199	7217	3198.16906230482	7179.47305554825	27.5332962765281	Patient08_AACGCGACCTTGGGCG-1	3198.1690681839023	7179.4730483257335	9.63920231496376	9.639936826565457	-5.87908243687707e-06	7.22251661500195e-06	37.536142813800005	True	Stroma
Patient08	ROI02	77	388.038	1.20038e-11	3199	7217	3223.48662887169	7172.02953995372	37.5594923529233	Patient08_AACGCGACCTTGGGCG-1	3223.4866347504503	7172.0295327323365	9.452543951456647	9.453357054859907	-5.878760475752642e-06	7.221383384603541e-06	51.20485592474555	True	Stroma
Patient08	ROI02	83	259.512	1.24703e-11	3199	7217	3190.53253520063	7153.86896558983	46.7221841344807	Patient08_AACGCGACCTTGGGCG-1	3190.5325410675377	7153.868958403451	9.714638183253523	9.71566361195021	-5.866907940799138e-06	7.186378752521705e-06	63.696353630538994	True	Stroma
Patient08	ROI02	84	228.027	1.06971e-11	3199	7217	3165.21496863376	7161.31248118436	47.7772258170841	Patient08_AACGCGACCTTGGGCG-1	3165.2149745009897	7161.312473996848	9.9145100537728	9.915579611106471	-5.867229901923565e-06	7.187511982920114e-06	65.13469195643822	True	Stroma
Patient08	ROI02	59	404.796	1.36458e-11	3320	7150	3289.3948162138	7208.35068868151	48.3311884944193	Patient08_GTGCACCAGCTTCAAC-1	3289.3948221162755	7208.350681390109	8.974600744254783	8.97573642896013	-5.902475550101372e-06	7.291401743714232e-06	65.8899092744376	True	Stroma
Patient08	ROI02	60	344.217	1.23389e-11	3320	7150	3281.75828910961	7182.74659872309	36.9298623227504	Patient08_GTGCACCAGCTTCAAC-1	3281.7582949999105	7182.746591467826	9.048783689524054	9.049954410733562	-5.890300599276088e-06	7.255263881233986e-06	50.34648130460807	True	Stroma
Patient08	ROI02	79	189.698	1.44891e-11	3320	7150	3274.12176200542	7157.14250876466	34.0577250303581	Patient08_GTGCACCAGCTTCAAC-1	3274.121767883546	7157.142501545544	9.12445142008697	9.125747701821629	-5.878126103198156e-06	7.219116014312021e-06	46.43089653388768	True	Stroma
Patient08	ROI02	80	574.485	2.16021e-11	3320	7150	3266.48523490122	7131.53841880623	41.5240350939274	Patient08_GTGCACCAGCTTCAAC-1	3266.485240767181	7131.538411623262	9.201567306278378	9.203077381235202	-5.865961156814592e-06	7.182968147390056e-06	56.60971704355871	True	Stroma
Patient08	ROI03	0	490.943	1.51336e-11	4046	6887	4043.66137387793	6897.84042413531	8.13453655482215	Patient08_TTACCCTAGGGATTGG-1	4043.66137980397	6897.840416612873	12.57340054905844	12.5930088207246	-5.926039648329606e-06	7.522437044826802e-06	11.089813685190585	True	Stroma
Patient08	ROI03	1	113.254	1.027e-11	4046	6887	4018.34037215431	6905.77632281166	24.5218252806332	Patient08_TTACCCTAGGGATTGG-1	4018.340378076042	6905.776315287187	12.275516539186189	12.294466570053649	-5.92173228142201e-06	7.524473403464071e-06	33.43060440509169	True	Stroma
Patient08	ROI03	2	658.358	1.52765e-11	4046	6887	3993.01937043069	6913.71222148801	43.5221273892717	Patient08_TTACCCTAGGGATTGG-1	3993.0193763481134	6913.712213961501	11.985663126191769	12.004092121243657	-5.917424459767062e-06	7.526508852606639e-06	59.33371626979866	True	Stroma
Patient08	ROI03	15	62.4576	1.15981e-11	4046	6887	3985.5273045101	6887.40747204152	44.3585918515883	Patient08_TTACCCTAGGGATTGG-1	3985.527310420375	6887.407464579555	12.005232171075336	12.020339399292425	-5.910275376663776e-06	7.46196474210592e-06	60.47406827127486	True	Stroma
Patient08	ROI03	16	557.478	1.14046e-11	4046	6887	4010.84830623372	6879.47157336517	26.3689838019668	Patient08_TTACCCTAGGGATTGG-1	4010.848312148303	6879.471565905241	12.29367573887552	12.309308938229252	-5.914582743571373e-06	7.459929292963352e-06	35.94883561722611	True	Stroma
Patient08	ROI03	17	2112.61	1.14748e-11	4046	6887	4036.16930795734	6871.53567468882	13.4412934534936	Patient08_TTACCCTAGGGATTGG-1	4036.169313876231	6871.535667230926	12.590203977607358	12.60650213696004	-5.918891019973671e-06	7.457893843820784e-06	18.3245153651499	True	Stroma
Patient08	ROI03	18	866.978	1.88461e-11	4046	6887	4028.67724203674	6845.23092524233	33.1685836387159	Patient08_TTACCCTAGGGATTGG-1	4028.677247948492	6845.23091784898	12.611025343545643	12.624349881677691	-5.9117519413121045e-06	7.393350642814767e-06	45.2187300746659	True	Stroma
Patient08	ROI03	19	1378.18	1.2212e-11	4046	6887	4003.35624031313	6853.16682391868	39.9288815841026	Patient08_TTACCCTAGGGATTGG-1	4003.356246220564	6853.166816523294	12.315945324192256	12.328607125984728	-5.9074341152154375e-06	7.3953860919573344e-06	54.43504426360936	True	Stroma
Patient08	ROI03	21	506.973	1.55471e-11	3927	6816	3952.71423686589	6869.03862127139	43.235780786174	Patient08_TTCGCACTGTACGACA-1	3952.7142427647086	6869.038613871922	11.750801472930506	11.76257149266559	-5.898818471905543e-06	7.399467904178891e-06	58.94333994579088	True	Stroma
Patient08	ROI03	22	2088.81	2.57138e-11	3927	6816	3927.39323514227	6876.97451994774	44.7266103975755	Patient08_TTCGCACTGTACGACA-1	3927.393241036781	6876.974512546238	11.481969006708566	11.493532043779716	-5.894511104997946e-06	7.401502443826757e-06	60.97578795501114	True	Stroma
Patient08	ROI03	30	157.037	1.01251e-11	3927	6816	3894.58016749805	6858.6056691776	39.2706891259335	Patient08_TTCGCACTGTACGACA-1	3894.5801733811145	6858.605661838605	11.25624369028453	11.26521731504737	-5.883064659428783e-06	7.338995601458009e-06	53.537730485384046	True	Stroma
Patient08	ROI03	31	437.54	1.16046e-11	3927	6816	3919.90116922167	6850.66977050125	25.9583888711154	Patient08_TTCGCACTGTACGACA-1	3919.901175109042	6850.669763164291	11.513275538622564	11.522260836304174	-5.887372026336379e-06	7.33695924282074e-06	35.389071547989595	True	Stroma
Patient08	ROI03	32	42.0102	1.05991e-11	3927	6816	3945.22217094529	6842.7338718249	23.7317363124649	Patient08_TTCGCACTGTACGACA-1	3945.2221768369695	6842.733864489976	11.780403837533251	11.789578055818351	-5.891679393243976e-06	7.334923793678172e-06	32.353476114778935	True	Stroma
Patient08	ROI03	33	2057.29	2.21019e-11	3927	6816	3970.54317266891	6834.79797314854	34.7887782379118	Patient08_TTCGCACTGTACGACA-1	3970.5431785648975	6834.797965815662	12.056957529013747	12.066486191864506	-5.895987669646274e-06	7.332878340093885e-06	47.42754137173608	True	Stroma
Patient08	ROI03	38	34.3243	9.03746e-12	3927	6816	3963.05110674832	6808.49322370205	27.0111983951453	Patient08_TTCGCACTGTACGACA-1	3963.051112637158	6808.493216433715	12.08905998515147	12.09633362403063	-5.888838131795637e-06	7.268335139087867e-06	36.82436677210096	True	Stroma
Patient08	ROI03	39	101.833	1.02759e-11	3927	6816	3937.7301050247	6816.42912237841	7.87697675336028	Patient08_TTCGCACTGTACGACA-1	3937.7301109092314	6816.42911510803	11.81424492219473	11.82118869589283	-5.88453031014069e-06	7.270380592672154e-06	10.738682407853764	True	Stroma
Patient08	ROI03	40	201.198	1.00908e-11	3927	6816	3912.40910330108	6824.36502105476	12.3367383884881	Patient08_TTCGCACTGTACGACA-1	3912.409109181303	6824.365013782344	11.54890922003314	11.55569121921201	-5.880222943233093e-06	7.272416041814722e-06	16.81867544502651	True	Stroma
Patient08	ROI03	41	902.825	1.90504e-11	3927	6816	3887.08810157746	6832.30091973111	31.6235654634478	Patient08_TTCGCACTGTACGACA-1	3887.088107453376	6832.300912456659	11.293721025307764	11.300521193885745	-5.875915576325497e-06	7.27445149095729e-06	43.11240679631868	True	Stroma
Patient08	ROI03	48	931.557	1.48224e-11	3927	6816	3879.59603565686	6805.99617028462	35.5373275158754	Patient08_TTCGCACTGTACGACA-1	3879.596041525636	6805.996163074712	11.335569521068622	11.340578741280613	-5.86877649766393e-06	7.209908289951272e-06	48.44803860240389	True	Stroma
Patient08	ROI03	49	454.927	1.17123e-11	3927	6816	3904.91703738048	6798.06027160827	20.8696229362755	Patient08_TTCGCACTGTACGACA-1	3904.917043253564	6798.0602644003975	11.588830135263086	11.593782521818524	-5.873083864571527e-06	7.207872840808704e-06	28.451556949034423	True	Stroma
Patient08	ROI03	50	68.1742	1.03117e-11	3927	6816	3930.2380391041	6790.12437293192	19.1281756395115	Patient08_TTCGCACTGTACGACA-1	3930.2380449814914	6790.124365726084	11.85228841932784	11.857366590819485	-5.877391231479123e-06	7.205836482171435e-06	26.07744184934593	True	Stroma
Patient08	ROI03	51	670.807	1.62608e-11	3927	6816	3955.55904082772	6782.18847425556	32.4644339601294	Patient08_TTCGCACTGTACGACA-1	3955.559046709419	6782.188467051768	12.12527966604619	12.130654314782792	-5.881699053134071e-06	7.203791938081849e-06	44.2587628178452	True	Stroma
Patient08	ROI03	56	130.801	1.46434e-11	3927	6816	3948.06697490713	6755.88372480907	46.7253998604154	Patient08_TTCGCACTGTACGACA-1	3948.06698078168	6755.883717669823	12.165579798027297	12.169410417155335	-5.874549970030785e-06	7.13924782758113e-06	63.70073762971054	True	Stroma
Patient08	ROI03	57	53.6855	1.0103e-11	3927	6816	3922.74597318351	6763.81962348543	38.4020354925807	Patient08_TTCGCACTGTACGACA-1	3922.745979053752	6763.819616344137	11.894494005856476	11.89807007836844	-5.870242148375837e-06	7.141293281165417e-06	52.35349498703657	True	Stroma
Patient08	ROI03	58	601.802	1.43586e-11	3927	6816	3897.42497145989	6771.75552216178	39.0368555994594	Patient08_TTCGCACTGTACGACA-1	3897.424977325825	6771.755515018451	11.632994146929269	11.63648897254589	-5.8659347814682405e-06	7.143329639802687e-06	53.21894523874958	True	Stroma
Patient08	ROI03	60	1081.19	1.53421e-11	3808	6745	3846.78296801265	6787.62731951449	42.2723640478386	Patient08_CACAGGGCCGTTGTCA-1	3846.7829738699697	6787.62731236708	11.141427698397017	11.145327749082584	-5.8573195929056965e-06	7.147410542529542e-06	57.62991390641408	True	Stroma
Patient08	ROI03	61	119.479	9.49223e-12	3808	6745	3821.46196628903	6795.56321819084	38.3808392406977	Patient08_CACAGGGCCGTTGTCA-1	3821.461972142041	6795.563211041394	10.912777113438686	10.917187441934948	-5.853011316503398e-06	7.14944599167211e-06	52.32459813683728	True	Stroma
Patient08	ROI03	62	66.0737	1.03607e-11	3808	6745	3796.14096456541	6803.49911686719	43.7827740864995	Patient08_CACAGGGCCGTTGTCA-1	3796.140970414114	6803.499109715709	10.696537142015783	10.701678138499243	-5.848704404343152e-06	7.151481440814678e-06	59.689055912119	True	Stroma
Patient08	ROI03	63	547.193	1.32742e-11	3808	6745	3788.64889864482	6777.1943674207	27.5526395202379	Patient08_CACAGGGCCGTTGTCA-1	3788.648904486375	6777.194360333762	10.753448427758888	10.757736730260277	-5.841555321239866e-06	7.086937330313958e-06	37.56251345793379	True	Stroma
Patient08	ROI03	64	1056.44	1.75037e-11	3808	6745	3813.96990036844	6769.25846874435	18.3248397463564	Patient08_CACAGGGCCGTTGTCA-1	3813.9699062143022	6769.258461659449	10.967503295985455	10.970998719151645	-5.845862233400112e-06	7.084900971676689e-06	24.982254026201968	True	Stroma
Patient08	ROI03	65	1129.41	1.23747e-11	3808	6745	3839.29090209206	6761.322570068	25.8874098006939	Patient08_CACAGGGCCGTTGTCA-1	3839.290907942231	6761.322562985134	11.193994521187832	11.196919601545838	-5.85017050980241e-06	7.082865522534121e-06	35.29230578128396	True	Stroma
Patient08	ROI03	66	1291.49	1.27007e-11	3808	6745	3864.61190381568	6753.38667139164	41.9788357140886	Patient08_CACAGGGCCGTTGTCA-1	3864.6119096701577	6753.38666431082	11.432182970336989	11.434749081687563	-5.854477876710007e-06	7.080820978444535e-06	57.22974672901452	True	Stroma
Patient08	ROI03	77	127.741	9.54296e-12	3808	6745	3857.11983789508	6727.08192194515	38.3524582151862	Patient08_CACAGGGCCGTTGTCA-1	3857.119843742419	6727.081914928873	11.48683928668131	11.488746667996423	-5.847339252795791e-06	7.016276867943816e-06	52.28590628475932	True	Stroma
Patient08	ROI03	78	867.918	1.18845e-11	3808	6745	3831.79883617146	6735.01782062151	18.9301900766878	Patient08_CACAGGGCCGTTGTCA-1	3831.798842014492	6735.017813603187	11.250844622038434	11.253176232868622	-5.843031431140844e-06	7.018322321528103e-06	25.80752813154253	True	Stroma
Patient08	ROI03	79	610.123	2.61597e-11	3808	6745	3806.47783444784	6742.95371929786	1.87071344502876	Patient08_CACAGGGCCGTTGTCA-1	3806.477840286564	6742.953712277502	11.026578887143838	11.029548176803	-5.838723609485896e-06	7.020357770670671e-06	2.5503436396169734	True	Stroma
Patient08	ROI03	81	1917.44	1.48025e-11	3808	6745	3773.66476680363	6724.58486852772	29.3009876734676	Patient08_CACAGGGCCGTTGTCA-1	3773.664772630897	6724.58486156987	10.880432581733343	10.88419658124695	-5.827266704727663e-06	6.957850018807221e-06	39.94603649524706	True	Stroma
Patient08	ROI03	83	782.976	1.32183e-11	3808	6745	3824.30677025087	6708.71307117502	29.1810742201923	Patient08_CACAGGGCCGTTGTCA-1	3824.306776086752	6708.713064221241	11.311913421928775	11.3140280593617	-5.835881893290207e-06	6.953778211027384e-06	39.78255848438928	True	Stroma
Patient08	ROI03	84	788.937	1.225e-11	3808	6745	3849.62777197449	6700.77717249866	44.5487187306117	Patient08_CACAGGGCCGTTGTCA-1	3849.62777781468	6700.777165546926	11.545650060343954	11.547268173778166	-5.840190169692505e-06	6.951733666937798e-06	60.73326824544706	True	Stroma
Patient08	ROI03	96	426.255	1.58029e-11	3808	6745	3816.81470433027	6682.40832172853	46.36493260109	Patient08_CACAGGGCCGTTGTCA-1	3816.814710159013	6682.408314839295	11.377132987192669	11.37940136226661	-5.828743269375991e-06	6.889235010021366e-06	63.209312615067496	True	Stroma
Patient08	ROI03	68	2646.56	1.82092e-11	3929	6678	3915.25390726292	6737.51487403894	44.8043057340509	Patient08_GAAGCCTGCACATTCC-1	3915.253913126013	6737.51486696219	11.940817548345327	11.943252887968042	-5.863093065272551e-06	7.0767500801594e-06	61.08171000723003	True	Stroma
Patient08	ROI03	69	1111.52	1.4889e-11	3929	6678	3940.57490898654	6729.57897536258	38.7748797415737	Patient08_GAAGCCTGCACATTCC-1	3940.574914853941	6729.578968287877	12.209919977280752	12.212559704381622	-5.867401341674849e-06	7.0747037170804106e-06	52.86179355167927	True	Stroma
Patient08	ROI03	72	567.899	1.26568e-11	3929	6678	3983.72484651318	6687.40242856339	40.7296271425058	Patient08_GAAGCCTGCACATTCC-1	3983.724852382057	6687.402421557301	12.81896943015522	12.821550542569977	-5.868876996828476e-06	7.006088708294556e-06	55.5267006833719	True	Stroma
Patient08	ROI03	74	1350.69	1.53253e-11	3929	6678	3933.08284306594	6703.27422591609	18.7793419981074	Patient08_GAAGCCTGCACATTCC-1	3933.0828489262026	6703.27421890593	12.258256363289302	12.2600557910847	-5.860262717760634e-06	7.010159606579691e-06	25.60187694600977	True	Stroma
Patient08	ROI03	75	56.3159	1.131e-11	3929	6678	3907.76184134232	6711.21012459245	28.9154613681328	Patient08_GAAGCCTGCACATTCC-1	3907.761847198274	6711.210117580244	11.99121132235943	11.99286439253167	-5.855953986610984e-06	7.01220596965868e-06	39.42044848317691	True	Stroma
Patient08	ROI03	76	45.664	1.15096e-11	3929	6678	3882.4408396187	6719.1460232688	45.5768642366282	Patient08_GAAGCCTGCACATTCC-1	3882.440845470346	6719.146016254558	11.733855215605342	11.735540337139032	-5.851646619703388e-06	7.014241418801248e-06	62.13493901379651	True	Stroma
Patient08	ROI03	85	793.839	1.93764e-11	3929	6678	3874.94877369811	6692.84127382231	41.1147569679476	Patient08_GAAGCCTGCACATTCC-1	3874.948779542607	6692.841266872612	11.790445059478357	11.791770687903268	-5.844497081852751e-06	6.949697308300529e-06	56.05174817440484	True	Stroma
Patient08	ROI03	86	829.634	1.50614e-11	3929	6678	3900.26977542173	6684.90537514596	21.6741986266633	Patient08_GAAGCCTGCACATTCC-1	3900.269781270535	6684.905368198298	12.045624243648971	12.046849877244174	-5.848804903507698e-06	6.947661859157961e-06	29.548434987732534	True	Stroma
Patient08	ROI03	87	300.894	9.87118e-12	3929	6678	3925.59077714535	6676.96947646961	2.61246223793973	Patient08_GAAGCCTGCACATTCC-1	3925.590782998463	6676.969469523983	12.31054188375717	12.31184837071348	-5.853113179909997e-06	6.945626410015393e-06	3.561569768986282	True	Stroma
Patient08	ROI03	88	808.561	1.28062e-11	3929	6678	3950.91177886897	6669.03357779325	17.3662160254678	Patient08_GAAGCCTGCACATTCC-1	3950.911784726391	6669.033570849669	12.584582983088636	12.586139637388449	-5.857420546817593e-06	6.943580956431106e-06	23.675362307520203	True	Stroma
Patient08	ROI03	89	957.804	1.62899e-11	3929	6678	3976.23278059259	6661.0976791169	36.7974508139315	Patient08_GAAGCCTGCACATTCC-1	3976.232786454318	6661.097672175354	12.867164628569055	12.86912949542663	-5.86172791372519e-06	6.941545507288538e-06	50.16596469463192	True	Stroma
Patient08	ROI03	91	37.75	9.84021e-12	3929	6678	3943.41971294837	6642.72882834676	27.950490359689	Patient08_GAAGCCTGCACATTCC-1	3943.419718798652	6642.728821467723	12.63862684039957	12.639963955091169	-5.8502819229033776e-06	6.879036845930386e-06	38.104903507366814	True	Stroma
Patient08	ROI03	92	109.549	1.12055e-11	3929	6678	3918.09871122475	6650.66472702312	21.5864568227818	Patient08_GAAGCCTGCACATTCC-1	3918.098717070724	6650.6647201420365	12.366726448921304	12.367883466538522	-5.845973646501079e-06	6.881083209009375e-06	29.428816586501718	True	Stroma
Patient08	ROI03	93	757.607	2.74649e-11	3929	6678	3892.77770950113	6658.60062569947	30.1401186500408	Patient08_GAAGCCTGCACATTCC-1	3892.777715342796	6658.600618816352	12.104002108723398	12.105150822173533	-5.841665824846132e-06	6.8831177486572415e-06	41.09002375560997	True	Stroma
Patient08	ROI03	94	105.046	1.09731e-11	3929	6678	3867.45670777751	6666.53652437582	45.9193294112317	Patient08_GAAGCCTGCACATTCC-1	3867.456713614869	6666.536517490666	11.851064102748753	11.852387681099485	-5.837358457938535e-06	6.885154107294511e-06	62.601821786342384	True	Stroma
Patient08	ROI03	105	92.1236	9.94288e-12	3929	6678	3910.60664530416	6624.35997757663	41.5946410434491	Patient08_GAAGCCTGCACATTCC-1	3910.606651142985	6624.35997076009	12.426757173142684	12.428103693477151	-5.838825018145144e-06	6.816540008003358e-06	56.705974134535865	True	Stroma
Patient08	ROI03	106	237.905	1.02764e-11	3929	6678	3935.92764702778	6616.42407890027	45.4517683902978	Patient08_GAAGCCTGCACATTCC-1	3935.927652870913	6616.424072085776	12.696453723405831	12.697903584280128	-5.843132839800092e-06	6.814493644924369e-06	61.96439584649978	True	Stroma
Patient08	ROI03	100	829.354	1.26267e-11	3811	6607	3784.00163668606	6664.03947095839	46.2894165305256	Patient08_AGCGGACACTTCGTAG-1	3784.001642503346	6664.039464131663	11.22919041150472	11.232854769106218	-5.817285909870407e-06	6.826727258157916e-06	63.10636155606255	True	Stroma
Patient08	ROI03	101	1166.89	1.72443e-11	3811	6607	3809.32263840968	6656.10357228204	36.0391791862275	Patient08_AGCGGACACTTCGTAG-1	3809.3226442312734	6656.103565457348	11.446432367266928	11.449218691010868	-5.821594186272705e-06	6.8246918090153486e-06	49.13221298458052	True	Stroma
Patient08	ROI03	102	157.971	1.26116e-11	3811	6607	3834.6436401333	6648.16767360569	34.8229983970281	Patient08_AGCGGACACTTCGTAG-1	3834.6436459592014	6648.167666783033	11.675479429683026	11.677605633655029	-5.8259015531803016e-06	6.822656359872781e-06	47.47419371466557	True	Stroma
Patient08	ROI03	111	586.516	1.06986e-11	3811	6607	3877.79357765995	6605.99112680649	48.999630609161	Patient08_AGCGGACACTTCGTAG-1	3877.793583487317	6605.991120052458	12.23242174987656	12.234447754578431	-5.827367203892209e-06	6.754031346645206e-06	66.80119640946845	True	Stroma
Patient08	ROI03	112	1424.79	1.86059e-11	3811	6607	3852.47257593633	6613.92702548284	30.8421444014715	Patient08_AGCGGACACTTCGTAG-1	3852.4725817593903	6613.927018726773	11.98414115664971	11.986510577460262	-5.823060291731963e-06	6.756066795787774e-06	42.04709546252359	True	Stroma
Patient08	ROI03	113	2008.87	1.25406e-11	3811	6607	3827.15157421271	6621.8629241592	16.1002599354838	Patient08_AGCGGACACTTCGTAG-1	3827.151580031463	6621.862917401088	11.746363096384636	11.749274110235184	-5.818752924824366e-06	6.758112249372061e-06	21.94948437004385	True	Stroma
Patient08	ROI03	119	1741.58	1.67662e-11	3811	6607	3794.33850656849	6603.49407338906	12.4890768938085	Patient08_AGCGGACACTTCGTAG-1	3794.338512375796	6603.494066693455	11.596973715586012	11.601859406284316	-5.807306024507852e-06	6.695604497508612e-06	17.026358529337486	True	Stroma
Patient08	ROI03	120	211.554	1.58329e-11	3811	6607	3819.65950829211	6595.55817471271	10.5254172732141	Patient08_AGCGGACACTTCGTAG-1	3819.659514103724	6595.558168019141	11.82113197872166	11.825172291988808	-5.8116138461628e-06	6.693569048366044e-06	14.349301368568163	True	Stroma
Patient08	ROI03	130	136.302	1.21229e-11	3811	6607	3837.48844409514	6561.31752658986	38.7343183905337	Patient08_AGCGGACACTTCGTAG-1	3837.488449903912	6561.31751996288	12.132564234568244	12.137336332411683	-5.808771675219759e-06	6.626980393775739e-06	52.806496261819134	True	Stroma
Patient08	ROI03	131	364.369	1.32993e-11	3811	6607	3812.16744237152	6569.25342526622	27.7008904859531	Patient08_AGCGGACACTTCGTAG-1	3812.1674481759846	6569.253418637194	11.89971284156465	11.905219283511908	-5.804464763059514e-06	6.629025847360026e-06	37.764623999500735	True	Stroma
Patient08	ROI03	132	220.479	1.28393e-11	3811	6607	3786.8464406479	6577.18932394257	28.1431638859651	Patient08_AGCGGACACTTCGTAG-1	3786.8464464480567	6577.189317311509	11.67806173349934	11.684512889322573	-5.800156486657215e-06	6.631061296502594e-06	38.36757532574146	True	Stroma
Patient08	ROI03	133	804.006	1.1975e-11	3811	6607	3761.52543892428	6585.12522261892	39.6792444556563	Patient08_AGCGGACACTTCGTAG-1	3761.5254447201296	6585.125215985823	11.468260344319615	11.47587552489158	-5.79584957449697e-06	6.633096745645162e-06	54.09471396640303	True	Stroma
Patient08	ROI03	137	346.838	1.32624e-11	3811	6607	3779.35437472731	6550.88457449608	47.255551965028	Patient08_AGCGGACACTTCGTAG-1	3779.3543805203176	6550.884567929563	11.762922321002703	11.771271387314512	-5.793007403553929e-06	6.5665171860018745e-06	64.42349399392667	True	Stroma
Patient08	ROI03	108	86.1871	9.61849e-12	3932	6540	3953.75658283081	6582.18343077743	34.8152076939974	Patient08_TCCAGGGTATATACGA-1	3953.756588671101	6582.183424029515	13.0341515137577	13.03622774986112	-5.840290668857051e-06	6.747914994775783e-06	47.46357264922345	True	Stroma
Patient08	ROI03	109	2024.14	1.79124e-11	3932	6540	3928.43558110719	6590.11932945378	36.8560976404359	Patient08_TCCAGGGTATATACGA-1	3928.435586943173	6590.119322703829	12.75801219145821	12.759902465177808	-5.835983301949455e-06	6.749950443918351e-06	50.24591791319904	True	Stroma
Patient08	ROI03	110	620.752	1.36926e-11	3932	6540	3903.11457938357	6598.05522813014	47.5641840784477	Patient08_TCCAGGGTATATACGA-1	3903.114585215245	6598.055221378144	12.490578601696164	12.492448528021672	-5.831675480294507e-06	6.751995897502638e-06	64.84425215414745	True	Stroma
Patient08	ROI03	123	1243.06	1.3624e-11	3932	6540	3895.62251346297	6571.75047868365	35.4175327981042	Patient08_TCCAGGGTATATACGA-1	3895.6225192875063	6571.750471996198	12.558132940733692	12.560854583595312	-5.824536856380291e-06	6.687451787001919e-06	48.284722463660366	True	Stroma
Patient08	ROI03	124	1739.56	1.88355e-11	3932	6540	3920.94351518659	6563.81458000729	19.2591860893543	Patient08_TCCAGGGTATATACGA-1	3920.943521015434	6563.814573321883	12.823248503842576	12.82590173210187	-5.828844223287888e-06	6.6854072429123335e-06	26.256048395613004	True	Stroma
Patient08	ROI03	125	1622.54	1.94106e-11	3932	6540	3946.26451691021	6555.87868133094	15.6568609691067	Patient08_TCCAGGGTATATACGA-1	3946.264522743362	6555.878674647569	13.09712223197944	13.09987499721501	-5.833152044942835e-06	6.683370884275064e-06	21.34499855917561	True	Stroma
Patient08	ROI03	126	859.743	1.48938e-11	3932	6540	3938.77245098962	6529.57393188445	9.11947313116575	Patient08_TCCAGGGTATATACGA-1	3938.772456815623	6529.573925265622	13.163662295209551	13.167403114303708	-5.826002961839549e-06	6.618827683269046e-06	12.432577719720848	True	Stroma
Patient08	ROI03	127	679.855	9.83176e-12	3932	6540	3913.451449266	6537.5098305608	13.727689190895	Patient08_TCCAGGGTATATACGA-1	3913.451455087695	6537.509823939937	12.892106829075631	12.895839964799627	-5.821695140184602e-06	6.620863132411614e-06	18.714958673951067	True	Stroma
Patient08	ROI03	128	96.2067	1.1354e-11	3932	6540	3888.13044754238	6545.44572923716	32.4259238590904	Patient08_TCCAGGGTATATACGA-1	3888.130453359768	6545.445722614251	12.629360288479567	12.633255888752132	-5.817387773277005e-06	6.622908585995901e-06	44.20626199710104	True	Stroma
Patient08	ROI03	141	126.925	9.22683e-12	3932	6540	3880.63838162178	6519.14097979067	40.6628618382997	Patient08_TCCAGGGTATATACGA-1	3880.6383874320286	6519.1409732323045	12.704198865823926	12.70958416576484	-5.810248694615439e-06	6.558365384989884e-06	55.43567954416323	True	Stroma
Patient08	ROI03	142	861.871	1.20751e-11	3932	6540	3905.9593833454	6511.20508111431	28.4775620159736	Patient08_TCCAGGGTATATACGA-1	3905.959389159956	6511.20507455799	12.96452945464622	12.969653441376916	-5.814556061523035e-06	6.5563199314055964e-06	38.82346029638909	True	Stroma
Patient08	ROI03	143	150.477	1.12465e-11	3932	6540	3931.28038506902	6503.26918243796	26.9477489065149	Patient08_TCCAGGGTATATACGA-1	3931.280390887884	6503.269175883675	13.23371786280509	13.238752714738574	-5.818863428430632e-06	6.554284482263029e-06	36.73786608425648	True	Stroma
Patient08	ROI03	145	403.928	1.23831e-11	3932	6540	3898.46731742481	6484.90033166782	47.3126041597782	Patient08_TCCAGGGTATATACGA-1	3898.467323232217	6484.900325176044	13.04045699565679	13.047276390750016	-5.807406978419749e-06	6.491775820904877e-06	64.50127325103506	True	Stroma
Patient08	ROI03	135	95.1596	1.05077e-11	3692	6536	3728.71237128007	6566.75637184879	35.1302996000907	Patient08_ATACGTTATGCACGGA-1	3728.712377064462	6566.756365278191	11.360925749577357	11.372034745651092	-5.784392214991385e-06	6.570598998223431e-06	47.893137444802456	True	Stroma
Patient08	ROI03	151	243.889	1.04964e-11	3692	6536	3746.54130708309	6532.51572372594	40.0883790958787	Patient08_ATACGTTATGCACGGA-1	3746.541312864651	6532.51571722193	11.64680041665538	11.658743147225929	-5.781561412732117e-06	6.504010343633127e-06	54.652487221405615	True	Stroma
Patient08	ROI03	152	196.37	1.05902e-11	3692	6536	3721.22030535947	6540.4516224023	21.6808154460269	Patient08_ATACGTTATGCACGGA-1	3721.220311136723	6540.451615896245	11.454622771143436	11.46816281509002	-5.7772531363298185e-06	6.506054887722712e-06	29.55745569756171	True	Stroma
Patient08	ROI03	154	111.956	1.20286e-11	3692	6536	3739.0492411625	6506.21097427945	40.8470455013399	Patient08_ATACGTTATGCACGGA-1	3739.049246936912	6506.210967839984	11.741561907863831	11.756147812159318	-5.77441187488148e-06	6.439466233132407e-06	55.68677713197877	True	Stroma
Patient08	ROI03	148	175.644	1.23179e-11	3813	6469	3822.50431225395	6508.70802769688	29.9491226641837	Patient08_GAGTAGATACTAGTTG-1	3822.504318048434	6508.708021198987	12.295777620700424	12.304250729346403	-5.7944839682022575e-06	6.497893082269002e-06	40.82963892807249	True	Stroma
Patient08	ROI03	149	1035.5	9.95637e-12	3813	6469	3797.18331053033	6516.64392637324	36.8229377329167	Patient08_GAGTAGATACTAGTTG-1	3797.1833163205065	6516.6439198733015	12.068009039591557	12.077425454193104	-5.790176601294661e-06	6.499938535853289e-06	50.20071101128635	True	Stroma
Patient08	ROI03	155	223.616	1.35781e-11	3813	6469	3764.37024288612	6498.2750756031	41.6354698619297	Patient08_GAGTAGATACTAGTTG-1	3764.37024866484	6498.275069165669	11.943635981068256	11.956741772174286	-5.778719696536427e-06	6.437430783989839e-06	56.761636062768375	True	Stroma
Patient08	ROI03	156	88.2099	1.14327e-11	3813	6469	3789.69124460974	6490.33917692675	23.1801945962595	Patient08_GAGTAGATACTAGTTG-1	3789.691250392767	6490.339170491355	12.157570242210678	12.169413238171964	-5.783027063444024e-06	6.435395334847272e-06	31.601559293081102	True	Stroma
Patient08	ROI03	157	990.258	1.36502e-11	3813	6469	3815.01224633336	6482.40327825039	9.94167589892118	Patient08_GAGTAGATACTAGTTG-1	3815.012252120695	6482.40327181704	12.38274998836099	12.393540480675872	-5.7873348850989714e-06	6.433349881262984e-06	13.553486752990883	True	Stroma
Patient08	ROI03	159	910.288	1.14385e-11	3813	6469	3865.6542497806	6466.53148089769	38.6650643059404	Patient08_GAGTAGATACTAGTTG-1	3865.6542555765504	6466.531474468411	12.864454572038298	12.873738649091807	-5.795950528408866e-06	6.4292789829778485e-06	52.71208216828733	True	Stroma
Patient08	ROI04	2	690.727	1.18834e-11	5484	7051	5494.05384898649	7101.94322465644	38.0883385121235	Patient08_GTTATATTATCTCCCT-1	5494.053855144382	7101.943216363881	30.45882460261485	30.459032127116995	-6.157892130431719e-06	8.292558959510643e-06	51.9258318935738	True	Stroma
Patient08	ROI04	6	139.393	1.14132e-11	5484	7051	5461.87688838777	7083.342880499	28.7430351007932	Patient08_GTTATATTATCTCCCT-1	5461.876894536326	7083.34287224726	30.079666840757728	30.07984732549012	-6.14855616731802e-06	8.251739927800372e-06	39.18537975290997	True	Stroma
Patient08	ROI04	7	347.909	1.39144e-11	5484	7051	5486.58969895846	7075.64948712756	18.1802625490465	Patient08_GTTATATTATCTCCCT-1	5486.5897051033935	7075.649478879711	30.46420207481285	30.46433966827352	-6.144933649920858e-06	8.247849109466188e-06	24.78515193310688	True	Stroma
Patient08	ROI04	8	311.116	9.65447e-12	5484	7051	5511.30250952915	7067.95609375613	23.5746526225614	Patient08_GTTATATTATCTCCCT-1	5511.302515670463	7067.956085512162	30.84924267964324	30.84936240895392	-6.1413129515131e-06	8.243968295573723e-06	32.13932392033123	True	Stroma
Patient08	ROI04	9	47.8667	1.03278e-11	5484	7051	5536.01532009984	7060.2627003847	38.7542122429535	Patient08_GTTATATTATCTCCCT-1	5536.01532623753	7060.262692144612	31.234769965672086	31.23489593339315	-6.137689524621237e-06	8.24008839117596e-06	52.833617550812896	True	Stroma
Patient08	ROI04	10	32.2111	1.09518e-11	5484	7051	5528.55117007181	7033.96896285582	34.9853470986146	Patient08_GTTATATTATCTCCCT-1	5528.551176196541	7033.968954660441	31.240744209502964	31.24086004525797	-6.124731044110376e-06	8.195378541131504e-06	47.695523699544005	True	Stroma
Patient08	ROI04	11	218.893	1.48187e-11	5484	7051	5503.83835950111	7041.66235622726	16.0830776886783	Patient08_GTTATATTATCTCCCT-1	5503.838365629474	7041.66234802799	30.85531623116148	30.855418279792584	-6.1283635659492575e-06	8.199269359465688e-06	21.926059812968624	True	Stroma
Patient08	ROI04	13	358.55	1.15206e-11	5484	7051	5454.41273835973	7057.04914297012	22.1516230043101	Patient08_GTTATATTATCTCCCT-1	5454.412744495337	7057.0491347630905	30.08594633367978	30.08609344656993	-6.135607691248879e-06	8.207029168261215e-06	30.19930764177812	True	Stroma
Patient08	ROI04	14	672.081	1.13115e-11	5484	7051	5429.69992778904	7064.74253634156	41.0856731620713	Patient08_GTTATATTATCTCCCT-1	5429.69993392827	7064.74252813064	29.702042907849947	29.702250751028235	-6.13923020864604e-06	8.2109199865954e-06	56.01209822185345	True	Stroma
Patient08	ROI04	16	402.61	1.23401e-11	5484	7051	5446.94858833169	7030.75540544125	30.9700348595087	Patient08_GTTATATTATCTCCCT-1	5446.94859445435	7030.755397278919	30.093033282351755	30.09319207545028	-6.12266012467444e-06	8.162331141647883e-06	42.2214485239756	True	Stroma
Patient08	ROI04	17	527.342	2.56011e-11	5484	7051	5471.66139890238	7023.06201206981	22.4024941801586	Patient08_GTTATATTATCTCCCT-1	5471.6614050214175	7023.06200391137	30.47734993748893	30.47748116265727	-6.119037607277278e-06	8.158440323313698e-06	30.541320315821498	True	Stroma
Patient08	ROI04	18	83.7305	1.60528e-11	5484	7051	5496.37420947308	7015.36861869838	27.6673607733049	Patient08_GTTATATTATCTCCCT-1	5496.374215588485	7015.368610543821	30.862177197016127	30.86230548851137	-6.115405085438397e-06	8.154558599926531e-06	37.71891294225113	True	Stroma
Patient08	ROI04	19	48.5631	1.12644e-11	5484	7051	5521.08702004377	7007.67522532695	41.8327190032353	Patient08_GTTATATTATCTCCCT-1	5521.087026155552	7007.675217176271	31.247496195956668	31.24764527813505	-6.111781658546533e-06	8.150678695528768e-06	57.030545817111054	True	Stroma
Patient08	ROI04	21	71.4103	1.00959e-11	5484	7051	5488.91005944504	6989.07488116951	45.5655202860105	Patient08_GTTATATTATCTCCCT-1	5488.910065547496	6989.07487305965	30.869825052187423	30.870023478687248	-6.102455699874554e-06	8.109860573313199e-06	62.11947380591776	True	Stroma
Patient08	ROI04	22	161.79	1.26655e-11	5484	7051	5464.19724887435	6996.76827454094	42.3488031577476	Patient08_GTTATATTATCTCCCT-1	5464.197254980429	6996.7682664272	30.48511929593036	30.48531402680829	-6.106078217271715e-06	8.113740477710962e-06	57.73412334496172	True	Stroma
Patient08	ROI05	6	431.677	1.21907e-11	3674	7501	3724.03291111672	7518.35062544819	38.8439708655029	Patient08_TAAAGCGGTATTTCCA-1	3724.032917290384	7518.350617050206	7.472652908731685	7.474502692315291	-6.173663678055164e-06	8.397983947361354e-06	52.95598548093462	True	Stroma
Patient08	ROI05	7	110.259	9.65504e-12	3674	7501	3699.02938571717	7525.87280548899	25.8830422513639	Patient08_TAAAGCGGTATTTCCA-1	3699.029391881136	7525.872797092064	7.388123385490678	7.390346065891373	-6.16396619079751e-06	8.39692529552849e-06	35.28635150128158	True	Stroma
Patient08	ROI05	8	374.234	1.17357e-11	3674	7501	3674.02586031761	7533.39498552978	23.7621916318438	Patient08_TAAAGCGGTATTTCCA-1	3674.025866471889	7533.394977133921	7.326417932372356	7.329228144997023	-6.154279162728926e-06	8.39585845824331e-06	32.39499585168457	True	Stroma
Patient08	ROI05	9	452.304	1.28291e-11	3674	7501	3649.02233491806	7540.91716557058	34.5395960817117	Patient08_TAAAGCGGTATTTCCA-1	3649.0223410626418	7540.91715717578	7.288116298196348	7.291728271183025	-6.144581675471272e-06	8.394800715905149e-06	47.08783133819917	True	Stroma
Patient08	ROI05	10	258.781	9.10774e-12	3674	7501	3641.87544074057	7515.0736044069	25.7259008835956	Patient08_TAAAGCGGTATTTCCA-1	3641.8754468751354	7515.073596061878	7.34031658944196	7.342990532368709	-6.134564500825945e-06	8.345022251887713e-06	35.07212067461198	True	Stroma
Patient08	ROI05	11	554.229	2.72137e-11	3674	7501	3666.87896614012	7507.5514243661	7.09768525393328	Patient08_TAAAGCGGTATTTCCA-1	3666.878972284382	7507.55141602002	7.379370352902599	7.381389217447518	-6.144261988083599e-06	8.346079994225875e-06	9.67627430668873	True	Stroma
Patient08	ROI05	12	512.137	1.17609e-11	3674	7501	3691.88249153968	7500.02924432531	13.1363757190465	Patient08_TAAAGCGGTATTTCCA-1	3691.882497693629	7500.0292359781615	7.441651219524727	7.443228422668308	-6.1539494708995335e-06	8.347148650500458e-06	17.908821017774056	True	Stroma
Patient08	ROI05	13	260.478	1.58156e-11	3674	7501	3716.88601693923	7492.50706428451	32.0684216867117	Patient08_TAAAGCGGTATTTCCA-1	3716.8860231028766	7492.507055936304	7.526582613411261	7.5279305042061155	-6.1636465034098364e-06	8.34820639283862e-06	43.71887928549143	True	Stroma
Patient08	ROI05	26	246.937	1.28703e-11	3674	7501	3709.73912276174	7466.66350312084	36.3536058039374	Patient08_TAAAGCGGTATTTCCA-1	3709.7391289153697	7466.663494822402	7.583894901984434	7.5849925375645855	-6.15362978351186e-06	8.298437933262903e-06	49.56087079250423	True	Stroma
Patient08	ROI05	28	33.4833	1.24088e-11	3674	7501	3659.73207196264	7481.70786320242	17.6006792304721	Patient08_TAAAGCGGTATTTCCA-1	3659.732078096875	7481.707854906118	7.435786817581606	7.437274722471228	-6.134234808996553e-06	8.29630243970314e-06	23.995005994910848	True	Stroma
Patient08	ROI05	29	55.115	1.00298e-11	3674	7501	3634.72854656308	7489.23004324322	30.0721074029082	Patient08_TAAAGCGGTATTTCCA-1	3634.728552687628	7489.230034947976	7.396010262036585	7.398009575295785	-6.124547780927969e-06	8.295244697364978e-06	40.99730402239463	True	Stroma
Patient08	ROI05	30	978.09	1.25794e-11	3674	7501	3627.5816523856	7463.38648207954	43.8236545672099	Patient08_TAAAGCGGTATTTCCA-1	3627.5816585001207	7463.3864738340735	7.455119024185732	7.456702242540252	-6.114520601840923e-06	8.245466233347543e-06	59.74478827148061	True	Stroma
Patient08	ROI05	32	841.719	1.59826e-11	3674	7501	3677.5887031847	7448.34212199795	38.7149004197093	Patient08_TAAAGCGGTATTTCCA-1	3677.588709318616	7448.342113750357	7.558909935819385	7.5599602465128575	-6.13391557635623e-06	8.247592631960288e-06	52.78002374219489	True	Stroma
Patient08	ROI05	33	330.244	1.32756e-11	3674	7501	3702.59222858425	7440.81994195716	48.8718429058498	Patient08_TAAAGCGGTATTTCCA-1	3702.5922347278624	7440.8199337085	7.644513695317576	7.645607422153519	-6.143612608866533e-06	8.248660378740169e-06	66.62698343354263	True	Stroma
Patient10	ROI01	3	201.244	3.76843e-11	5497	8655	5473.5185933642	8617.40667901419	32.5124292167113	Patient10_GTGGACCAACCCGATT-1	5473.518594966092	8617.406679925027	37.21129968005966	37.21161232468343	-1.6018921087379567e-06	-9.108371159527452e-07	44.324194751151175	True	Stroma
Patient10	ROI01	4	35.7384	9.16899e-12	5497	8655	5476.52474145154	8644.42547051007	16.9035953522712	Patient10_GTGGACCAACCCGATT-1	5476.524743046995	8644.425471337618	37.40060576650008	37.40093419230575	-1.5954556147335095e-06	-8.275474101537839e-07	23.044671543757996	True	Stroma
Patient10	ROI01	5	62.2106	1.16859e-11	5497	8655	5479.53088953888	8671.44426200595	17.597977608419	Patient10_GTGGACCAACCCGATT-1	5479.530891127898	8671.444262750209	37.59083605075797	37.59121289778544	-1.589018211234361e-06	-7.442577043548226e-07	23.99132287355526	True	Stroma
Patient10	ROI01	8	497.167	1.41374e-11	5494	8793	5488.54933380089	8752.50063649359	29.9747013522923	Patient10_TTGTTTCCATACAACT-1	5488.549335370606	8752.50063698798	38.16693356437635	38.16764657695987	-1.569716005178634e-06	-4.94388586957939e-07	40.86451035358671	True	Stroma
Patient10	ROI01	9	87.3702	1.42212e-11	5494	8793	5491.55548188823	8779.51942798947	10.0494530594714	Patient10_TTGTTTCCATACAACT-1	5491.555483451508	8779.51942840057	38.36072317994992	38.36161026276567	-1.5632776921847835e-06	-4.111007001483813e-07	13.70041935598578	True	Stroma
Patient10	ROI01	10	319.2	1.30923e-11	5494	8793	5465.98197084203	8782.68491887574	21.9001719542848	Patient10_TTGTTTCCATACAACT-1	5465.98197238748	8782.684919274114	38.28321010363561	38.28399285128627	-1.5454497770406306e-06	-3.9837323129177094e-07	29.85650442528243	True	Stroma
Patient10	ROI01	32	408.132	1.21728e-11	5375	8722	5408.82265257495	8734.97831765653	26.573153232529	Patient10_CTTCTATGTTGAAGTA-1	5408.822654097618	8734.978318196023	37.74806538883308	37.7485087202935	-1.5226687537506225e-06	-5.39492248208262e-07	36.22717980190512	True	Stroma
Patient10	ROI01	33	193.982	3.67954e-11	5375	8722	5405.81650448761	8707.95952616065	24.8399584501457	Patient10_CTTCTATGTTGAAGTA-1	5405.816506016716	8707.959526783432	37.55594384702407	37.55627689796854	-1.529106157249771e-06	-6.227819540072232e-07	33.86431535508034	True	Stroma
Patient10	ROI01	34	720.564	1.02568e-11	5375	8722	5402.81035640027	8680.94073466477	36.3757941040713	Patient10_CTTCTATGTTGAAGTA-1	5402.810357935812	8680.940735370841	37.36472335444072	37.36497799119502	-1.5355417417595163e-06	-7.060716598061845e-07	49.591120102080005	True	Stroma
Patient10	ROI01	45	403.252	1.26052e-11	5375	8722	5377.23684535407	8684.10622555104	27.8440085203715	Patient10_CTTCTATGTTGAAGTA-1	5377.236846871784	8684.106226244387	37.293987140049225	37.2943266818885	-1.5177138266153634e-06	-6.933460099389777e-07	37.95973681582418	True	Stroma
Patient10	ROI01	46	404.457	2.12861e-11	5375	8722	5380.24299344141	8711.12501704692	8.85562373625929	Patient10_CTTCTATGTTGAAGTA-1	5380.242994952687	8711.125017656977	37.48521085792172	37.48562744083663	-1.5112764231162146e-06	-6.1005812312942e-07	12.07287183964394	True	Stroma
Patient10	ROI01	47	353.736	1.60545e-11	5375	8722	5383.24914152874	8738.1438085428	13.2980874882537	Patient10_CTTCTATGTTGAAGTA-1	5383.2491430335895	8738.143809069566	37.67733728377584	37.67786284578493	-1.5048490240587853e-06	-5.267665983410552e-07	18.129282672730568	True	Stroma
Patient10	ROI01	48	59.2346	8.64554e-12	5375	8722	5386.25528961608	8765.16260003868	32.7191073799964	Patient10_CTTCTATGTTGAAGTA-1	5386.255291114492	8765.162600482157	37.8703526785771	37.87101866379023	-1.4984125300543385e-06	-4.43476892542094e-07	44.6059590911453	True	Stroma
Patient10	ROI01	51	38.7402	1.00258e-11	5375	8722	5360.68177856988	8768.32809092495	35.5682835874652	Patient10_CTTCTATGTTGAAGTA-1	5360.681780050464	8768.328091355703	37.80193516519586	37.8027445582557	-1.4805837054154836e-06	-4.307530616642907e-07	48.4902410147892	True	Stroma
Patient10	ROI01	52	115.753	8.69673e-12	5375	8722	5357.67563048254	8741.30929942907	19.0287629205715	Patient10_CTTCTATGTTGAAGTA-1	5357.675631969561	8741.309299943112	37.60892507976671	37.60959561476268	-1.4870211089146324e-06	-5.14042767463252e-07	25.941912489616797	True	Stroma
Patient10	ROI01	53	495.045	2.61883e-11	5375	8722	5354.6694823952	8714.29050793319	15.9489384294928	Patient10_CTTCTATGTTGAAGTA-1	5354.669483888659	8714.290508530521	37.41680564330946	37.41736883440648	-1.4934585124137811e-06	-5.973306542728096e-07	21.74318776093499	True	Stroma
Patient10	ROI01	54	788.636	1.438e-11	5375	8722	5351.66333430786	8687.27171643731	30.6908333803358	Patient10_CTTCTATGTTGAAGTA-1	5351.663335807756	8687.271717117932	37.22559064561287	37.22607850269543	-1.49989591591293e-06	-6.806221790611744e-07	41.84081314742	True	Stroma
Patient10	ROI01	66	532.868	8.98963e-12	5375	8722	5329.095971349	8717.45599881946	33.8358276330516	Patient10_CTTCTATGTTGAAGTA-1	5329.09597282463	8717.455999404066	37.35074099264767	37.35151418627246	-1.4756296877749264e-06	-5.846068233950064e-07	46.12838381214508	True	Stroma
Patient10	ROI01	87	160.228	2.19055e-11	5254	8789	5280.95509734393	8750.80577208788	34.2903313378752	Patient10_CCACGGAGCCATAAGA-1	5280.955098777476	8750.805772563745	37.41770875162845	37.41919370202281	-1.4335464584291913e-06	-4.75863998872228e-07	46.74800871292452	True	Stroma
Patient10	ROI01	88	33.1147	2.60455e-11	5254	8789	5283.96124543127	8777.82456358376	23.4560224377428	Patient10_CCACGGAGCCATAAGA-1	5283.961246858379	8777.824563976335	37.61063084981604	37.61224793349127	-1.4271090549300425e-06	-3.925761120626703e-07	31.977595389369736	True	Stroma
Patient10	ROI01	89	201.474	9.13547e-12	5254	8789	5286.96739351861	8804.84335507964	26.8295909724674	Patient10_CCACGGAGCCATAAGA-1	5286.967394939282	8804.843355388926	37.80443536269827	37.806215810711926	-1.4206716514308937e-06	-3.092864062637091e-07	36.576781372756805	True	Stroma
Patient10	ROI01	90	119.685	7.33032e-12	5254	8789	5261.39388247241	8808.00884596591	14.9609171494003	Patient10_CCACGGAGCCATAAGA-1	5261.393883875254	8808.00884626247	37.7453043352058	37.74747787462168	-1.4028437362867408e-06	-2.9656075639650226e-07	20.39621834976946	True	Stroma
Patient10	ROI01	91	141.618	8.74225e-12	5254	8789	5258.38773438507	8780.99005447003	6.69917581711934	Patient10_CCACGGAGCCATAAGA-1	5258.38773579435	8780.99005484988	37.55155162988941	37.55356466110721	-1.4092802302911878e-06	-3.798504621954635e-07	9.132986391482564	True	Stroma
Patient10	ROI02	0	149.558	1.14157e-11	6488	7015	6460.69961990746	7013.02907508687	20.0773359898036	Patient10_GTTCGCCATAAGTGCC-1	6460.699621443125	7013.029081355395	31.532778094746583	31.53345004333008	-1.5356645235442556e-06	-6.268524884944782e-06	27.37143215490091	True	Stroma
Patient10	ROI02	1	121.694	1.16036e-11	6488	7015	6464.03043875161	7039.89204419351	25.3477073957217	Patient10_GTTCGCCATAAGTGCC-1	6464.030440292602	7039.892050380749	31.70547046220769	31.70605756823572	-1.5409923435072417e-06	-6.187239705468528e-06	34.55652949258603	True	Stroma
Patient10	ROI02	19	227.248	1.61985e-11	6488	7015	6434.86760441735	7016.14934660188	38.9824875793164	Patient10_GTTCGCCATAAGTGCC-1	6434.867605936595	7016.149352865645	31.41635754610242	31.416939456391816	-1.519245415693149e-06	-6.263764589675702e-06	53.14482531688737	True	Stroma
Patient10	ROI02	4	112.955	1.55932e-11	6486	7153	6474.02289528406	7120.48095151341	25.4196249987238	Patient10_GGGAGGATGCCCGAAA-1	6474.0228968410365	7120.480957456816	32.22712911082401	32.227541352291496	-1.5569767128909009e-06	-5.9434059949126095e-06	34.65457476076966	True	Stroma
Patient10	ROI02	7	119.449	2.44867e-11	6486	7153	6484.01535181651	7201.06985883332	35.2899664229304	Patient10_GGGAGGATGCCCGAAA-1	6484.015353389472	7201.069864532883	32.753960090452246	32.75431257657888	-1.5729619917692617e-06	-5.699563189409673e-06	48.110811224375816	True	Stroma
Patient10	ROI02	13	42.0765	1.08682e-11	6486	7153	6454.85251748225	7177.3271612417	28.9898390999611	Patient10_GGGAGGATGCCCGAAA-1	6454.852519033465	7177.327167017777	32.46352082480786	32.46382339489134	-1.5512150639551692e-06	-5.776077159680426e-06	39.521847644982806	True	Stroma
Patient10	ROI02	14	73.0892	1.02862e-11	6486	7153	6451.5216986381	7150.46419213506	25.3586351581741	Patient10_GGGAGGATGCCCGAAA-1	6451.521700183986	7150.464197992422	32.28755353813906	32.28787054448553	-1.5458854250027798e-06	-5.857361429661978e-06	34.57142731114636	True	Stroma
Patient10	ROI02	22	227.754	1.33733e-11	6367	7082	6415.69722661555	7072.99555633017	36.3256223172821	Patient10_ACTTATTAGGATCGGT-1	6415.697228129023	7072.995562426606	31.64829092430777	31.648660319988675	-1.5134728528209962e-06	-6.096435754443519e-06	49.52272090514978	True	Stroma
Patient10	ROI02	36	454.261	4.11626e-11	6367	7082	6393.19602996959	7102.97879695181	24.6174852783274	Patient10_ACTTATTAGGATCGGT-1	6393.196031471972	7102.978802962212	31.70939978907169	31.70967215392039	-1.5023815649328751e-06	-6.010402103129309e-06	33.561017679935574	True	Stroma
Patient10	ROI02	38	121.846	2.4742e-11	6367	7082	6386.53439228129	7049.25285873854	27.9695803932326	Patient10_ACTTATTAGGATCGGT-1	6386.534393773016	7049.252864911501	31.360067496448373	31.360436921662973	-1.4917259250069035e-06	-6.172960638650693e-06	38.13092895009648	True	Stroma
Patient10	ROI02	39	292.112	1.49767e-11	6367	7082	6383.20357343714	7022.38988963191	45.311480832767	Patient10_ACTTATTAGGATCGGT-1	6383.203574923537	7022.389895886146	31.186293604915768	31.18673154454276	-1.486397195549216e-06	-6.254236723179929e-06	61.773141819310965	True	Stroma
Patient10	ROI02	40	102.213	1.08919e-11	6367	7082	6357.37155794703	7025.51016114692	42.0336879517798	Patient10_ACTTATTAGGATCGGT-1	6357.371559417008	7025.510167396396	31.0726707746125	31.073055061978927	-1.4699780876981094e-06	-6.2494764279108495e-06	57.30452678466473	True	Stroma
Patient10	ROI02	41	40.8531	9.01638e-12	6367	7082	6360.70237679119	7052.37313025355	22.2172676961093	Patient10_ACTTATTAGGATCGGT-1	6360.702378266487	7052.373136421753	31.246800063495197	31.24712123121176	-1.4752977222087793e-06	-6.168203071865719e-06	30.28880105011213	True	Stroma
Patient10	ROI02	42	118.527	2.32195e-11	6367	7082	6364.03319563533	7079.23609936019	2.97422396741858	Patient10_ACTTATTAGGATCGGT-1	6364.033197115966	7079.236105447108	31.421525692364103	31.42179712658613	-1.4806355466134846e-06	-6.086917892389465e-06	4.054759534789656	True	Stroma
Patient10	ROI02	43	619.209	2.06749e-11	6367	7082	6367.36401447949	7106.09906846682	17.67902700408	Patient10_ACTTATTAGGATCGGT-1	6367.364015965443	7106.099074472462	31.596837768216947	31.597072635984027	-1.485953362134751e-06	-6.005641807860229e-06	24.101817514655963	True	Stroma
Patient10	ROI02	44	91.4811	1.01588e-11	6367	7082	6370.69483332364	7132.96203757346	37.4795003527056	Patient10_ACTTATTAGGATCGGT-1	6370.694834814922	7132.962043497819	31.772726583556118	31.77293783608916	-1.4912820915924383e-06	-5.924358447373379e-06	51.09580283084176	True	Stroma
Patient10	ROI02	56	230.229	8.59705e-12	6367	7082	6341.53199898938	7109.21933998183	27.3425896654316	Patient10_ACTTATTAGGATCGGT-1	6341.532000458915	7109.219345982713	31.48522071237031	31.485430408029256	-1.469535163778346e-06	-6.000883331580553e-06	37.276152490880754	True	Stroma
Patient10	ROI02	57	149.96	9.57783e-12	6367	7082	6338.20118014523	7082.3563708752	21.125962535987	Patient10_ACTTATTAGGATCGGT-1	6338.201181609436	7082.3563769573575	31.309559604388426	31.309800520164497	-1.4642064343206584e-06	-6.082157597120386e-06	28.80102472531469	True	Stroma
Patient10	ROI02	32	108.152	1.04882e-11	6364	7220	6406.51930534619	7210.43067337835	31.968629852648	Patient10_CGATCCGACCCAGTGC-1	6406.519306869885	7210.430679063635	32.41493248540204	32.41516462041182	-1.523695573268924e-06	-5.68528503208654e-06	43.58283307810951	True	Stroma
Patient10	ROI02	46	100.642	1.32143e-11	6364	7220	6377.35647101194	7186.68797578673	26.3257675128425	Patient10_CGATCCGACCCAGTGC-1	6377.356472513878	7186.687981548529	32.1261965103248	32.12639853920325	-1.50193773151841e-06	-5.761799002357293e-06	35.88991885026039	True	Stroma
Patient10	ROI02	48	112.965	1.24458e-11	6364	7220	6384.01810870024	7240.413914	20.9719997857109	Patient10_CGATCCGACCCAGTGC-1	6384.018110212835	7240.413919599239	32.48186139733488	32.48210349955099	-1.5125951904337851e-06	-5.599239557341207e-06	28.591127307855803	True	Stroma
Patient10	ROI02	49	232.915	1.40946e-11	6364	7220	6387.34892754439	7267.27688310663	38.6769775171208	Patient10_CGATCCGACCCAGTGC-1	6387.348929062313	7267.276888624596	32.66049455955025	32.66077467992738	-1.5179230103967711e-06	-5.517966201296076e-06	52.72832344908274	True	Stroma
Patient10	ROI02	50	178.778	1.32537e-11	6364	7220	6361.51691205428	7270.39715462164	37.0118747963008	Patient10_CGATCCGACCCAGTGC-1	6361.516913555784	7270.397160134846	32.550932316215615	32.55121903570539	-1.5015048120403662e-06	-5.513205906026997e-06	50.45828890978822	True	Stroma
Patient10	ROI02	51	64.2096	9.78675e-12	6364	7220	6358.18609321013	7243.53418551501	17.7816234397016	Patient10_CGATCCGACCCAGTGC-1	6358.186094706306	7243.534191109491	32.37196146428749	32.37220491264039	-1.4961760825826786e-06	-5.594481081061531e-06	24.24168723534325	True	Stroma
Patient10	ROI02	52	87.1688	1.05386e-11	6364	7220	6354.85527436598	7216.67121640837	7.13837177796813	Patient10_CGATCCGACCCAGTGC-1	6354.855275856828	7216.671222084135	32.19351954855275	32.19373162860296	-1.490847353124991e-06	-5.675764441548381e-06	9.73174224491189	True	Stroma
Patient10	ROI02	53	62.8296	1.04735e-11	6364	7220	6351.52445552183	7189.80824730174	23.9622522815466	Patient10_CGATCCGACCCAGTGC-1	6351.52445700735	7189.80825305878	32.01561541323312	32.01580822837468	-1.485520442656707e-06	-5.757039616582915e-06	32.66773853543709	True	Stroma
Patient10	ROI02	66	47.4008	9.70976e-12	6364	7220	6325.69244003172	7192.92851881675	34.4074822253469	Patient10_CGATCCGACCCAGTGC-1	6325.692441500821	7192.92852456903	31.905980673596385	31.906176638592637	-1.4691004253108986e-06	-5.7522802308085375e-06	46.90772051782552	True	Stroma
Patient10	ROI02	67	241.937	1.90334e-11	6364	7220	6329.02325887588	7219.79148792338	25.6563945101648	Patient10_CGATCCGACCCAGTGC-1	6329.023260350299	7219.791493594385	32.08422344314571	32.08444392877283	-1.4744191503268669e-06	-5.671005055774003e-06	34.977362635707784	True	Stroma
Patient10	ROI02	75	354.725	1.49391e-11	6245	7149	6293.19878685332	7142.32285211849	35.6921391264426	Patient10_CTGTACTTCTTAGCAT-1	6293.198788295335	7142.3228580285695	31.441783481478797	31.441972633165623	-1.4420156730921008e-06	-5.910079380555544e-06	48.659093271076216	True	Stroma
Patient10	ROI02	83	37.8053	9.39255e-12	6245	7149	6264.03595251906	7118.58015452687	26.3221723632309	Patient10_CTGTACTTCTTAGCAT-1	6264.0359539393285	7118.580160513465	31.156140465412104	31.15634993044701	-1.4202687452780085e-06	-5.9865951698157005e-06	35.88501758278834	True	Stroma
Patient10	ROI02	84	179.722	1.50678e-11	6245	7149	6267.36677136321	7145.4431236335	16.6125003777885	Patient10_CTGTACTTCTTAGCAT-1	6267.366772788807	7145.44312953882	31.333400207862432	31.33360719784729	-1.425596565240994e-06	-5.905319994781166e-06	22.6478217650327	True	Stroma
Patient10	ROI02	85	198.114	1.28206e-11	6245	7149	6270.69759020736	7172.30609274014	25.4471323130776	Patient10_CTGTACTTCTTAGCAT-1	6270.697591638286	7172.306098564176	31.51121968377178	31.511436878418152	-1.4309262041933837e-06	-5.824035724799614e-06	34.692075482412726	True	Stroma
Patient10	ROI02	94	57.909	1.071e-11	6245	7149	6244.86557471726	7175.42636425515	19.384365986445	Patient10_CTGTACTTCTTAGCAT-1	6244.865576131756	7175.426370074426	31.404151811622217	31.404404846048205	-1.4144961824058555e-06	-5.819276339025237e-06	26.426706149319603	True	Stroma
Patient10	ROI02	96	51.7704	1.04252e-11	6245	7149	6238.20393702896	7121.70042604188	20.6357941882911	Patient10_CTGTACTTCTTAGCAT-1	6238.2039384328	7121.700432023716	31.04840467089063	31.048639597353336	-1.403839632985182e-06	-5.981835784041323e-06	28.13277821689868	True	Stroma
Patient10	ROI02	90	54.5703	9.47663e-12	6243	7287	6258.18885009386	7282.87824068169	11.544173909415	Patient10_CCACACTGAGATATTA-1	6258.18885152967	7282.878246175847	32.12215431216761	32.122591277589564	-1.4358092812472023e-06	-5.4941574489930645e-06	15.738172290702508	True	Stroma
Patient10	ROI02	91	34.2626	8.43522e-12	6243	7287	6254.85803124971	7256.01527157505	24.3352829485059	Patient10_CCACACTGAGATATTA-1	6254.858032680191	7256.015277150493	31.94186296636408	31.94223600680448	-1.4304814612842165e-06	-5.575442628469318e-06	33.17629124370282	True	Stroma
Patient10	ROI03	1	13.9286	8.6316e-12	6703	8401	6705.40086222366	8353.54745109974	34.851643736709	Patient10_TGTAGTGATCTATAAT-1	6705.400863886191	8353.547452984949	40.88625381309884	40.8868694643193	-1.6625308489892632e-06	-1.8852097127819436e-06	47.51324590625902	True	Stroma
Patient10	ROI03	2	2930.81	3.12558e-11	6703	8401	6708.61968628179	8380.02706024192	15.9266383061365	Patient10_TGTAGTGATCTATAAT-1	6708.619687952541	8380.027062039107	41.06572018137302	41.06629566939768	-1.6707517715985889e-06	-1.7971869965549558e-06	21.71278600276269	True	Stroma
Patient10	ROI03	3	217.776	2.25594e-11	6703	8401	6711.83851033992	8406.50666938411	7.63851035548328	Patient10_TGTAGTGATCTATAAT-1	6711.838512018891	8406.506671093268	41.24592989341348	41.24648931960616	-1.6789717847132124e-06	-1.709157004370354e-06	10.413581167627664	True	Stroma
Patient10	ROI03	4	2636.32	4.72025e-11	6703	8401	6715.05733439805	8432.9862785263	25.0739739431063	Patient10_TGTAGTGATCTATAAT-1	6715.057336085243	8432.986280147428	41.42687324843376	41.427440400660366	-1.687192707322538e-06	-1.621128831175156e-06	34.18334867663516	True	Stroma
Patient10	ROI03	16	560.424	2.03967e-11	6703	8401	6685.88008696721	8409.60592100517	14.0550463608615	Patient10_TGTAGTGATCTATAAT-1	6685.880088630938	8409.605922707537	41.13585365790638	41.13628097852199	-1.6637277440167964e-06	-1.7023667169269174e-06	19.16124470376342	True	Stroma
Patient10	ROI03	17	82.9357	1.20006e-11	6703	8401	6682.66126290908	8383.12631186298	19.8609462446936	Patient10_TGTAGTGATCTATAAT-1	6682.661264564587	8383.126313653376	40.95552635616935	40.95597131022068	-1.6555077309021726e-06	-1.7903967091115192e-06	27.07642801539836	True	Stroma
Patient10	ROI03	7	235.473	1.85836e-11	6701	8539	6724.71380657244	8512.42510595286	26.1255665911852	Patient10_AGGTAGGTACAAAGCT-1	6724.713808284298	8512.425107309908	41.97401010055192	41.97474006655959	-1.711857294139918e-06	-1.3570479495683685e-06	35.61698493376223	True	Stroma
Patient10	ROI03	9	716.861	2.1827e-11	6701	8539	6731.1514546887	8565.38432423723	29.3886020823572	Patient10_AGGTAGGTACAAAGCT-1	6731.151456416999	8565.384325418227	42.342264147856426	42.34321597987099	-1.728299139358569e-06	-1.1809970601461828e-06	40.06548121887462	True	Stroma
Patient10	ROI03	10	243.899	1.26658e-11	6701	8539	6705.19303131599	8568.48357585829	21.8442316806347	Patient10_AGGTAGGTACAAAGCT-1	6705.193033029044	8568.483577032495	42.2329114120337	42.23372331011445	-1.7130541891674511e-06	-1.1742049537133423e-06	29.780241050207017	True	Stroma
Patient10	ROI03	11	421.966	2.64683e-11	6701	8539	6701.97420725786	8542.0039667161	2.31643013571908	Patient10_AGGTAGGTACAAAGCT-1	6701.974208962694	8542.003967978337	42.0483183446341	42.04900930133414	-1.7048341760528274e-06	-1.2622367648873478e-06	3.157989204019513	True	Stroma
Patient10	ROI03	12	521.402	1.54945e-11	6701	8539	6698.75538319973	8515.52435757391	17.2982523846343	Patient10_AGGTAGGTACAAAGCT-1	6698.755384896343	8515.524358924176	41.864413055703565	41.86500540527797	-1.6966123439488e-06	-1.3502667570719495e-06	23.58270747598141	True	Stroma
Patient10	ROI03	27	196.156	1.59672e-11	6701	8539	6672.79695982702	8518.62360919497	25.5217514259628	Patient10_AGGTAGGTACAAAGCT-1	6672.796961508388	8518.623610538445	41.75596276846445	41.75644217517499	-1.681368303252384e-06	-1.343474650639109e-06	34.793803719024595	True	Stroma
Patient10	ROI03	28	70.3798	1.48022e-11	6701	8539	6676.01578388515	8545.10321833716	18.8651588547466	Patient10_AGGTAGGTACAAAGCT-1	6676.015785574739	8545.103219592604	41.93998545696903	41.94056216078607	-1.6895892258617096e-06	-1.255442839465104e-06	25.718871066681405	True	Stroma
Patient10	ROI03	41	824.589	4.23701e-11	6584	8329	6601.56716873283	8365.94445758397	30.0069055495567	Patient10_TTGCCCTGATCACGGG-1	6601.567170334372	8365.944459442022	40.45209161392431	40.45234487320152	-1.6015419532777742e-06	-1.858052200987004e-06	40.90841433570208	True	Stroma
Patient10	ROI03	58	346.99	2.06167e-11	6584	8329	6575.60874536012	8369.04370920503	30.0106119245245	Patient10_TTGCCCTGATCACGGG-1	6575.608746946419	8369.04371105629	40.34653245723992	40.34675962909096	-1.58629882207606e-06	-1.8512600945541635e-06	40.91346723669793	True	Stroma
Patient10	ROI03	60	581.781	9.93769e-12	6584	8329	6546.43149792928	8345.66335168391	30.1460945704472	Patient10_TTGCCCTGATCACGGG-1	6546.431499492113	8345.663353616399	40.062848114419545	40.063152244961074	-1.5628329492756166e-06	-1.9324888853589077e-06	41.09817072789662	True	Stroma
Patient10	ROI03	44	120.68	8.63409e-12	6582	8467	6611.22364090722	8445.38328501053	26.6630524499226	Patient10_ACAATCCATTTAAACC-1	6611.223642533428	8445.383286604501	40.99403971029251	40.99422345196905	-1.626207449589856e-06	-1.5939713193802163e-06	36.349739404982415	True	Stroma
Patient10	ROI03	45	196.217	2.20041e-11	6582	8467	6614.44246496535	8471.86289415272	24.0628600323649	Patient10_ACAATCCATTTAAACC-1	6614.442466599778	8471.862895658662	41.17615760285725	41.17636617693364	-1.6344274627044797e-06	-1.5059413271956146e-06	32.80489708212075	True	Stroma
Patient10	ROI03	53	35.2737	1.01097e-11	6582	8467	6591.70286565077	8501.44175491597	26.2469002233749	Patient10_ACAATCCATTTAAACC-1	6591.702867278175	8501.44175632709	41.25393448601681	41.25415539329899	-1.627405254112091e-06	-1.4111210475675762e-06	35.78239907452577	True	Stroma
Patient10	ROI03	55	605.67	1.67974e-11	6582	8467	6585.26521753451	8448.48253663159	13.7923718668546	Patient10_ACAATCCATTTAAACC-1	6585.265219145473	8448.48253821877	40.888777580646654	40.888929064479896	-1.610962499398738e-06	-1.587179212947376e-06	18.80314056608756	True	Stroma
Patient10	ROI03	56	582.89	2.07643e-11	6582	8467	6582.04639347638	8422.00292748941	33.0060121962823	Patient10_ACAATCCATTTAAACC-1	6582.046395079122	8422.00292916461	40.7072873843112	40.70743980049231	-1.6027415767894126e-06	-1.67520011018496e-06	44.997096427191664	True	Stroma
Patient10	ROI03	64	74.5418	1.08645e-11	6582	8467	6559.3067941618	8451.58178825265	20.1242796619893	Patient10_ACAATCCATTTAAACC-1	6559.306795757519	8451.581789833039	40.78471235592625	40.78485742608692	-1.595718458702322e-06	-1.5803889255039394e-06	27.43543046319915	True	Stroma
Patient10	ROI03	65	105.932	1.30522e-11	6582	8467	6562.52561821993	8478.06139739484	16.4281988791794	Patient10_ACAATCCATTTAAACC-1	6562.525619823869	8478.0613988872	40.96702749424778	40.96719347919485	-1.6039393813116476e-06	-1.4923589333193377e-06	22.396563531990783	True	Stroma
Patient10	ROI03	81	579.317	1.04934e-11	6463	8396	6497.733475242	8378.34146406821	28.581072499337	Patient10_GTTACAATTGGTGACG-1	6497.733476782557	8378.341465899097	40.03716167938814	40.03746873549443	-1.5405566955450922e-06	-1.83088741323445e-06	38.964576138346175	True	Stroma
Patient10	ROI03	96	191.547	1.47585e-11	6463	8396	6478.21269998555	8434.39993397364	30.2967247931362	Patient10_GTTACAATTGGTGACG-1	6478.212701527305	8434.399935621685	40.2979487138126	40.29824169035932	-1.541755409562029e-06	-1.648044417379424e-06	41.30352491047556	True	Stroma
Patient10	ROI03	97	265.142	1.34096e-11	6463	8396	6474.99387592742	8407.92032483145	12.4037068160667	Patient10_GTTACAATTGGTGACG-1	6474.993877460954	8407.920326567524	40.116850413725466	40.11717801391263	-1.5335335774580017e-06	-1.7360744095640257e-06	16.90997350233358	True	Stroma
Patient10	ROI03	98	389.622	1.90204e-11	6463	8396	6471.77505186929	8381.44071568927	12.4691879647087	Patient10_GTTACAATTGGTGACG-1	6471.775053394603	8381.440717513364	39.93650509628058	39.93689216798401	-1.5253126548486762e-06	-1.824093487812206e-06	16.999243952287763	True	Stroma
Patient10	ROI04	8	30.6703	9.88395e-12	4432	7737	4403.73243571196	7697.39239551707	35.6929694662635	Patient10_CATAGCGTTGCCCACC-1	4403.732436343028	7697.392399815786	27.775747271690385	27.77597145167027	-6.310683602350764e-07	-4.298715793993324e-06	48.660225273365576	True	Stroma
Patient10	ROI04	9	249.198	1.72554e-11	4432	7737	4407.04498580945	7724.02799598244	20.6302191114761	Patient10_CATAGCGTTGCCCACC-1	4407.044986448941	7724.028000200993	27.95754438412439	27.957794737437705	-6.394911906681955e-07	-4.218552930979058e-06	28.125177714676727	True	Stroma
Patient10	ROI04	10	1074.93	3.97419e-11	4432	7737	4380.95388787324	7727.30729592946	38.1120776497946	Patient10_CATAGCGTTGCCCACC-1	4380.953888513423	7727.307300123378	27.914833071568555	27.91504885086785	-6.401833161362447e-07	-4.193917447992135e-06	51.95819545997338	True	Stroma
Patient10	ROI04	17	322.498	9.74144e-12	4315	7528	4357.76603719086	7540.8580926719	32.7566848777168	Patient10_CCTATACCGTCCTGTC-1	4357.766037772031	7540.858097426929	26.65371026454252	26.653970849586493	-5.8117166190641e-07	-4.755029294756241e-06	44.65718849378166	True	Stroma
Patient10	ROI04	18	46.1822	9.01664e-12	4315	7528	4354.45348709338	7514.22249220653	30.6535021025249	Patient10_CCTATACCGTCCTGTC-1	4354.453487666118	7514.222497041723	26.475682890777797	26.47599965903215	-5.727379175368696e-07	-4.835193067265209e-06	41.78991941636955	True	Stroma
Patient10	ROI04	19	459.282	2.12731e-11	4315	7528	4351.1409369959	7487.58689174117	39.7682906013756	Patient10_CCTATACCGTCCTGTC-1	4351.140937560205	7487.586896656516	26.29822140904181	26.29860756027639	-5.643050826620311e-07	-4.915345925837755e-06	54.21611057685293	True	Stroma
Patient10	ROI04	21	549.288	1.68189e-11	4315	7528	4328.36238915718	7517.50179215356	12.4646891520319	Patient10_CCTATACCGTCCTGTC-1	4328.362389730601	7517.501796964107	26.43539973658073	26.43566868993506	-5.734209480579011e-07	-4.810546670341864e-06	16.993110720964747	True	Stroma
Patient10	ROI04	22	31.2932	8.31457e-12	4315	7528	4331.67493925466	7544.13739261892	17.0211513790598	Patient10_CCTATACCGTCCTGTC-1	4331.674939836514	7544.137397349314	26.613290626366968	26.61350655565013	-5.818537829327397e-07	-4.730393811769318e-06	23.204935675062032	True	Stroma
Patient10	ROI04	23	82.8695	2.52814e-11	4315	7528	4334.98748935214	7570.77299308429	34.6311084447989	Patient10_CCTATACCGTCCTGTC-1	4334.987489942427	7570.772997734521	26.79173879712266	26.79191462104089	-5.902866178075783e-07	-4.650230948755052e-06	47.21259014278512	True	Stroma
Patient10	ROI04	36	168.181	1.37953e-11	4315	7528	4308.89639141594	7574.05229303132	34.0754108419252	Patient10_CCTATACCGTCCTGTC-1	4308.896392006909	7574.052297656905	26.752658255295074	26.75280444279117	-5.90968738833908e-07	-4.625584551831707e-06	46.45500760079555	True	Stroma
Patient10	ROI04	37	148.93	1.3157e-11	4315	7528	4305.58384131846	7547.41669256595	15.8288230963618	Patient10_CCTATACCGTCCTGTC-1	4305.583841900995	7547.416697271698	26.574354206966696	26.57453743120718	-5.825349944643676e-07	-4.705747414845973e-06	21.579434527266045	True	Stroma
Patient10	ROI04	38	255.508	2.5286e-11	4315	7528	4302.27129122097	7520.78109210058	10.733714008686	Patient10_CCTATACCGTCCTGTC-1	4302.271291795082	7520.781096886491	26.39661020641033	26.396843363950317	-5.741121640312485e-07	-4.785910277860239e-06	14.633272308054044	True	Stroma
Patient10	ROI04	39	278.505	1.77151e-11	4315	7528	4298.95874112349	7494.14549163522	27.4793841171712	Patient10_CCTATACCGTCCTGTC-1	4298.95874168917	7494.145496501284	26.21943764347588	26.219733889746404	-5.656802386511117e-07	-4.8660631364327855e-06	37.46264436694438	True	Stroma
Patient10	ROI04	42	948.31	5.22745e-11	4315	7528	4279.49274338225	7550.69599251298	30.9111071173317	Patient10_CCTATACCGTCCTGTC-1	4279.492743965478	7550.695997194081	26.53690753512454	26.537070063132493	-5.832280294271186e-07	-4.681101017922629e-06	42.14111233306478	True	Stroma
Patient10	ROI04	25	615.299	1.26486e-11	4313	7666	4341.61258954711	7624.04419401502	37.2504655661032	Patient10_TGATACATTTAGCCGT-1	4341.612590154253	7624.044198504935	27.15026299375661	27.150396352868302	-6.071431926102377e-07	-4.489914317673538e-06	50.78355970627321	True	Stroma
Patient10	ROI04	26	206.423	3.28787e-11	4313	7666	4344.92513964459	7650.67979448039	25.9743112768542	Patient10_TGATACATTTAGCCGT-1	4344.925140260166	7650.679798890141	27.33031766513656	27.33044817234129	-6.155760274850763e-07	-4.40975054516457e-06	35.410778563731675	True	Stroma
Patient10	ROI04	27	248.779	2.65824e-11	4313	7666	4348.23768974207	7677.31539494576	27.1472920741054	Patient10_TGATACATTTAGCCGT-1	4348.237690366079	7677.315399275348	27.510886895982075	27.511026484922617	-6.240088623599149e-07	-4.329587682150304e-06	37.00990328461985	True	Stroma
Patient10	ROI04	31	364.422	2.39604e-11	4313	7666	4325.45914190335	7707.23029535815	31.5936735062873	Patient10_TGATACATTTAGCCGT-1	4325.459142536474	7707.23029958294	27.65219884471677	27.652344592467887	-6.331238182610832e-07	-4.224789336149115e-06	43.07165509111677	True	Stroma
Patient10	ROI04	33	297.688	1.76577e-11	4313	7666	4318.83404170839	7653.95909442742	9.81428519661912	Patient10_TGATACATTTAGCCGT-1	4318.834042324648	7653.959098812526	27.290820742900827	27.29093068747138	-6.16258148511406e-07	-4.385105967230629e-06	13.379815008550477	True	Stroma
Patient10	ROI04	45	189.298	1.28794e-11	4313	7666	4289.4303936747	7630.60279390908	31.1936680306736	Patient10_TGATACATTTAGCCGT-1	4289.430394283217	7630.602798349702	27.073000546290547	27.07309857504896	-6.085165296099149e-07	-4.440622433321551e-06	42.52632762622093	True	Stroma
Patient10	ROI04	47	100.326	1.42139e-11	4313	7666	4296.05549386967	7683.87399483981	18.0658470492657	Patient10_TGATACATTTAGCCGT-1	4296.055494495044	7683.873999120116	27.433064818624096	27.43318090530009	-6.253740139072761e-07	-4.280306711734738e-06	24.629169282262627	True	Stroma
Patient10	ROI04	48	78.6842	1.05681e-11	4313	7666	4299.36804396715	7710.50959530518	34.1453396623741	Patient10_TGATACATTTAGCCGT-1	4299.368044600957	7710.509599505323	27.61386635991413	27.614009076953348	-6.338068487821147e-07	-4.200143848720472e-06	46.55034156171601	True	Stroma
Patient10	ROI04	52	199.496	1.20702e-11	4313	7666	4269.96439593346	7687.15329478683	35.1744764753806	Patient10_TGATACATTTAGCCGT-1	4269.964396559526	7687.153299042501	27.39631843509879	27.39644031227935	-6.260661393753253e-07	-4.255671228747815e-06	47.95336377888975	True	Stroma
Patient10	ROI04	53	166.782	1.54232e-11	4313	7666	4266.65184583598	7660.51769432147	34.2340394624494	Patient10_TGATACATTTAGCCGT-1	4266.651846453613	7660.517698657294	27.21617997586327	27.21628403799742	-6.176333045004867e-07	-4.335824087320361e-06	46.6712659991631	True	Stroma
Patient10	ROI04	60	917.285	2.39284e-11	4196	7457	4220.68544731488	7503.9833914763	38.930266058921	Patient10_CTGTAGCCATCTCACT-1	4220.685447882616	7503.983396268437	26.112608551350352	26.1128611778458	-5.677366061718203e-07	-4.792136678588577e-06	53.07363171812333	True	Stroma
Patient10	ROI04	79	563.183	1.03863e-11	4196	7457	4194.59434937868	7507.26269142332	36.8828158534376	Patient10_CTGTAGCCATCTCACT-1	4194.594349947099	7507.262696190821	26.0800496537327	26.08031228386977	-5.6841872719815e-07	-4.767501195601653e-06	50.28234285298439	True	Stroma
Patient10	ROI04	80	247.257	7.91817e-12	4196	7457	4168.50325144247	7510.54199137035	44.1501013746861	Patient10_CTGTAGCCATCTCACT-1	4168.50325201158	7510.541996113206	26.04902591236062	26.049310895163103	-5.691099431714974e-07	-4.7428557081730105e-06	60.18983320411052	True	Stroma
Patient10	ROI04	62	272.024	9.78504e-12	4194	7595	4227.31054750985	7557.25459240703	36.9265126101608	Patient10_TACTGAACAGATTTAG-1	4227.310548094442	7557.254597038851	26.46650847615312	26.466665851887427	-5.84592271479778e-07	-4.631820957001764e-06	50.34191464143385	True	Stroma
Patient10	ROI04	64	70.6819	1.09561e-11	4194	7595	4233.93564770481	7610.52579333776	31.4292350884182	Patient10_TACTGAACAGATTTAG-1	4233.935648306268	7610.525797809265	26.82268481709058	26.82279826597237	-6.014579412294552e-07	-4.471505235414952e-06	42.84747619603232	True	Stroma
Patient10	ROI04	75	69.0416	1.08276e-11	4194	7595	4207.84454976861	7613.80509328479	17.1288239342312	Patient10_TACTGAACAGATTTAG-1	4207.844550370751	7613.805097731649	26.78937578541357	26.789510423673438	-6.021409717504866e-07	-4.446858838491608e-06	23.35172566953389	True	Stroma
Patient10	ROI04	76	78.9318	1.64436e-11	4194	7595	4204.53199967113	7587.16949281942	9.62665475758729	Patient10_TACTGAACAGATTTAG-1	4204.532000264838	7587.169497346442	26.6111914820756	26.61133903256814	-5.93708136875648e-07	-4.527021701505873e-06	13.124018431021286	True	Stroma
Patient10	ROI04	77	120.046	1.89729e-11	4194	7595	4201.21944957364	7560.53389235405	25.8300467190458	Patient10_TACTGAACAGATTTAG-1	4201.219450158925	7560.533896961235	26.43356805840633	26.433741075420137	-5.852843969478272e-07	-4.607184564520139e-06	35.21410269208244	True	Stroma
Patient10	ROI04	83	97.2011	1.39388e-11	4194	7595	4178.44090173492	7590.44879276645	11.8910564552217	Patient10_TACTGAACAGATTTAG-1	4178.440902329319	7590.448797268826	26.579568287123763	26.579746394373878	-5.943993528489955e-07	-4.502375304582529e-06	16.21107726541126	True	Stroma
Patient10	ROI04	84	111.696	1.06539e-11	4194	7595	4181.75345183241	7617.08439323181	18.5232085976743	Patient10_TACTGAACAGATTTAG-1	4181.753452435233	7617.084397654033	26.757559410450508	26.757727295514798	-6.028230927768163e-07	-4.422222446009982e-06	25.252690281202284	True	Stroma
Patient10	ROI04	94	64.8708	9.53067e-12	4194	7595	4158.97490399368	7646.99929364421	45.9877990160639	Patient10_TACTGAACAGATTTAG-1	4158.974904605628	7646.999297961624	26.905584763066805	26.90580264664154	-6.119480531197041e-07	-4.317414095567074e-06	62.69516639860509	True	Stroma
Patient10	ROI04	95	162.891	1.39442e-11	4194	7595	4155.6623538962	7620.36369317884	33.7184631973671	Patient10_TACTGAACAGATTTAG-1	4155.662354499715	7620.363697576417	26.72724102282236	26.72745424951917	-6.035143087501638e-07	-4.39757695858134e-06	45.96838087697349	True	Stroma
Patient10	ROI04	97	109.824	9.08962e-12	4194	7595	4149.03725370124	7567.09249224811	38.8172364059597	Patient10_TACTGAACAGATTTAG-1	4149.0372542878895	7567.0924968060035	26.37223366399444	26.37247461217948	-5.866495484951884e-07	-4.557893589662854e-06	52.91953839224665	True	Stroma
Patient10	ROI04	70	79.8176	1.10801e-11	4191	7733	4224.40730025602	7746.98309561162	26.5647098157373	Patient10_CCGGTTTGTAATTGTG-1	4224.407300900317	7746.983099657683	27.68833031334508	27.688580199381924	-6.442969606723636e-07	-4.0460627133143134e-06	36.215668891787416	True	Stroma
Patient10	ROI04	71	155.662	1.14407e-11	4191	7733	4221.09475015854	7720.34749514625	23.9465151542736	Patient10_CCGGTTTGTAATTGTG-1	4221.094750794403	7720.347499272477	27.50750329035535	27.50770693777148	-6.358632163028233e-07	-4.126226485823281e-06	32.646284109819945	True	Stroma
Patient10	ROI04	72	287.61	1.65163e-11	4191	7733	4217.78220006106	7693.71189468089	34.8773612492083	Patient10_CCGGTTTGTAATTGTG-1	4217.78220068849	7693.71189888727	27.32718408610798	27.327352858645668	-6.274294719332829e-07	-4.206380253890529e-06	47.54830659104669	True	Stroma
Patient10	ROI04	87	117.014	7.77459e-12	4191	7733	4191.69110212485	7696.99119462791	26.4178367052305	Patient10_CCGGTTTGTAATTGTG-1	4191.691102752972	7696.991198809654	27.29480715997513	27.29501711917783	-6.281225068960339e-07	-4.181743861408904e-06	36.01543678024798	True	Stroma
Patient10	ROI04	88	106.819	1.45459e-11	4191	7733	4195.00365222234	7723.62679509328	7.47631340259719	Patient10_CCGGTTTGTAATTGTG-1	4195.003652858885	7723.626799194861	27.47494563216841	27.47519307025314	-6.36545337329153e-07	-4.101580998394638e-06	10.19245806176374	True	Stroma
Patient10	ROI04	91	102.546	2.76842e-11	4191	7733	4168.91255428613	7726.9060950403	16.806778168646	Patient10_CCGGTTTGTAATTGTG-1	4168.912554923368	7726.906099117245	27.44384510539429	27.44414813542268	-6.372374627972022e-07	-4.076944605913013e-06	22.912680677323664	True	Stroma
Patient10	ROI04	92	339.988	1.06257e-11	4191	7733	4165.60000418865	7700.27049457494	30.3889243132573	Patient10_CCGGTTTGTAATTGTG-1	4165.600004817455	7700.270498732038	27.26389741363091	27.26416043397385	-6.288046279223636e-07	-4.15709746448556e-06	41.42922051626871	True	Stroma
Patient10	ROI05	5	80.5581	1.04815e-11	6721	7434	6778.67792146147	7415.62745554223	44.4021155408226	Patient10_GGGTCACCGTGACGGT-1	6778.677923276524	7415.627460630923	35.555736023495726	35.55645168914892	-1.815054019971285e-06	-5.088693797006272e-06	60.53340411680341	True	Stroma
Patient10	ROI05	13	165.704	1.16706e-11	6721	7434	6756.6704655285	7445.36433598257	27.4605860924633	Patient10_GGGTCACCGTGACGGT-1	6756.670467332167	7445.364340977589	35.614067247046684	35.61466291529014	-1.8036662368103864e-06	-4.9950185712077655e-06	37.43701701985164	True	Stroma
Patient10	ROI05	15	920.602	2.70969e-11	6721	7434	6749.25253619466	7392.17644016138	37.0218824823988	Patient10_GGGTCACCGTGACGGT-1	6749.2525380221205	7392.176445342801	35.26035693504671	35.26095889311334	-1.8274604371981691e-06	-5.181421329325531e-06	50.47193238826112	True	Stroma
Patient10	ROI05	24	459.884	1.99859e-11	6721	7434	6723.53611559476	7395.31937269113	28.4337115982984	Patient10_GGGTCACCGTGACGGT-1	6723.536117422741	7395.319377872073	35.14227580539558	35.14276954842258	-1.827980668167584e-06	-5.180942935112398e-06	38.76367902196145	True	Stroma
Patient10	ROI05	27	1302.33	1.64756e-11	6721	7434	6734.66300959553	7475.10121642291	31.7704651072755	Patient10_GGGTCACCGTGACGGT-1	6734.663011387809	7475.101221324255	35.674854014482854	35.67538117901763	-1.7922793631441891e-06	-4.901345164398663e-06	43.31267508074734	True	Stroma
Patient10	ROI05	45	137.633	1.45296e-11	6721	7434	6675.81223906191	7428.19918566121	33.4178601477976	Patient10_GGGTCACCGTGACGGT-1	6675.812240879002	7428.199190748011	35.086538738875056	35.08686991156099	-1.817092197597958e-06	-5.0868002290371805e-06	45.55856873949261	True	Stroma
Patient10	ROI05	29	460.123	2.4022e-11	6718	7572	6742.08093892937	7528.28911224409	36.6062080931134	Patient10_GCCGAAATTCCTACGT-1	6742.080940697855	7528.289116959043	36.03442345824047	36.03510956547575	-1.7684851627564058e-06	-4.714953320217319e-06	49.90524349334283	True	Stroma
Patient10	ROI05	30	82.865	1.9278e-11	6718	7572	6716.36451832948	7531.43204477383	29.7813458171133	Patient10_GCCGAAATTCCTACGT-1	6716.364520098474	7531.432049488314	35.918522314963035	35.91912568590143	-1.7689935702946968e-06	-4.714484020951204e-06	40.60090875247912	True	Stroma
Patient10	ROI05	49	340.79	1.53511e-11	6718	7572	6690.64809772959	7534.57497730358	34.0018390831059	Patient10_GCCGAAATTCCTACGT-1	6690.648099499094	7534.574982017586	35.80374364823047	35.804287274286416	-1.7695047063170932e-06	-4.714005626738072e-06	46.35470722200281	True	Stroma
Patient10	ROI05	56	340.988	1.25945e-11	6602	7363	6642.67788912817	7378.15422236976	31.8411194457851	Patient10_CATACTATGTAATTGT-1	6642.677890969575	7378.154227642495	34.61860477393559	34.61895986298967	-1.841404809965752e-06	-5.272735506878234e-06	43.408998140429695	True	Stroma
Patient10	ROI05	60	346.219	1.15482e-11	6602	7363	6605.83457452752	7301.51531116773	45.187520692071	Patient10_CATACTATGTAATTGT-1	6605.8345764051255	7301.515316719584	33.98135534733596	33.98201041662334	-1.87760542758042e-06	-5.551853973884136e-06	61.60414695950403	True	Stroma
Patient10	ROI05	64	310.718	1.96512e-11	6602	7363	6620.6704331952	7407.8911028101	35.6626473592419	Patient10_CATACTATGTAATTGT-1	6620.670435025218	7407.89110798916	34.68139393557978	34.68169048335724	-1.830017936299555e-06	-5.179060281079728e-06	48.618887144847264	True	Stroma
Patient10	ROI05	75	828.323	1.63868e-11	6602	7363	6594.95401259531	7411.03403533984	35.6106973559225	Patient10_CATACTATGTAATTGT-1	6594.954014425836	7411.034040518432	34.56909133873008	34.569398706610606	-1.830526343837846e-06	-5.178592800803017e-06	48.54806370532213	True	Stroma
Patient10	ROI05	76	556.678	1.28468e-11	6602	7363	6591.24504792839	7384.44008742925	17.5943506791939	Patient10_CATACTATGTAATTGT-1	6591.245049770814	7384.440092701038	34.39243979096714	34.39279275533078	-1.8424243535264395e-06	-5.271788722893689e-06	23.986378280943125	True	Stroma
Patient10	ROI05	77	198.93	1.49256e-11	6602	7363	6587.53608326147	7357.84613951866	11.2628999494151	Patient10_CATACTATGTAATTGT-1	6587.53608511579	7357.846144883644	34.21674870407968	34.21717663902972	-1.8543205442256292e-06	-5.364984644984361e-06	15.354711501042926	True	Stroma
Patient10	ROI05	78	453.874	1.73749e-11	6602	7363	6583.82711859455	7331.25219160807	26.8327595397739	Patient10_CATACTATGTAATTGT-1	6583.827120460768	7331.25219706625	34.0420329488998	34.04256567655989	-1.8662185539142229e-06	-5.458180567075033e-06	36.58110108057568	True	Stroma
Patient10	ROI05	82	692.426	2.82737e-11	6602	7363	6561.81966266158	7360.9890720484	29.5097387872594	Patient10_CATACTATGTAATTGT-1	6561.819664516411	7360.989077412916	34.10527092281907	34.10573520072233	-1.854830770753324e-06	-5.364516255212948e-06	40.23062688867471	True	Stroma
Patient10	ROI05	83	157.863	1.1024e-11	6602	7363	6565.5286273285	7387.58301995899	32.2620046169239	Patient10_CATACTATGTAATTGT-1	6565.528629171433	7387.583025230309	34.28114405673287	34.28153281394385	-1.8429327610647304e-06	-5.271319423627574e-06	43.9827908942524	True	Stroma
Patient10	ROI05	68	1061.13	2.87924e-11	6600	7501	6635.50629186289	7514.26689445247	27.803067046586	Patient10_GAAGTTTCCACTCAAT-1	6635.50629364531	7514.266899258736	35.39655170204947	35.39695114816764	-1.7824195310822688e-06	-4.806265678780619e-06	37.90392130460542	True	Stroma
Patient10	ROI05	70	357.897	2.37837e-11	6600	7501	6613.49883592992	7544.00377489281	33.0614273320542	Patient10_GAAGTTTCCACTCAAT-1	6613.498837700952	7544.003779605402	35.466250953988954	35.46675556034938	-1.7710326574160715e-06	-4.712592271971516e-06	45.07264388178651	True	Stroma
Patient10	ROI05	71	657.462	1.41896e-11	6600	7501	6609.789871263	7517.40982698221	14.0161506283935	Patient10_GAAGTTTCCACTCAAT-1	6609.789873045928	7517.409831788007	35.28501245509409	35.28542236175685	-1.78292793862056e-06	-4.805797289009206e-06	19.10821815167966	True	Stroma
Patient10	ROI05	72	1530.5	3.59501e-11	6600	7501	6606.08090659608	7490.81587907162	8.7005350090464	Patient10_GAAGTTTCCACTCAAT-1	6606.080908390906	7490.815883970614	35.10466335822024	35.10500576240479	-1.7948259483091531e-06	-4.89899412059458e-06	11.861439377837954	True	Stroma
Patient10	ROI05	73	143.529	1.03349e-11	6600	7501	6602.37194192916	7464.22193116103	27.0332844887594	Patient10_GAAGTTTCCACTCAAT-1	6602.371943735883	7464.221936153221	34.92521744162517	34.92551996707108	-1.806723048503045e-06	-4.9921909521799535e-06	36.85447674352934	True	Stroma
Patient10	ROI05	86	88.8799	1.0838e-11	6600	7501	6576.65552132926	7467.36486369077	30.0318968766101	Patient10_GAAGTTTCCACTCAAT-1	6576.655523136502	7467.364868682492	34.81447496480793	34.81481222000335	-1.807241460483056e-06	-4.991721652913839e-06	40.9424850118931	True	Stroma
Patient10	ROI05	87	97.4651	1.13841e-11	6600	7501	6580.36448599619	7493.95881160136	15.3009694875533	Patient10_GAAGTTTCCACTCAAT-1	6580.364487791525	7493.958816499886	34.99410741034599	34.994484374675864	-1.7953352653421462e-06	-4.898525730823167e-06	20.859811702385382	True	Stroma
Patient10	ROI05	88	365.645	1.19177e-11	6600	7501	6584.07345066311	7520.55275951196	18.4980224432622	Patient10_GAAGTTTCCACTCAAT-1	6584.073452446548	7520.552764317279	35.17464396595122	35.1750883502185	-1.7834381651482545e-06	-4.8053188947960734e-06	25.21835399689974	True	Stroma
Patient10	ROI05	89	569.139	1.51998e-11	6600	7501	6587.78241533003	7547.14670742255	35.0155155775917	Patient10_GAAGTTTCCACTCAAT-1	6587.782417101571	7547.146712134673	35.35607078181946	35.356609867220385	-1.7715410649543628e-06	-4.7121229727054015e-06	47.73665238692739	True	Stroma
Patient10	ROI05	90	336.813	1.10979e-11	6600	7501	6562.06599473014	7550.28963995229	45.6223311518514	Patient10_GAAGTTTCCACTCAAT-1	6562.065996502191	7550.289644663945	35.24706751123749	35.247665187418875	-1.7720503819873556e-06	-4.71165549242869e-06	62.19692405931429	True	Stroma
Patient10	ROI05	91	75.9046	1.13193e-11	6600	7501	6558.35703006322	7523.6956920417	34.787693295443	Patient10_GAAGTTTCCACTCAAT-1	6558.357031847168	7523.695696846551	35.06545728949948	35.065960391526225	-1.7839474821812471e-06	-4.804851414519362e-06	47.426062269676486	True	Stroma
Patient10	ROI06	2	125.997	9.8144e-12	5992	7835	5968.64860056936	7835.12307747643	17.1288225472373	Patient10_TCCTAGCAAAGAAGCT-1	5968.648602190576	7835.123081163191	34.20181176974356	34.20257865193082	-1.621216142666526e-06	-3.686761374410708e-06	23.35172377865321	True	Stroma
Patient10	ROI06	3	864.489	1.88203e-11	5992	7835	5972.24434329122	7861.74607676939	24.3901887033297	Patient10_TCCTAGCAAAGAAGCT-1	5972.244344920648	7861.746080365698	34.382209323238904	34.38283692760556	-1.629427970328834e-06	-3.596307578845881e-06	33.25114425924754	True	Stroma
Patient10	ROI06	17	549.826	1.13507e-11	5992	7835	5942.85670978994	7838.53620954538	36.1405073487068	Patient10_TCCTAGCAAAGAAGCT-1	5942.856711391562	7838.536213224759	34.10824663949466	34.10896727136446	-1.6016219888115302e-06	-3.6793790059164166e-06	49.270353668499055	True	Stroma
Patient10	ROI06	8	19.8506	8.10948e-12	5990	7973	5990.22305690055	7994.86107323421	16.0362437996621	Patient10_GATTACTGAATTTGGG-1	5990.223058571006	7994.861076378226	35.30264726655141	35.303217275923494	-1.6704561858205125e-06	-3.144015863654204e-06	21.8622111720748	True	Stroma
Patient10	ROI06	9	27.583	8.66848e-12	5990	7973	5993.81879962241	8021.48407252717	35.6739030078996	Patient10_GATTACTGAATTTGGG-1	5993.818801301078	8021.484075580732	35.49029090954759	35.49097253131505	-1.6786680134828202e-06	-3.053562068089377e-06	48.63423197066001	True	Stroma
Patient10	ROI06	10	14.666	9.22191e-12	5990	7973	5968.026908843	8024.89720459612	41.3388270821462	Patient10_GATTACTGAATTTGGG-1	5968.026910502065	8024.897207642299	35.39596707644969	35.39654051751739	-1.6590656741755083e-06	-3.0461787901003845e-06	56.357222961084496	True	Stroma
Patient10	ROI06	12	85.455	9.93678e-12	5990	7973	5960.83542339927	7971.65120601019	21.4154985969995	Patient10_GATTACTGAATTTGGG-1	5960.835425041922	7971.651209237288	35.022035067746074	35.022442112071026	-1.6426511137979103e-06	-3.227097295166459e-06	29.19574923729084	True	Stroma
Patient10	ROI06	13	160.095	1.19389e-11	5990	7973	5957.2396806774	7945.02820671723	31.5978649239529	Patient10_GATTACTGAATTTGGG-1	5957.23968231185	7945.028210034781	34.83683440831024	34.83721946489986	-1.6344492905773222e-06	-3.317551090731285e-06	43.07736925083397	True	Stroma
Patient10	ROI06	20	89.6946	1.132e-11	5874	7764	5909.8733335668	7788.7033430284	31.9491670258438	Patient10_ACCATCGTATATGGTA-1	5909.873335132407	7788.703346881314	33.66026283005194	33.66143923400796	-1.565606908116024e-06	-3.852914232993498e-06	43.55629940632835	True	Stroma
Patient10	ROI06	39	141.497	1.27719e-11	5874	7764	5884.08144278738	7792.11647509735	21.9095156740841	Patient10_ACCATCGTATATGGTA-1	5884.081444333395	7792.116478942881	33.57099551927901	33.57224783052884	-1.5460145732504316e-06	-3.845530955004506e-06	29.86924271847446	True	Stroma
Patient10	ROI06	40	33.9723	9.7567e-12	5874	7764	5858.28955200796	7795.5296071663	25.8394318588023	Patient10_ACCATCGTATATGGTA-1	5858.289553534381	7795.529611004448	33.4837723642428	33.48515244348344	-1.5264213288901374e-06	-3.838148586510215e-06	35.226897453107725	True	Stroma
Patient10	ROI06	34	274.569	1.12657e-11	5871	7902	5902.0601563967	7925.23147156217	28.4508482904254	Patient10_GTTGAACCGGTTCCAT-1	5902.060157983753	7925.23147495541	34.470885140853206	34.47129072483384	-1.5870527931838296e-06	-3.3932401493075304e-06	38.78704147432973	True	Stroma
Patient10	ROI06	35	101.042	9.92837e-12	5871	7902	5898.46441367484	7898.6084722692	20.2985608471674	Patient10_GTTGAACCGGTTCCAT-1	5898.464415253681	7898.608475752904	34.28836635864948	34.288853020403074	-1.578840965521522e-06	-3.4837039493140765e-06	27.67302800294058	True	Stroma
Patient10	ROI06	36	445.018	1.49755e-11	5871	7902	5894.86867095297	7871.98547297624	28.1289598635803	Patient10_GTTGAACCGGTTCCAT-1	5894.86867252361	7871.985476550399	34.107097822838234	34.10770901248048	-1.5706400517956354e-06	-3.574158654373605e-06	38.34821098201554	True	Stroma
Patient10	ROI06	43	518.649	1.35843e-11	5871	7902	5869.07678017356	7875.39860504519	19.5634317719293	Patient10_GTTGAACCGGTTCCAT-1	5869.076781724597	7875.398608611966	34.01939212148385	34.02009916311871	-1.5510368029936217e-06	-3.566775376384612e-06	26.67082653467234	True	Stroma
Patient10	ROI06	44	570.348	2.28581e-11	5871	7902	5872.67252289542	7902.02160433815	1.2269217513026	Patient10_GTTGAACCGGTTCCAT-1	5872.672524454668	7902.021607814471	34.20050976581293	34.20108208107403	-1.5592477211612277e-06	-3.4763215808197856e-06	1.6726624235425909	True	Stroma
Patient10	ROI06	55	472.014	2.54652e-11	5871	7902	5846.88063211601	7905.4347364071	17.8703905885268	Patient10_GTTGAACCGGTTCCAT-1	5846.880633655656	7905.434739876038	34.11466684808266	34.115375804132086	-1.5396462913486175e-06	-3.468938302830793e-06	24.362703489340124	True	Stroma
Patient10	ROI06	56	194.888	1.20149e-11	5871	7902	5843.28488939414	7878.81173711414	26.5063973536204	Patient10_GTTGAACCGGTTCCAT-1	5843.284890925584	7878.811740673533	33.9337116147291	33.93456581033649	-1.5314435586333277e-06	-3.5593930078903213e-06	36.1361715121956	True	Stroma
Patient10	ROI06	48	92.1464	1.05419e-11	5869	8040	5887.05549378288	8008.51360151	26.6235785534763	Patient10_TGAGCCATACAGTCTC-1	5887.055495374955	8008.513604624494	34.937333498027904	34.937796773302445	-1.5920750229270195e-06	-3.114494575129356e-06	36.2959246419583	True	Stroma
Patient10	ROI06	49	139.487	9.79032e-12	5869	8040	5890.65123650475	8035.13660080297	16.2772202862834	Patient10_TGAGCCATACAGTCTC-1	5890.651238105027	8035.136603827001	35.124530543221674	35.12507065975469	-1.600276846147608e-06	-3.02403077512281e-06	22.19073441628957	True	Stroma
Patient10	ROI06	50	51.6566	9.15249e-12	5869	8040	5864.85934572533	8038.54973287191	3.21813805407118	Patient10_TGAGCCATACAGTCTC-1	5864.859347306015	8038.549735888567	35.03794633230263	35.03857367187497	-1.5806845112820156e-06	-3.0166565920808357e-06	4.3872876091225415	True	Stroma
Patient10	ROI06	69	592.889	1.26619e-11	5869	8040	5839.06745494591	8041.96286494086	22.0031062149639	Patient10_TGAGCCATACAGTCTC-1	5839.067456507001	8041.962867950135	34.95333382821486	34.95409815379735	-1.5610912669217214e-06	-3.009275133081246e-06	29.996834702868004	True	Stroma
Patient10	ROI06	78	365.003	1.90419e-11	5752	7831	5784.50962239158	7832.3920026661	23.8681216538827	Patient10_TTGACTACCATATGGT-1	5784.509623867414	7832.392006391656	33.4111886193765	33.412962589292974	-1.4758343240828251e-06	-3.725555870914832e-06	32.539410250733425	True	Stroma
Patient10	ROI06	79	192.976	9.43596e-12	5752	7831	5780.91387966972	7805.76900337314	28.1483710916367	Patient10_TTGACTACCATATGGT-1	5780.913881137344	7805.769007189149	33.23452689300065	33.23660517479778	-1.4676243154099211e-06	-3.816009666479658e-06	38.37467430923257	True	Stroma
Patient10	ROI06	80	144.062	9.89477e-12	5752	7831	5755.1219888903	7809.18213544209	16.1667281337899	Patient10_TTGACTACCATATGGT-1	5755.121990338331	7809.182139250716	33.15563828758805	33.15805543199467	-1.448031071049627e-06	-3.8086263884906657e-06	22.04010046479968	True	Stroma
Patient10	ROI06	81	100.233	9.75232e-12	5752	7831	5758.71773161216	7835.80513473505	6.05836773013723	Patient10_TTGACTACCATATGGT-1	5758.717733068403	7835.805138453223	33.332086338740126	33.334187054021555	-1.456242898711935e-06	-3.718172592925839e-06	8.259372726484456	True	Stroma
Patient10	ROI06	82	93.5108	1.14751e-11	5752	7831	5762.31347433403	7862.42813402802	24.2625338139822	Patient10_TTGACTACCATATGGT-1	5762.313475798474	7862.428137655728	33.50987195334679	33.51170285855696	-1.464444721932523e-06	-3.6277078834245913e-06	33.07711234859994	True	Stroma
Patient10	ROI06	99	146.325	1.06733e-11	5752	7831	5729.33009811088	7812.59526751104	21.4188505825198	Patient10_TTGACTACCATATGGT-1	5729.330099539318	7812.595271312283	33.07887162420853	33.081681232916615	-1.4284387361840345e-06	-3.801243110501673e-06	29.200318999156785	True	Stroma
Patient10	ROI06	85	211.298	1.47392e-11	5750	7969	5773.10070249962	7942.29713190691	25.8992412097751	Patient10_CTCCGCCCACATGAGG-1	5773.100703988689	7942.297135263245	34.05104388183764	34.052338050448995	-1.489069290983025e-06	-3.3563346732989885e-06	35.308435541282364	True	Stroma
Patient10	ROI06	86	258.377	1.43832e-11	5750	7969	5776.69644522149	7968.92013119987	19.5823110793897	Patient10_CTCCGCCCACATGAGG-1	5776.696446718761	7968.920134465751	34.233970918983154	34.235174751351394	-1.4972711142036133e-06	-3.265880877734162e-06	26.696564694530203	True	Stroma
Patient10	ROI06	92	197.765	1.88042e-11	5750	7969	5754.50029716394	7998.95626256178	22.2199177893407	Patient10_CTCCGCCCACATGAGG-1	5754.50029864982	7998.956265729824	34.33989550275328	34.34136208557833	-1.485880602558609e-06	-3.1680438041803427e-06	30.292413922202808	True	Stroma
Patient7a	ROI01	2	44.545	1.10182e-11	8100	8026	8047.91217563219	8049.66929372482	41.9668693428905	Patient7a_TGCGCGATTAACGGAG-1	8047.912178292626	8049.669290210715	9.814451736169342	9.808221999567674	-2.6604357117321342e-06	3.5141047192155384e-06	57.21343297516418	True	Stroma
Patient7a	ROI01	3	228.425	9.11549e-12	8100	8026	8073.24202821517	8054.43547349654	28.6405640936633	Patient7a_TGCGCGATTAACGGAG-1	8073.242030882543	8054.435469975258	9.961717515350324	9.956063386524336	-2.667373337317258e-06	3.5212815419072285e-06	39.04568102889488	True	Stroma
Patient7a	ROI01	4	27.2086	1.00812e-11	8100	8026	8098.57188079815	8059.20165326825	24.3764052483584	Patient7a_TGCGCGATTAACGGAG-1	8098.57188347246	8059.201649739801	10.12337282767528	10.118226553321367	-2.67431005340768e-06	3.528449269651901e-06	33.2323532750811	True	Stroma
Patient7a	ROI01	5	117.503	9.85471e-12	8100	8026	8123.90173338114	8063.96783303997	32.9089620943923	Patient7a_TGCGCGATTAACGGAG-1	8123.9017360623775	8063.967829504344	10.298740094741015	10.294034684046007	-2.6812376745510846e-06	3.535626092343591e-06	44.864788023283296	True	Stroma
Patient7a	ROI01	34	72.8275	6.51318e-12	8100	8026	8118.04258640638	8088.54915016074	47.7513343238384	Patient7a_TGCGCGATTAACGGAG-1	8118.042589099307	8088.549146623373	10.28717762146071	10.283012637895064	-2.692927409952972e-06	3.5373668652027845e-06	65.09939408368196	True	Stroma
Patient7a	ROI01	35	69.4637	8.69408e-12	8100	8026	8092.7127338234	8083.78297038903	42.7203640768349	Patient7a_TGCGCGATTAACGGAG-1	8092.712736509391	8083.78296685883	10.09397463416012	10.0893661696452	-2.68599069386255e-06	3.530200046952814e-06	58.24067234594869	True	Stroma
Patient7a	ROI01	36	35.6515	8.65315e-12	8100	8026	8067.38288124042	8079.01679061731	45.6588711651593	Patient7a_TGCGCGATTAACGGAG-1	8067.382883919474	8079.016787094288	9.913885867463344	9.908763876660542	-2.679053977772128e-06	3.523022314766422e-06	62.24673905945799	True	Stroma
Patient7a	ROI01	7	499.407	1.27896e-11	8220	8096	8174.5614385471	8073.5001925834	37.1921694820737	Patient7a_GCTCTATGTTACGTGC-1	8174.561441242212	8073.50018903343	10.68785822960612	10.683839490222208	-2.6951120162266307e-06	3.5499706427799538e-06	50.704084654917615	True	Stroma
Patient7a	ROI01	8	164.202	1.39398e-11	8220	8096	8199.89129113009	8078.26637235511	19.666415171927	Patient7a_GCTCTATGTTACGTGC-1	8199.89129383213	8078.266368797973	10.900238960792608	10.896470113633823	-2.702039637370035e-06	3.5571374610299245e-06	26.81122380389177	True	Stroma
Patient7a	ROI01	9	124.042	9.08325e-12	8220	8096	8225.22114371307	8083.03255212683	10.2538642820628	Patient7a_GCTCTATGTTACGTGC-1	8225.221146422047	8083.032548562516	11.123606152999018	11.120028178289756	-2.708977262955159e-06	3.564313374226913e-06	13.979093175736448	True	Stroma
Patient7a	ROI01	10	488.555	9.76936e-12	8220	8096	8250.55099629605	8087.79873189854	23.2029957502114	Patient7a_GCTCTATGTTACGTGC-1	8250.550999011964	8087.7987283270595	11.357311603990183	11.353868217429635	-2.715914888540283e-06	3.5714801924768835e-06	31.63264410625935	True	Stroma
Patient7a	ROI01	28	613.672	1.45092e-11	8220	8096	8270.02170190428	8117.14622879103	39.8355225501831	Patient7a_GCTCTATGTTACGTGC-1	8270.021704638812	8117.146225210631	11.682332839168952	11.67949213339423	-2.7345322450855747e-06	3.580398697522469e-06	54.30776789266121	True	Stroma
Patient7a	ROI01	29	961.733	3.96968e-11	8220	8096	8244.6918493213	8112.38004901932	21.7347274230927	Patient7a_GCTCTATGTTACGTGC-1	8244.691852048894	8112.380045446089	11.425066721647369	11.422150012284684	-2.727594619500451e-06	3.5732309697777964e-06	29.630953895902348	True	Stroma
Patient7a	ROI01	30	1041.98	2.17587e-11	8220	8096	8219.36199673831	8107.6138692476	8.53178337366086	Patient7a_GCTCTATGTTACGTGC-1	8219.361999458977	8107.613865681546	11.176846925743408	11.173800444629954	-2.720667907851748e-06	3.5660541470861062e-06	11.6313802733068	True	Stroma
Patient7a	ROI01	31	377.943	1.49946e-11	8220	8096	8194.03214415533	8102.84768947589	19.6989266454557	Patient7a_GCTCTATGTTACGTGC-1	8194.03214686906	8102.847685917002	10.938289326368212	10.93505614589368	-2.7137302822666243e-06	3.558887328836136e-06	26.85554669575336	True	Stroma
Patient7a	ROI01	32	597.483	9.6752e-12	8220	8096	8168.70229157235	8098.08150970417	37.6585651147248	Patient7a_GCTCTATGTTACGTGC-1	8168.702294279142	8098.081506152459	10.710039596174234	10.706559695599804	-2.7067917471867986e-06	3.5517105061444454e-06	51.33992182090598	True	Stroma
Patient7a	ROI01	50	193.232	7.14883e-12	8220	8096	8238.83270234654	8136.96136614009	33.0692458199918	Patient7a_GCTCTATGTTACGTGC-1	8238.832705085824	8136.961362565118	11.519042540241673	11.516592516379411	-2.7392834454076365e-06	3.57497174263699e-06	45.08330282638917	True	Stroma
Patient7a	ROI01	51	96.2389	8.26891e-12	8220	8096	8264.16255492952	8141.7275459118	46.6306258733983	Patient7a_GCTCTATGTTACGTGC-1	8264.162557675741	8141.7275423296605	11.789377480784507	11.786998196874858	-2.7462210709927604e-06	3.5821394703816622e-06	63.57153225319243	True	Stroma
Patient7a	ROI01	70	147.401	6.93784e-12	8220	8096	8207.6437027888	8156.77650348915	45.4924428108733	Patient7a_GCTCTATGTTACGTGC-1	8207.643705532837	8156.776499919604	11.363722985357477	11.361558449427774	-2.7440364647191018e-06	3.5695456972462125e-06	62.01984728406022	True	Stroma
Patient7a	ROI01	71	1417.71	9.79906e-12	8220	8096	8182.31385020582	8152.01032371743	49.5184732927523	Patient7a_GCTCTATGTTACGTGC-1	8182.31385294292	8152.010320155062	11.097108070789394	11.09476685241089	-2.73709974862868e-06	3.562367965059821e-06	67.50853464000427	True	Stroma
Patient7a	ROI01	13	248.044	8.72201e-12	8340	8166	8326.540554045	8102.09727121369	47.9019942310743	Patient7a_AGTCGGCCCAAACGAC-1	8326.540556781714	8102.097267620687	12.114343457654767	12.110995017838851	-2.7367150323698297e-06	3.593002475099638e-06	65.30478873522434	True	Stroma
Patient7a	ROI01	14	1481.62	1.56083e-11	8340	8166	8351.87040662798	8106.8634509854	44.2427567414781	Patient7a_AGTCGGCCCAAACGAC-1	8351.870409371633	8106.863447385231	12.383427019482928	12.380017019033344	-2.7436526579549536e-06	3.6001692933496088e-06	60.31615026566093	True	Stroma
Patient7a	ROI01	15	30.821	8.29894e-12	8340	8166	8377.20025921096	8111.62963075711	48.3229286046113	Patient7a_AGTCGGCCCAAACGAC-1	8377.20026196155	8111.629627149774	12.660004765486203	12.656491359186136	-2.750590283540077e-06	3.60733611159958e-06	65.87864856667002	True	Stroma
Patient7a	ROI01	24	915.138	1.10272e-11	8340	8166	8371.34111223621	8136.21094787789	31.7167781165292	Patient7a_AGTCGGCCCAAACGAC-1	8371.341114998479	8136.210944268803	12.79066027355924	12.787648317776782	-2.762268195510842e-06	3.609086888900492e-06	43.239483606265566	True	Stroma
Patient7a	ROI01	25	314.626	1.29946e-11	8340	8166	8346.01125965322	8131.44476810617	25.7274238838772	Patient7a_AGTCGGCCCAAACGAC-1	8346.011262408563	8131.44476450426	12.502727900295648	12.499823984825536	-2.755343302851543e-06	3.601910066208802e-06	35.074196980897284	True	Stroma
Patient7a	ROI01	26	120.313	1.84858e-11	8340	8166	8320.68140707024	8126.67858833446	32.1358070908021	Patient7a_AGTCGGCCCAAACGAC-1	8320.681409818646	8126.678584739718	12.221699073471417	12.218861684635788	-2.748405677266419e-06	3.5947423384641297e-06	43.81074580689789	True	Stroma
Patient7a	ROI01	27	528.538	1.07985e-11	8340	8166	8295.35155448726	8121.91240856274	46.0258980045243	Patient7a_AGTCGGCCCAAACGAC-1	8295.351557228729	8121.9124049751745	11.948060935339686	11.945245629498793	-2.741468051681295e-06	3.5875655157724395e-06	62.74710674957699	True	Stroma
Patient7a	ROI01	52	56.3246	1.01048e-11	8340	8166	8289.4924075125	8146.49372568352	39.7149825910779	Patient7a_AGTCGGCCCAAACGAC-1	8289.492410265659	8146.493722094204	12.067518813053418	12.065159794304162	-2.7531586965778843e-06	3.5893162930733524e-06	54.1434357664263	True	Stroma
Patient7a	ROI01	53	1899.79	2.32017e-11	8340	8166	8314.82226009549	8151.25990545523	21.4003836885164	Patient7a_AGTCGGCCCAAACGAC-1	8314.822262855574	8151.259901858747	12.352939237315177	12.350553278910931	-2.7600835892371838e-06	3.596483111323323e-06	29.175143082560595	True	Stroma
Patient7a	ROI01	55	491.551	1.23197e-11	8340	8166	8365.48196526145	8160.79226499866	19.0777325129332	Patient7a_AGTCGGCCCAAACGAC-1	8365.48196803541	8160.792261387833	12.943679095640322	12.941110089707912	-2.7739606593968347e-06	3.6108276617596857e-06	26.00867273487644	True	Stroma
Patient7a	ROI01	64	119.833	2.72559e-11	8340	8166	8359.6228182867	8185.37358211944	20.2267896649963	Patient7a_AGTCGGCCCAAACGAC-1	8359.62282107234	8185.373578506862	13.118278681064345	13.116093781669717	-2.785640390357002e-06	3.612577529565897e-06	27.575182350285736	True	Stroma
Patient7a	ROI01	65	2212.32	3.74374e-11	8340	8166	8334.29296570372	8180.60740234772	11.5034693312992	Patient7a_AGTCGGCCCAAACGAC-1	8334.292968482423	8180.60739874232	12.80990989547897	12.807840208801467	-2.7787027647718787e-06	3.605400706874207e-06	15.682679739352588	True	Stroma
Patient7a	ROI01	66	142.127	1.16223e-11	8340	8166	8308.96311312073	8175.84122257601	23.8830489098287	Patient7a_AGTCGGCCCAAACGAC-1	8308.963115892506	8175.841218977777	12.5073121047229	12.505317133243286	-2.771776053123176e-06	3.5982329791295342e-06	32.55976057877564	True	Stroma
Patient7a	ROI01	67	1499.83	8.79461e-12	8340	8166	8283.63326053775	8171.07504280429	41.5130542826164	Patient7a_AGTCGGCCCAAACGAC-1	8283.633263302589	8171.075039213234	12.210914348157662	12.208950546871035	-2.764838427538052e-06	3.591056156437844e-06	56.59474690349388	True	Stroma
Patient7a	ROI01	93	942.355	1.10517e-11	8340	8166	8303.10396614598	8200.42253969678	37.0132531266563	Patient7a_AGTCGGCCCAAACGAC-1	8303.103968929436	8200.422536096805	12.683973080030327	12.682308614427164	-2.783455784083344e-06	3.5999746614834294e-06	50.46016798756574	True	Stroma
Patient7a	ROI01	94	559.059	7.06629e-12	8340	8166	8328.43381872896	8205.1887194685	29.9713272645116	Patient7a_AGTCGGCCCAAACGAC-1	8328.433821519353	8205.18871586135	12.99617012468588	12.994428179673744	-2.790393409668468e-06	3.6071505746804178e-06	40.85991045970852	True	Stroma
Patient7a	ROI01	96	180.886	2.80786e-11	8340	8166	8379.09352389493	8214.72107901193	45.8199722409411	Patient7a_AGTCGGCCCAAACGAC-1	8379.093526699187	8214.721075390435	13.63592656458565	13.633912892468844	-2.8042577469022945e-06	3.621495125116781e-06	62.46636815607367	True	Stroma
Patient7a	ROI01	44	110.193	8.58557e-12	8099	8164	8086.85358684865	8108.3642875098	41.7708383074506	Patient7a_ACTGTAGCACTTTGGA-1	8086.853589546321	8108.36428397786	10.094876876310131	10.090753971177753	-2.69767133431742e-06	3.531939910317305e-06	56.94618386455284	True	Stroma
Patient7a	ROI01	45	73.6146	9.49577e-12	8099	8164	8112.18343943163	8113.13046728152	38.5462440561443	Patient7a_ACTGTAGCACTTTGGA-1	8112.183442136238	8113.130463742403	10.305365981748382	10.301686882578467	-2.704608050407842e-06	3.539117642503697e-06	52.55009452174114	True	Stroma
Patient7a	ROI01	46	153.237	1.2625e-11	8099	8164	8137.51329201461	8117.89664705323	44.0645703579813	Patient7a_ACTGTAGCACTTTGGA-1	8137.513294726155	8117.896643506945	10.527540333151386	10.524234918068778	-2.7115456759929657e-06	3.546284460753668e-06	60.07322876903729	True	Stroma
Patient7a	ROI01	73	720.092	2.50227e-11	8099	8164	8131.65414503985	8142.47796417401	28.6867968980749	Patient7a_ACTGTAGCACTTTGGA-1	8131.654147763085	8142.477960625975	10.591154241335737	10.588273084928204	-2.723235411394853e-06	3.5480343285598792e-06	39.10871021113797	True	Stroma
Patient7a	ROI01	74	28.8476	6.9277e-12	8099	8164	8106.32429245687	8137.71178440229	20.0172205044069	Patient7a_ACTGTAGCACTTTGGA-1	8106.324295173168	8137.711780861432	10.353148378435952	10.349896676927976	-2.716297785809729e-06	3.540857505868189e-06	27.28947671366149	True	Stroma
Patient7a	ROI01	75	90.375	7.96113e-12	8099	8164	8080.99443987389	8132.94560463058	26.3307681096033	Patient7a_ACTGTAGCACTTTGGA-1	8080.994442583251	8132.94560109689	10.126071454739616	10.122377516636735	-2.709361069719307e-06	3.5336906876182184e-06	35.89673616382408	True	Stroma
Patient7a	ROI01	76	118.565	7.03196e-12	8099	8164	8055.66458729091	8128.17942485886	41.2406718401918	Patient7a_ACTGTAGCACTTTGGA-1	8055.664589993333	8128.179421332346	9.910674722011208	9.906463699004792	-2.702422534639481e-06	3.526513864926528e-06	56.223407919737205	True	Stroma
Patient7a	ROI01	83	233.226	1.06078e-11	8099	8164	8049.80544031615	8152.76074197963	37.0146854530498	Patient7a_ACTGTAGCACTTTGGA-1	8049.805443030263	8152.760738451376	9.955325045445784	9.95148436511185	-2.714112270041369e-06	3.5282546377857216e-06	50.46212067815102	True	Stroma
Patient7a	ROI01	84	477.119	8.21147e-12	8099	8164	8075.13529289913	8157.52692175135	18.137614069973	Patient7a_ACTGTAGCACTTTGGA-1	8075.135295620181	8157.526918215919	10.187280097796627	10.183955142900048	-2.7210508051211946e-06	3.53543055098271e-06	24.72700926160428	True	Stroma
Patient7a	ROI01	85	11.0967	5.74151e-12	8099	8164	8100.46514548212	8162.29310152307	1.65002460083102	Patient7a_ACTGTAGCACTTTGGA-1	8100.465148210097	8162.293097980461	10.43011809136802	10.427232360520916	-2.727977516769897e-06	3.542608283169102e-06	2.249478538311156	True	Stroma
Patient7a	ROI01	86	34.4281	8.20864e-12	8099	8164	8125.7949980651	8167.05928129478	19.7822028673358	Patient7a_ACTGTAGCACTTTGGA-1	8125.795000800015	8167.059277745005	10.683096909943192	10.68057761135358	-2.734915142355021e-06	3.5497751014190726e-06	26.969077169033955	True	Stroma
Patient7a	ROI01	87	635.963	9.31423e-12	8099	8164	8151.12485064808	8171.82546106649	38.6627980293008	Patient7a_ACTGTAGCACTTTGGA-1	8151.1248533899325	8171.825457509548	10.945513434874991	10.94329167061531	-2.741852767940145e-06	3.5569419196690437e-06	52.70899255333727	True	Stroma
Patient7a	ROI01	112	14.5613	7.35855e-12	8099	8164	8145.26570367333	8196.40677818727	41.4335882297716	Patient7a_ACTGTAGCACTTTGGA-1	8145.265706426862	8196.406774628576	11.078319993204914	11.07639139675137	-2.753532498900313e-06	3.55869451595936e-06	56.48641083364517	True	Stroma
Patient7a	ROI01	114	474.846	1.76057e-11	8099	8164	8094.60599850736	8186.87441864384	17.0854711442124	Patient7a_ACTGTAGCACTTTGGA-1	8094.606001247028	8186.874415099492	10.535635442615447	10.533052409359666	-2.7396681616664864e-06	3.544348146533593e-06	23.2926228109024	True	Stroma
Patient7a	ROI01	115	741.173	1.08438e-11	8099	8164	8069.27614592438	8182.10823887212	25.5302569050126	Patient7a_ACTGTAGCACTTTGGA-1	8069.276148657111	8182.108235334948	10.277966588838112	10.27494832087742	-2.7327305360813625e-06	3.5371713238419038e-06	34.80539923860214	True	Stroma
Patient7a	ROI01	116	156.99	7.58002e-12	8099	8164	8043.9462933414	8177.34205910041	41.5516322557991	Patient7a_ACTGTAGCACTTTGGA-1	8043.9462960671935	8177.342055570405	10.03035835856766	10.026827214989051	-2.7257938199909404e-06	3.5300045055919327e-06	56.64734025433173	True	Stroma
Patient7a	ROI01	124	31.5647	2.53627e-11	8099	8164	8063.41699894962	8206.6895559929	40.7648410973925	Patient7a_ACTGTAGCACTTTGGA-1	8063.417001694041	8206.689552453978	10.397359632975167	10.394584576673546	-2.74442027148325e-06	3.538922101142816e-06	55.57470786807833	True	Stroma
Patient7a	ROI01	125	62.0086	7.76014e-12	8099	8164	8088.74685153261	8211.45573576461	35.6126571015307	Patient7a_ACTGTAGCACTTTGGA-1	8088.746854283958	8211.455732218521	10.668853438179076	10.666509096098697	-2.7513478926266544e-06	3.546088919392787e-06	48.550735426508425	True	Stroma
Patient7a	ROI01	89	92.2152	6.62374e-12	8219	8234	8201.78455581405	8181.35782060992	40.626166728736	Patient7a_TGGCCGTATATTGACC-1	8201.784558569767	8181.357817038634	11.496051479526354	11.494233977636831	-2.7557161956792697e-06	3.571286470105406e-06	55.38565310129415	True	Stroma
Patient7a	ROI01	90	139.459	1.18701e-11	8219	8234	8227.11440839703	8186.12400038164	35.6185567629356	Patient7a_TGGCCGTATATTGACC-1	8227.114411159684	8186.123996803177	11.782972041086236	11.781269133720285	-2.7626538212643936e-06	3.578463292797096e-06	48.55877843491317	True	Stroma
Patient7a	ROI01	91	772.255	1.06486e-11	8219	8234	8252.44426098001	8190.89018015335	40.0217588412471	Patient7a_TGGCCGTATATTGACC-1	8252.444263749601	8190.89017656772	12.076927142305516	12.075285550818174	-2.769591446849517e-06	3.5856301110470667e-06	54.56166382827423	True	Stroma
Patient7a	ROI01	108	118.211	7.58299e-12	8219	8234	8246.58511400526	8215.47149727413	24.3748008018529	Patient7a_TGGCCGTATATTGACC-1	8246.585116786531	8215.47149368675	12.25570871869009	12.25434313928554	-2.781271177809685e-06	3.587379978853278e-06	33.2301659331666	True	Stroma
Patient7a	ROI01	109	1400.67	1.54494e-11	8219	8234	8221.25526142227	8210.70531750241	17.1668736147808	Patient7a_TGGCCGTATATTGACC-1	8221.255264196614	8210.705313922206	11.95124795777994	11.949824656821727	-2.774344466160983e-06	3.580204065656289e-06	23.403598799037116	True	Stroma
Patient7a	ROI01	110	718.088	1.57776e-11	8219	8234	8195.92540883929	8205.9391377307	26.6483698816768	Patient7a_TGGCCGTATATTGACC-1	8195.925411606697	8205.939134157663	11.65318702663517	11.651653270947111	-2.767406840575859e-06	3.5730372474063188e-06	36.32972265969743	True	Stroma
Patient7a	ROI01	111	72.7863	6.9061e-12	8219	8234	8170.59555625631	8201.17295795898	42.9002694288107	Patient7a_TGGCCGTATATTGACC-1	8170.59555901678	8201.17295439312	11.362029597988789	11.360328764086043	-2.760469214990735e-06	3.565859515219927e-06	58.48593731230579	True	Stroma
Patient7a	ROI01	128	203.917	1.91201e-11	8219	8234	8164.73640928156	8225.75427507976	40.2600399946092	Patient7a_TGGCCGTATATTGACC-1	8164.736412053709	8225.754271512149	11.532108402184228	11.530632506880318	-2.7721498554456048e-06	3.567611202015541e-06	54.88651252465099	True	Stroma
Patient7a	ROI01	129	1361.25	1.27061e-11	8219	8234	8190.06626186454	8230.52045485147	21.3762272210371	Patient7a_TGGCCGTATATTGACC-1	8190.066264643627	8230.520451276694	11.834141492368357	11.832828826654229	-2.779086571536027e-06	3.5747762012761086e-06	29.14221057044268	True	Stroma
Patient7a	ROI01	131	213.72	1.1694e-11	8219	8234	8240.7259670305	8240.0528143949	16.5432138983984	Patient7a_TGGCCGTATATTGACC-1	8240.725969823461	8240.052810805779	12.456532098462928	12.45538178048854	-2.7929618227062747e-06	3.5891207517124712e-06	22.55336350767765	True	Stroma
Patient7a	ROI01	132	89.767	1.02281e-11	8219	8234	8266.05581961349	8244.81899416662	35.4166696928591	Patient7a_TGGCCGTATATTGACC-1	8266.055822413378	8244.818990570322	12.775996959807538	12.774853444262142	-2.7998885343549773e-06	3.596298483898863e-06	48.28354579227442	True	Stroma
Patient7a	ROI01	147	1582.7	1.95071e-11	8219	8234	8260.19667263873	8269.40031128739	39.8423713177065	Patient7a_TGGCCGTATATTGACC-1	8260.196675450308	8269.400307689351	13.006067512319508	13.005079493777982	-2.811577360262163e-06	3.598039256758057e-06	54.317104817422994	True	Stroma
Patient7a	ROI01	148	93.5591	7.73206e-12	8219	8234	8234.86682005575	8264.63413151568	25.3057743730837	Patient7a_TGGCCGTATATTGACC-1	8234.866822860391	8264.634127924808	12.678349907166014	12.677355785056664	-2.804641553666442e-06	3.590872438508086e-06	34.49936220282264	True	Stroma
Patient7a	ROI01	150	503.66	9.9909e-12	8219	8234	8184.20711488978	8255.10177197225	29.8480793625855	Patient7a_TGGCCGTATATTGACC-1	8184.207117680557	8255.101768395722	12.037840776937124	12.0366879587468	-2.7907763069379143e-06	3.5765278880717237e-06	40.69188659501744	True	Stroma
Patient7a	ROI01	151	223.868	8.89352e-12	8219	8234	8158.8772623068	8250.33559220053	45.6997352535617	Patient7a_TGGCCGTATATTGACC-1	8158.877265090639	8250.33558863118	11.725864596682104	11.724551474156454	-2.783839590847492e-06	3.5693501558853318e-06	62.30244907118323	True	Stroma
Patient7a	ROI01	169	533.871	1.64663e-11	8219	8234	8178.34796791503	8279.68308909302	44.855655960426	Patient7a_TGGCCGTATATTGACC-1	8178.3479707174865	8279.683085514753	12.263151511998252	12.262099366437846	-2.802456947392784e-06	3.578266841941513e-06	61.151715770845136	True	Stroma
Patient7a	ROI01	170	65.7061	7.25989e-12	8219	8234	8203.67782049801	8284.44926886474	38.6743469582922	Patient7a_TGGCCGTATATTGACC-1	8203.677823307404	8284.449265279294	12.58925863525456	12.58831042660508	-2.809394572977908e-06	3.5854463931173086e-06	52.72473720824137	True	Stroma
Patient7a	ROI01	120	336.186	3.12204e-11	7979	8232	7962.09758861769	8187.62483690604	34.8310901323517	Patient7a_AGGCCACCCGTTATGA-1	7962.097591334372	8187.6248333958065	9.411311690199769	9.405986820161823	-2.716681592573877e-06	3.5102339097647928e-06	47.48522517744176	True	Stroma
Patient7a	ROI01	121	319.529	1.24579e-11	7979	8232	7987.42744120068	8192.39101667775	29.7040976789303	Patient7a_AGGCCACCCGTTATGA-1	7987.427443924289	8192.391013160348	9.641270650918855	9.636715808819918	-2.723609213717282e-06	3.517401637509465e-06	40.49559636569423	True	Stroma
Patient7a	ROI01	122	780.75	5.7118e-11	7979	8232	8012.75729378366	8197.15719644947	35.5854665572878	Patient7a_AGGCCACCCGTTATGA-1	8012.757296514206	8197.157192924891	9.88280933626084	9.878933452707344	-2.730545929807704e-06	3.524579369695857e-06	48.51366655754992	True	Stroma
Patient7a	ROI01	156	481.913	7.87592e-12	7979	8232	8032.22799939189	8226.50469334196	39.2510215751405	Patient7a_AGGCCACCCGTTATGA-1	8032.228002141053	8226.504689808466	10.268640565353408	10.265540633695265	-2.749163286352996e-06	3.5334942367626354e-06	53.51091771338771	True	Stroma
Patient7a	ROI01	157	563.493	1.33406e-11	7979	8232	8006.8981468089	8221.73851357024	21.8040703055872	Patient7a_AGGCCACCCGTTATGA-1	8006.898149551136	8221.73851004392	10.001915841470948	9.998227900028464	-2.742236574704293e-06	3.5263201425550506e-06	29.725489047601027	True	Stroma
Patient7a	ROI01	158	1067.3	2.31093e-11	7979	8232	7981.56829422592	8216.97233379853	11.1828306416065	Patient7a_AGGCCACCCGTTATGA-1	7981.568296961219	8216.97233027938	9.745058774463711	9.740694474416296	-2.7352989491191693e-06	3.5191515053156763e-06	15.245553013704678	True	Stroma
Patient7a	ROI01	159	641.635	1.09232e-11	7979	8232	7956.23844164294	8212.20615402681	22.125942974159	Patient7a_AGGCCACCCGTTATGA-1	7956.238444371302	8212.206150514836	9.498869886153376	9.493736230331068	-2.7283613235340454e-06	3.5119737731292844e-06	30.16429805667977	True	Stroma
Patient7a	ROI01	160	906.962	1.3904e-11	7979	8232	7950.37929466819	8236.78747114759	21.2853739398331	Patient7a_AGGCCACCCGTTATGA-1	7950.379297408232	8236.787467633865	9.617527708506511	9.612526829193143	-2.740041963988915e-06	3.513725459924899e-06	29.018350292174222	True	Stroma
Patient7a	ROI01	162	98.9744	9.02213e-12	7979	8232	8001.03899983415	8246.31983069102	19.2786620971803	Patient7a_AGGCCACCCGTTATGA-1	8001.039002588066	8246.319827162952	10.149841838604742	10.14628015578166	-2.753916305664461e-06	3.528068191371858e-06	26.282600037080204	True	Stroma
Patient7a	ROI01	196	1368.99	1.45262e-11	7979	8232	8020.50970544238	8275.66732758351	44.1931914790407	Patient7a_AGGCCACCCGTTATGA-1	8020.509708214913	8275.667324046524	10.61753946180134	10.614622203739051	-2.772532752715051e-06	3.53698487742804e-06	60.24857794337298	True	Stroma
Patient7a	ROI01	197	758.895	9.9585e-12	7979	8232	7995.17985285939	8270.90114781179	30.9042621849894	Patient7a_AGGCCACCCGTTATGA-1	7995.179855624996	8270.90114428198	10.325348755531342	10.32185282491104	-2.765606041066349e-06	3.529810783220455e-06	42.13178063678584	True	Stroma
Patient7a	ROI01	198	861.666	2.04361e-11	7979	8232	7969.85000027641	8266.13496804008	25.9224246814022	Patient7a_AGGCCACCCGTTATGA-1	7969.850003035079	8266.134964517438	10.04131556133127	10.037151887577345	-2.7586684154812247e-06	3.522642145981081e-06	35.34004156815563	True	Stroma
Patient7a	ROI01	202	301.205	9.47684e-12	7979	8232	7989.32070588464	8295.48246493257	47.1766606354766	Patient7a_AGGCCACCCGTTATGA-1	7989.320708661926	8295.48246140101	10.52705719675987	10.523568565817143	-2.7772857720265165e-06	3.531558832037262e-06	64.31594144434274	True	Stroma
Patient7a	ROI01	134	52.1642	9.35866e-12	8339	8304	8316.71552477945	8254.35135371005	39.91818009633	Patient7a_ATCCAACGCAGTCATA-1	8316.715527593213	8254.351350099409	13.429498756330018	13.42823756731159	-2.8137619665358216e-06	3.6106412153458223e-06	54.42045492532984	True	Stroma
Patient7a	ROI01	135	555.734	1.62385e-11	8339	8304	8342.04537736243	8259.11753348176	32.9976276401994	Patient7a_ATCCAACGCAGTCATA-1	8342.04538018313	8259.117529863952	13.762843782392952	13.761464405407104	-2.820699592120945e-06	3.617808033595793e-06	44.98566576189073	True	Stroma
Patient7a	ROI01	142	4646.27	1.82146e-11	8339	8304	8386.84593555364	8293.23121014597	35.9736245369403	Patient7a_ATCCAACGCAGTCATA-1	8386.845938399894	8293.231206512066	14.705835564289975	14.704277380909888	-2.846254574251361e-06	3.63390427082777e-06	49.04284233120366	True	Stroma
Patient7a	ROI01	143	1241.94	1.27446e-11	8339	8304	8361.51608297066	8288.46503037425	20.065460397328	Patient7a_ATCCAACGCAGTCATA-1	8361.516085809977	8288.465026747523	14.358684514442082	14.357310856680972	-2.8393169486662373e-06	3.6267265386413774e-06	27.355242159678497	True	Stroma
Patient7a	ROI01	144	1076.31	1.41216e-11	8339	8304	8336.18623038768	8283.69885060254	15.0335349022707	Patient7a_ATCCAACGCAGTCATA-1	8336.18623322006	8283.698846982981	14.014868922150448	14.013647199789196	-2.8323793230811134e-06	3.619557901402004e-06	20.49521813226782	True	Stroma
Patient7a	ROI01	145	1032.81	9.23089e-12	8339	8304	8310.8563778047	8278.93267083082	27.6451636715692	Patient7a_ATCCAACGCAGTCATA-1	8310.856380630143	8278.932667218438	13.67464037564694	13.673535450245073	-2.825443516485393e-06	3.612381988205016e-06	37.68865163345404	True	Stroma
Patient7a	ROI01	173	909.748	2.09499e-11	8339	8304	8279.66737824696	8298.74780817988	43.6915082197328	Patient7a_ATCCAACGCAGTCATA-1	8279.667381077155	8298.747804572924	13.59448889783158	13.593563968071798	-2.830194716807455e-06	3.6069559428142384e-06	59.56463315596407	True	Stroma
Patient7a	ROI01	174	3082.52	1.37365e-11	8339	8304	8304.99723082994	8303.5139879516	24.9440639276692	Patient7a_ATCCAACGCAGTCATA-1	8304.997233667073	8303.513984337467	13.937457109749868	13.936455221284705	-2.8371323423925787e-06	3.6141318560112263e-06	34.006242352596935	True	Stroma
Patient7a	ROI01	175	509.181	3.03098e-11	8339	8304	8330.32708341292	8308.28016772331	7.09423653463742	Patient7a_ATCCAACGCAGTCATA-1	8330.32708625699	8308.28016410201	14.283900082169536	14.282783971615862	-2.844069967977702e-06	3.6212986742611966e-06	9.6715726676745	True	Stroma
Patient7a	ROI01	176	1669.88	1.31153e-11	8339	8304	8355.65693599591	8313.04634749503	13.9037221944372	Patient7a_ATCCAACGCAGTCATA-1	8355.656938846907	8313.046343866554	14.633571027166454	14.632306137071478	-2.850996679626405e-06	3.628476406447589e-06	18.95494446767629	True	Stroma
Patient7a	ROI01	177	469.455	7.54934e-12	8339	8304	8380.98678857889	8317.81252726674	32.4216320036448	Patient7a_ATCCAACGCAGTCATA-1	8380.986791436824	8317.812523631095	14.986243993585695	14.984798258977982	-2.857934305211529e-06	3.635645043686964e-06	44.200410910565566	True	Stroma
Patient7a	ROI01	182	91.6851	9.76551e-12	8339	8304	8375.12764160413	8342.39384438752	38.6701442951774	Patient7a_ATCCAACGCAGTCATA-1	8375.127644473754	8342.393840750126	15.281557091882702	15.280176350769516	-2.8696249501081184e-06	3.637393092503771e-06	52.71900771761042	True	Stroma
Patient7a	ROI01	183	41.528	9.1162e-12	8339	8304	8349.79778902115	8337.6276646158	25.906785970832	Patient7a_ATCCAACGCAGTCATA-1	8349.797791883837	8337.627660985583	14.923925413737852	14.9227207848771	-2.8626873245229945e-06	3.630217179306783e-06	35.31872131402844	True	Stroma
Patient7a	ROI01	185	44.7654	8.51057e-12	8339	8304	8299.13808385518	8328.09530507237	34.165989735447	Patient7a_ATCCAACGCAGTCATA-1	8299.138086704002	8328.095301456497	14.21696875901464	14.2160191840562	-2.848822987289168e-06	3.61587262887042e-06	46.578493806339885	True	Stroma
Patient7a	ROI01	215	939.873	3.08763e-11	8339	8304	8318.60878946341	8357.44280196486	41.9576222924719	Patient7a_ATCCAACGCAGTCATA-1	8318.60879233085	8357.44279834007	14.86923027730786	14.868179205997784	-2.86744034383446e-06	3.6247911339160055e-06	57.20082647132687	True	Stroma
Patient7a	ROI01	216	109.715	1.0113e-11	8339	8304	8343.9386420464	8362.20898173658	42.8505181577999	Patient7a_ATCCAACGCAGTCATA-1	8343.938644920767	8362.208978104612	15.228862965708707	15.227672613982786	-2.8743670554831624e-06	3.631967047112994e-06	58.41811140452861	True	Stroma
Patient7a	ROI01	152	168.401	8.69859e-12	8098	8302	8133.54740972382	8245.56941242882	48.9206701026368	Patient7a_CGCAAACACGAGTTAC-1	8133.547412500722	8245.569408866635	11.42001309486946	11.418480134773034	-2.7769019652623683e-06	3.562185156624764e-06	66.6935495509254	True	Stroma
Patient7a	ROI01	153	541.122	8.96482e-12	8098	8302	8108.21755714083	8240.8032326571	45.5100697421842	Patient7a_CGCAAACACGAGTTAC-1	8108.217559910805	8240.803229102094	11.120791618077067	11.118974816521035	-2.7699752536136657e-06	3.5550056054489687e-06	62.0438780795273	True	Stroma
Patient7a	ROI01	165	222.338	7.68479e-12	8098	8302	8077.0285575831	8260.61837000616	34.0293759651263	Patient7a_CGCAAACACGAGTTAC-1	8077.028560357818	8260.61836645658	11.014162649705227	11.01210594833143	-2.7747173589887097e-06	3.5495795600581914e-06	46.39224825326403	True	Stroma
Patient7a	ROI01	167	55.5694	8.11585e-12	8098	8302	8127.68826274906	8270.15072954959	31.9375259892688	Patient7a_CGCAAACACGAGTTAC-1	8127.688265537652	8270.150725985666	11.626663957615778	11.62523621336438	-2.788591700664256e-06	3.563924110494554e-06	43.54042918117123	True	Stroma
Patient7a	ROI01	168	1437.63	1.17791e-11	8098	8302	8153.01811533205	8274.91690932131	44.9811547571701	Patient7a_CGCAAACACGAGTTAC-1	8153.018118127569	8274.91690575021	11.94214577057054	11.940935198399549	-2.79551932180766e-06	3.5711000236915424e-06	61.322808280450815	True	Stroma
Patient7a	ROI01	191	1152.5	7.74781e-12	8098	8302	8147.15896835729	8299.49822644208	36.1054695917323	Patient7a_CGCAAACACGAGTTAC-1	8147.158971164499	8299.498222869239	12.179752025276532	12.178586306933388	-2.807209057209548e-06	3.572840796550736e-06	49.2225866944045	True	Stroma
Patient7a	ROI01	192	75.8121	6.92162e-12	8098	8302	8121.82911577431	8294.73204667037	18.2739280920818	Patient7a_CGCAAACACGAGTTAC-1	8121.829118574582	8294.732043104696	11.855568278471198	11.854187037736663	-2.800272341119125e-06	3.565673978300765e-06	24.91284616793395	True	Stroma
Patient7a	ROI01	193	208.076	1.09348e-11	8098	8302	8096.49926319132	8289.96586689865	8.89558280601658	Patient7a_CGCAAACACGAGTTAC-1	8096.499265984665	8289.965863340152	11.53677370811235	11.535114532592274	-2.793344719975721e-06	3.5584980651037768e-06	12.127348039448943	True	Stroma
Patient7a	ROI01	194	104.225	8.70639e-12	8098	8302	8071.16941060834	8285.19968712694	23.2204601821709	Patient7a_CGCAAACACGAGTTAC-1	8071.169413394748	8285.199683575609	11.223827535975824	11.221823171773766	-2.786408003885299e-06	3.551331246853806e-06	31.656453366360804	True	Stroma
Patient7a	ROI01	195	607.391	1.33398e-11	8098	8302	8045.83955802536	8280.43350735522	41.40183064496	Patient7a_CGCAAACACGAGTTAC-1	8045.83956080483	8280.433503811066	10.917232712592554	10.914810780826928	-2.779470378300175e-06	3.544153514667414e-06	56.44311571828017	True	Stroma
Patient7a	ROI01	207	226.447	1.15443e-11	8098	8302	8115.96996879955	8319.31336379114	18.3036774471423	Patient7a_CGCAAACACGAGTTAC-1	8115.969971611512	8319.313360223725	12.105463739712771	12.104073220019124	-2.811962076521013e-06	3.5674147511599585e-06	24.953403463678868	True	Stroma
Patient7a	ROI01	208	208.758	3.12563e-11	8098	8302	8141.29982138253	8324.07954356286	35.6519685875215	Patient7a_CGCAAACACGAGTTAC-1	8141.299824201429	8324.079539988266	12.437461232692836	12.43628563274773	-2.818898792611435e-06	3.574594302335754e-06	48.60432877536005	True	Stroma
Patient7a	ROI01	231	267.184	7.66822e-12	8098	8302	8135.44067440778	8348.66086068363	43.8825486095199	Patient7a_CGCAAACACGAGTTAC-1	8135.440677238359	8348.660857107297	12.71405101287895	12.712814052127229	-2.8305794330663048e-06	3.576333256205544e-06	59.82507851935141	True	Stroma
Patient7a	ROI01	233	81.0258	8.17866e-12	8098	8302	8084.78096924182	8339.1285011402	28.9089165013002	Patient7a_CGCAAACACGAGTTAC-1	8084.780972058525	8339.128497578211	12.04045530181669	12.038727221466283	-2.8167050913907588e-06	3.5619887057691813e-06	39.41152586621747	True	Stroma
Patient7a	ROI01	234	313.026	8.6975e-12	8098	8302	8059.45111665883	8334.36232136849	36.919429732715	Patient7a_CGCAAACACGAGTTAC-1	8059.451119468607	8334.362317813668	11.710553449823752	11.708484346983836	-2.8097774702473544e-06	3.5548218875192106e-06	50.3322585546142	True	Stroma
Patient7a	ROI01	246	520.024	7.64892e-12	8098	8302	8078.92182226706	8363.70981826098	47.3788813824479	Patient7a_CGCAAACACGAGTTAC-1	8078.921825095455	8363.70981469724	12.321896165169967	12.320056954029088	-2.828394826792646e-06	3.563740392564796e-06	64.59162898869266	True	Stroma
Patient7a	ROI01	179	515.243	8.06531e-12	8459	8374	8431.64649374485	8327.34488681017	39.6702655688504	Patient7a_TGTGTCGCGAGTTGCA-1	8431.646496616659	8327.344883160182	15.699785056710423	15.697890431562112	-2.8718077373923734e-06	3.6499877751339223e-06	54.08247305002215	True	Stroma
Patient7a	ROI01	180	327.487	8.6423e-12	8459	8374	8425.7873467701	8351.92620393094	29.2517985852679	Patient7a_TGTGTCGCGAGTTGCA-1	8425.787349653589	8351.926200279211	16.004199064092475	16.002380131640372	-2.883489287341945e-06	3.651728547993116e-06	39.878977011303846	True	Stroma
Patient7a	ROI01	218	183.041	9.99446e-12	8459	8374	8394.59834721236	8371.74134128	47.2685746519888	Patient7a_TGTGTCGCGAGTTGCA-1	8394.598350100601	8371.741337633697	15.955259613716548	15.953699480216825	-2.8882404876640067e-06	3.646302502602339e-06	64.44124782306031	True	Stroma
Patient7a	ROI01	219	168.478	7.67528e-12	8459	8374	8419.92819979534	8376.50752105172	28.7186829297253	Patient7a_TGTGTCGCGAGTTGCA-1	8419.928202690518	8376.50751739824	16.32170619957143	16.319919749634902	-2.8951781132491305e-06	3.6534802347887303e-06	39.1521804381016	True	Stroma
Patient7a	ROI01	187	145.833	8.37797e-12	8218	8372	8248.47837868922	8318.56294552894	45.12424740625	Patient7a_GTAAGTAGGGTATACC-1	8248.478381524168	8318.56294192741	13.522532527175944	13.521691148526548	-2.83494773611892e-06	3.601529897423461e-06	61.51788648894367	True	Stroma
Patient7a	ROI01	188	112.032	8.54552e-12	8218	8372	8223.14852610624	8313.79676575723	42.8596083014445	Patient7a_GTAAGTAGGGTATACC-1	8223.14852893425	8313.796762162867	13.180629402386282	13.179779707936069	-2.8280101105337963e-06	3.5943630791734904e-06	58.43050399735921	True	Stroma
Patient7a	ROI01	211	108.454	1.85479e-11	8218	8372	8217.28937913148	8338.378082878	24.6676637558338	Patient7a_GTAAGTAGGGTATACC-1	8217.28938197118	8338.378079281898	13.458902706724151	13.458046745176343	-2.839700755430385e-06	3.59610203304328e-06	33.629425998333865	True	Stroma
Patient7a	ROI01	226	71.1204	9.98542e-12	8218	8372	8262.08993732269	8372.49175954221	32.3426096024124	Patient7a_GTAAGTAGGGTATACC-1	8262.089940187945	8372.491755930012	14.463309320080365	14.462387589000556	-2.865255737560801e-06	3.6121982702752575e-06	44.092679670961616	True	Stroma
Patient7a	ROI01	228	126.807	1.25586e-11	8218	8372	8211.43023215673	8362.95939999878	8.19747065646831	Patient7a_GTAAGTAGGGTATACC-1	8211.43023500811	8362.959396400925	13.753824974199777	13.752914459189869	-2.851380486390553e-06	3.597853719838895e-06	11.175611745964318	True	Stroma
Patient7a	ROI01	249	101.143	8.49143e-12	8218	8372	8154.91138001601	8378.00835757612	46.4857936597156	Patient7a_GTAAGTAGGGTATACC-1	8154.911382865206	8378.00835399087	13.357083139890737	13.355898513584226	-2.849195880116895e-06	3.5852499422617257e-06	63.37408249629168	True	Stroma
Patient7a	ROI01	250	81.6723	1.41828e-11	8218	8372	8180.24123259899	8382.77453734784	28.8021377143795	Patient7a_GTAAGTAGGGTATACC-1	8180.241235455123	8382.774533755413	13.709177052728842	13.708103241697131	-2.8561335057020187e-06	3.592425855458714e-06	39.26595434601796	True	Stroma
Patient7a	ROI01	266	152.898	8.42773e-12	8218	8372	8250.37164337318	8421.65439378375	43.4787889644095	Patient7a_GTAAGTAGGGTATACC-1	8250.371646261805	8421.65439016807	15.116270004454025	15.115129113755334	-2.888624294428155e-06	3.615679815993644e-06	59.27463299517045	True	Stroma
Patient7a	ROI01	267	149.842	1.45472e-11	8218	8372	8225.0417907902	8416.88821401204	33.3288298520755	Patient7a_GTAAGTAGGGTATACC-1	8225.041793671888	8416.88821040353	14.751674423116643	14.750548052165028	-2.8816884878324345e-06	3.60851117875427e-06	45.43719373733016	True	Stroma
Patient7a	ROI01	268	127.141	6.58158e-12	8218	8372	8199.71193820722	8412.12203424032	32.3431621965823	Patient7a_GTAAGTAGGGTATACC-1	8199.71194108197	8412.122030638984	14.389464420267648	14.38831257017738	-2.8747508622473106e-06	3.6013352655572817e-06	44.09343302259324	True	Stroma
Patient7a	ROI01	269	134.969	9.1381e-12	8218	8372	8174.38208562423	8407.35585446861	41.1851042794521	Patient7a_GTAAGTAGGGTATACC-1	8174.382088492053	8407.355850874443	14.029824763591918	14.028604366050695	-2.867823241103906e-06	3.5941666283179075e-06	56.14765266418072	True	Stroma
Patient7a	ROI01	222	312.948	9.47773e-12	8338	8442	8363.40934765462	8391.55647862906	41.4301416077487	Patient7a_ATGAGGAGTGTTAATC-1	8363.409350547614	8391.556474988185	15.913536676815786	15.912153369351085	-2.892993506975472e-06	3.640874638222158e-06	56.48171205384868	True	Stroma
Patient7a	ROI01	223	216.533	9.885e-12	8338	8442	8338.07949507164	8386.79029885735	40.4971454368829	Patient7a_ATGAGGAGTGTTAATC-1	8338.079497957697	8386.790295223642	15.547525636823956	15.546306176538993	-2.886055881390348e-06	3.6337078199721873e-06	55.20975837410616	True	Stroma
Patient7a	ROI01	224	99.9195	8.00244e-12	8338	8442	8312.74964248866	8382.02411908564	47.73305328075	Patient7a_ATGAGGAGTGTTAATC-1	8312.74964536778	8382.024115459099	15.183707250519223	15.182620909572778	-2.879120074794628e-06	3.6265410017222166e-06	65.07447153764723	True	Stroma
Patient7a	ROI01	255	183.046	9.27995e-12	8338	8442	8306.8904955139	8406.60543620641	34.5653872438026	Patient7a_ATGAGGAGTGTTAATC-1	8306.89049840471	8406.605432578128	15.511559928813426	15.510396750139591	-2.8908089007018134e-06	3.62828177458141e-06	47.12299242948372	True	Stroma
Patient7a	ROI01	256	41.4457	8.02906e-12	8338	8442	8332.22034809689	8411.37161597812	22.8628558561444	Patient7a_ATGAGGAGTGTTAATC-1	8332.220350994627	8411.371612342671	15.879087138525923	15.877797804215836	-2.89773743133992e-06	3.6354485928313807e-06	31.16893138869061	True	Stroma
Patient7a	ROI01	257	351.573	9.56176e-12	8338	8442	8357.55020067987	8416.13779574984	23.7806180019081	Patient7a_ATGAGGAGTGTTAATC-1	8357.550203584544	8416.137792107214	16.248594827217058	16.247148978837515	-2.90467323793564e-06	3.6426263250177726e-06	32.42011652200173	True	Stroma
Patient7a	ROI01	258	1941.3	1.30638e-11	8338	8442	8382.88005326285	8420.90397552155	36.3756627331449	Patient7a_ATGAGGAGTGTTAATC-1	8382.880056174461	8420.903971871758	16.61995090075979	16.618320247055003	-2.911610863520764e-06	3.6497931432677433e-06	49.59094100409467	True	Stroma
Patient7a	ROI01	261	319.527	1.01848e-11	8338	8442	8377.0209062881	8445.48529264233	28.7363366892309	Patient7a_ATGAGGAGTGTTAATC-1	8377.020909211391	8445.485288990785	16.969615503414037	16.96789307837612	-2.923290594480932e-06	3.651544830063358e-06	39.1762478084284	True	Stroma
Patient7a	ROI01	262	2325.46	3.33453e-11	8338	8442	8351.69105370511	8440.71911287061	10.0864379263586	Patient7a_ATGAGGAGTGTTAATC-1	8351.691056621474	8440.719109226244	16.595348350655588	16.593802454896945	-2.916363882832229e-06	3.644367097876966e-06	13.75084082499822	True	Stroma
Patient7a	ROI01	263	1194.7	1.08221e-11	8338	8442	8326.36120112213	8435.9529330989	9.6207507938194	Patient7a_ATGAGGAGTGTTAATC-1	8326.361204031557	8435.9529294617	16.22275660928008	16.22135923309888	-2.909426257247105e-06	3.6372002796269953e-06	13.115969557218069	True	Stroma
Patient7a	ROI01	264	2280.57	1.83706e-11	8338	8442	8301.03134853915	8431.18675332718	28.2532280226565	Patient7a_ATGAGGAGTGTTAATC-1	8301.03135144164	8431.186749697157	15.85195841865322	15.850679540338342	-2.9024886316619813e-06	3.6300225474406034e-06	38.51762576329195	True	Stroma
Patient7a	ROI01	295	1050.15	1.60574e-11	8338	8442	8295.17220156439	8455.76807044796	32.9981979911256	Patient7a_ATGAGGAGTGTTAATC-1	8295.17220447857	8455.768066816187	16.204112092740147	16.202681300176064	-2.9141792765585706e-06	3.631774234236218e-06	44.98644332130793	True	Stroma
Patient7a	ROI01	298	456.406	1.39061e-11	8338	8442	8371.16175931334	8470.0666097631	31.8672642681054	Patient7a_ATGAGGAGTGTTAATC-1	8371.16176224832	8470.066606109816	17.3299019457582	17.328053211066294	-2.934981239377521e-06	3.653283783933148e-06	43.44464137669934	True	Stroma
Patient7a	ROI01	301	885.001	1.78938e-11	8338	8442	8365.30261233859	8494.64792688388	43.5020148513231	Patient7a_ATGAGGAGTGTTAATC-1	8365.30261528525	8494.647923228846	17.70016161766089	17.698154297346928	-2.946660970337689e-06	3.655033651739359e-06	59.30629684680727	True	Stroma
Patient7a	ROI01	302	562.577	1.13944e-11	8338	8442	8339.9727597556	8489.88174711216	35.1517416459958	Patient7a_ATGAGGAGTGTTAATC-1	8339.972762695334	8489.881743464302	17.321108483529844	17.319259640579197	-2.9397342586889863e-06	3.6478577385423705e-06	47.922369385978506	True	Stroma
Patient7a	ROI01	303	404.289	9.97281e-12	8338	8442	8314.64290717262	8485.11556734045	35.9684308448093	Patient7a_ATGAGGAGTGTTAATC-1	8314.642910105416	8485.11556369976	16.94344668252419	16.941728793929204	-2.9327966331038624e-06	3.6406909202924e-06	49.035761770729565	True	Stroma
Patient7a	ROI01	237	846.304	1.1188e-11	7978	8370	7983.46155890988	8320.06378205334	36.847353728363	Patient7a_GGTTAGGCTTGGAGAA-1	7983.461561698856	8320.06377852004	10.753492839547215	10.749955807378855	-2.788975507428404e-06	3.533299604896456e-06	50.23399733788354	True	Stroma
Patient7a	ROI01	240	209.962	8.70056e-12	7978	8370	7926.94270676916	8335.11273963069	45.3592324741278	Patient7a_GGTTAGGCTTGGAGAA-1	7926.942709555951	8335.112736109983	10.37765710175266	10.372622550422456	-2.7867909011547454e-06	3.520706741255708e-06	61.83824163198708	True	Stroma
Patient7a	ROI01	242	432.517	1.02311e-11	7978	8370	7977.60241193513	8344.64509917412	18.6004679137087	Patient7a_GGTTAGGCTTGGAGAA-1	7977.602414735786	8344.645095639069	11.003129191387838	10.999491317445456	-2.8006561478832737e-06	3.5350512916920707e-06	25.35801790675921	True	Stroma
Patient7a	ROI01	243	1403.75	1.27359e-11	7978	8370	8002.93226451811	8349.41127894583	23.7177417284164	Patient7a_GGTTAGGCTTGGAGAA-1	8002.932267325703	8349.411275403612	11.325067655887622	11.32199457574994	-2.807592863973696e-06	3.5422181099420413e-06	32.334397298348016	True	Stroma
Patient7a	ROI01	244	914.944	9.99311e-12	7978	8370	8028.2621171011	8354.17745871755	38.65163089511	Patient7a_GGTTAGGCTTGGAGAA-1	8028.26211991562	8354.177455168156	11.652466322497103	11.649877431467733	-2.8145204851171e-06	3.5493940231390297e-06	52.69376839930411	True	Stroma
Patient7a	ROI01	275	1577.64	1.08632e-11	7978	8370	8022.40297012634	8378.75877583832	33.1978209880726	Patient7a_GGTTAGGCTTGGAGAA-1	8022.40297295255	8378.758772287183	11.938862701863584	11.936117620853034	-2.826210220518988e-06	3.5511366149876267e-06	45.25858935303397	True	Stroma
Patient7a	ROI01	277	191.881	9.94942e-12	7978	8370	7971.74326496037	8369.22641629489	4.62435022568078	Patient7a_GGTTAGGCTTGGAGAA-1	7971.743267772716	8369.226412758098	11.274425239469574	11.270637670750174	-2.812345883285161e-06	3.536792064551264e-06	6.304376662680306	True	Stroma
Patient7a	ROI01	278	68.7292	7.61015e-12	7978	8370	7946.41341237739	8364.46023652318	23.5228487101389	Patient7a_GGTTAGGCTTGGAGAA-1	7946.413415182798	8364.460232993555	10.950001748002656	10.945567821032313	-2.805408257700037e-06	3.5296252463012934e-06	32.06869964653875	True	Stroma
Patient7a	ROI01	279	74.3187	1.01315e-11	7978	8370	7921.08355979441	8359.69405675146	42.4279110956384	Patient7a_GGTTAGGCTTGGAGAA-1	7921.083562592881	8359.694053229012	10.63141197868711	10.626239570443587	-2.798471541609615e-06	3.522447514114901e-06	57.8419711966897	True	Stroma
Patient7a	ROI01	280	105.108	7.55652e-12	7978	8370	7915.22441281965	8384.27537387224	47.2223738053471	Patient7a_GGTTAGGCTTGGAGAA-1	7915.224415629811	8384.275370348041	10.907366461498563	10.902010875256252	-2.8101612770115025e-06	3.524199200910516e-06	64.37826220883868	True	Stroma
Patient7a	ROI01	281	353.052	1.24966e-11	7978	8370	7940.55426540264	8389.04155364395	30.8142682675461	Patient7a_GGTTAGGCTTGGAGAA-1	7940.554268219728	8389.041550112584	11.233992616857847	11.2293689205798	-2.817087988660205e-06	3.5313660191604868e-06	42.00909192914483	True	Stroma
Patient7a	ROI01	282	183.009	9.74445e-12	7978	8370	7965.88411798562	8393.80773341567	19.5946192100199	Patient7a_GGTTAGGCTTGGAGAA-1	7965.884120809645	8393.807729877128	11.565856893643646	11.561874530063024	-2.824025614245329e-06	3.538541932357475e-06	26.71334436902223	True	Stroma
Patient7a	ROI01	283	1198.11	1.28952e-11	7978	8370	7991.2139705686	8398.57391318738	23.0920442398697	Patient7a_GGTTAGGCTTGGAGAA-1	7991.213973399563	8398.573909641671	11.902521154415536	11.899096184480372	-2.830962330335751e-06	3.545708750607446e-06	31.48138391220677	True	Stroma
Patient7a	ROI01	284	1525.55	2.02489e-11	7978	8370	8016.54382315158	8403.34009295909	37.3818049916728	Patient7a_GGTTAGGCTTGGAGAA-1	8016.54382598948	8403.340089406214	12.243589447413244	12.24064411827543	-2.837899955920875e-06	3.5528755688574165e-06	50.962614745134736	True	Stroma
Patient7a	ROI01	315	275.035	7.77155e-12	7978	8370	8010.68467617683	8427.92141007987	48.783815442111	Patient7a_GGTTAGGCTTGGAGAA-1	8010.68467902641	8427.921406525244	12.565313017410546	12.562127124118664	-2.849579686881043e-06	3.554627255653031e-06	66.506975592225	True	Stroma
Patient7a	ROI01	316	336.307	1.50726e-11	7978	8370	7985.35482359385	8423.15523030815	39.361580789887	Patient7a_GGTTAGGCTTGGAGAA-1	7985.354826436493	8423.1552267607	12.218645142997875	12.214981037473624	-2.842642970790621e-06	3.5474495234666392e-06	53.66164309084376	True	Stroma
Patient7a	ROI01	318	1927.2	1.06708e-11	7978	8370	7934.69511842788	8413.62287076473	45.0873721219545	Patient7a_GGTTAGGCTTGGAGAA-1	7934.695121256658	8413.622867231614	11.537556529690765	11.532701446970874	-2.8287786335567944e-06	3.533115886966698e-06	61.46761441386577	True	Stroma
Patient7a	ROI01	271	813.482	1.54803e-11	8097	8441	8123.72238045827	8397.82349492518	37.2455996032967	Patient7a_TTATGACAAACTGGAT-1	8123.722383312219	8397.823491345356	13.319087875012478	13.31758751935803	-2.85394889942836e-06	3.5798238968709484e-06	50.77692593917519	True	Stroma
Patient7a	ROI01	272	1122.92	1.73103e-11	8097	8441	8098.39252787529	8393.05731515347	35.1814743947521	Patient7a_TTATGACAAACTGGAT-1	8098.392530722302	8393.057311580815	12.968458819480476	12.966739465659536	-2.8470112738432363e-06	3.572655259631574e-06	47.96290404236549	True	Stroma
Patient7a	ROI01	273	91.2109	6.89906e-12	8097	8441	8073.0626752923	8388.29113538175	42.4629370561812	Patient7a_TTATGACAAACTGGAT-1	8073.062678132384	8388.29113181627	12.621341254448923	12.619344613290409	-2.8400845621945336e-06	3.5654811654239893e-06	57.889722088698896	True	Stroma
Patient7a	ROI01	287	158.736	1.18605e-11	8097	8441	8092.53338090053	8417.63863227424	17.4462970332962	Patient7a_TTATGACAAACTGGAT-1	8092.533383759232	8417.638628699842	13.289806326802733	13.287888849756762	-2.858701918739825e-06	3.574397851480171e-06	23.784536745497704	True	Stroma
Patient7a	ROI01	288	335.767	2.75378e-11	8097	8441	8117.86323348352	8422.40481204596	20.4997950952238	Patient7a_TTATGACAAACTGGAT-1	8117.863236349149	8422.404808464385	13.645235770889771	13.64354033097281	-2.865628630388528e-06	3.5815737646771595e-06	27.94737065331869	True	Stroma
Patient7a	ROI01	310	291.309	1.36927e-11	8097	8441	8137.33393909174	8451.75230893844	30.618741108204	Patient7a_TTATGACAAACTGGAT-1	8137.333941975996	8451.752305347958	14.347952131822066	14.346197563406426	-2.8842559913755395e-06	3.5904813557863235e-06	41.74252975280524	True	Stroma
Patient7a	ROI01	312	142.293	8.93836e-12	8097	8441	8086.67423392578	8442.21994939502	7.62677509399952	Patient7a_TTATGACAAACTGGAT-1	8086.6742367961615	8442.219945818873	13.62606138915896	13.62390739389778	-2.870381649699993e-06	3.5761459002969787e-06	10.397582485651355	True	Stroma
Patient7a	ROI01	313	105.27	6.63453e-12	8097	8441	8061.34438134279	8437.4537696233	26.2829420362252	Patient7a_TTATGACAAACTGGAT-1	8061.344384206244	8437.453766054328	13.269296181441543	13.266860342535782	-2.863454028556589e-06	3.568971806089394e-06	35.83153487799528	True	Stroma
Patient7a	ROI01	314	175.725	7.50828e-12	8097	8441	8036.01452875981	8432.68758985158	45.147334560234	Patient7a_TTATGACAAACTGGAT-1	8036.014531616327	8432.687586289787	12.915626268166204	12.91284806242814	-2.856517312466167e-06	3.5617922549135983e-06	61.54936120597549	True	Stroma
Patient7a	ROI01	326	607.175	1.29885e-11	8097	8441	8055.48523436804	8462.03508674408	34.137588802717	Patient7a_TTATGACAAACTGGAT-1	8055.485237243174	8462.03508317336	13.615471247237808	13.612760671856874	-2.875133759516757e-06	3.5707198549062014e-06	46.53977481474821	True	Stroma
Patient7a	ROI01	327	85.2961	9.28159e-12	8097	8441	8080.81508695102	8466.80126651579	22.3409801725433	Patient7a_TTATGACAAACTGGAT-1	8080.815089833091	8466.8012629379	13.9761480560336	13.973722487309171	-2.882071385101881e-06	3.577888492145576e-06	30.45745826922919	True	Stroma
Patient7a	ROI01	329	511.998	8.03574e-12	8097	8441	8131.47479211699	8476.33362605922	36.2104755960228	Patient7a_TTATGACAAACTGGAT-1	8131.474795012926	8476.333622466987	14.70508601195866	14.703069320075976	-2.8959357223357074e-06	3.592233042581938e-06	49.36574138005533	True	Stroma
Patient7a	ROI01	350	402.949	9.04083e-12	8097	8441	8125.61564514223	8500.91494317999	48.7036657481165	Patient7a_TTATGACAAACTGGAT-1	8125.615648049856	8500.914939586017	15.074081981566469	15.071772132514656	-2.907625457737595e-06	3.593973815441132e-06	66.39770751439802	True	Stroma
Patient7a	ROI01	351	172.352	9.64895e-12	8097	8441	8100.28579255925	8496.14876340828	40.5241409262171	Patient7a_TTATGACAAACTGGAT-1	8100.285795459938	8496.148759821474	14.705473262047777	14.702978893038283	-2.9006887416471727e-06	3.586806997191161e-06	55.24656132470979	True	Stroma
Patient7a	ROI01	352	200.214	1.19587e-11	8097	8441	8074.95593997627	8491.38258363656	40.3389188053008	Patient7a_TTATGACAAACTGGAT-1	8074.955942870021	8491.382580056932	14.339053271156097	14.336324232800076	-2.893751116062049e-06	3.579627446015365e-06	54.994048007259074	True	Stroma
Patient7a	ROI01	305	909.463	1.50722e-11	8217	8511	8263.98320200665	8475.58320779702	43.1576409833602	Patient7a_TCAGTACTGACCCGCG-1	8263.983204925582	8475.583204170673	16.192686126443228	16.19113979243081	-2.918932295870036e-06	3.6263481888454407e-06	58.83681195260886	True	Stroma
Patient7a	ROI01	307	127.911	7.19952e-12	8217	8511	8213.32349684069	8466.05084825359	33.0809479155165	Patient7a_TCAGTACTGACCCGCG-1	8213.323499745748	8466.050844641588	15.448748066080302	15.447238111897548	-2.905057044699788e-06	3.6120018194196746e-06	45.09925629322762	True	Stroma
Patient7a	ROI01	308	241.695	7.70078e-12	8217	8511	8187.99364425771	8461.28466848187	42.219993284733	Patient7a_TCAGTACTGACCCGCG-1	8187.99364715583	8461.284664877045	15.079653380854904	15.078104676507277	-2.898120328609366e-06	3.604825906222686e-06	57.55851684508381	True	Stroma
Patient7a	ROI01	331	208.179	7.48288e-12	8217	8511	8182.13449728295	8485.86598560265	31.5267978225137	Patient7a_TCAGTACTGACCCGCG-1	8182.13450019276	8485.865981996074	15.442941075707664	15.44114305892623	-2.909810064011253e-06	3.606575774028897e-06	42.98048347144106	True	Stroma
Patient7a	ROI01	334	630.804	1.41353e-11	8217	8511	8258.1240550319	8500.16452491779	31.1945897854525	Patient7a_TCAGTACTGACCCGCG-1	8258.124057962512	8500.164521289702	16.563832741218505	16.56206083947038	-2.930612026830204e-06	3.628087142715231e-06	42.52758425450404	True	Stroma
Patient7a	ROI01	345	636.968	1.18899e-11	8217	8511	8252.26490805715	8524.74584203857	27.7629279272141	Patient7a_TCAGTACTGACCCGCG-1	8252.264910999442	8524.745838408733	16.944928294166807	16.942901628806517	-2.942291757790372e-06	3.6298370105214417e-06	37.84919964317034	True	Stroma
Patient7a	ROI01	346	32.3174	7.00284e-12	8217	8511	8226.93505547416	8519.97966226685	9.82305867965576	Patient7a_TCAGTACTGACCCGCG-1	8226.935058409525	8519.97965864419	16.567469579754462	16.56546206410498	-2.935365046141669e-06	3.6226592783350497e-06	13.391775897964427	True	Stroma
Patient7a	ROI01	347	188.374	8.68908e-12	8217	8511	8201.60520289118	8515.21348249514	11.707614130354	Patient7a_TCAGTACTGACCCGCG-1	8201.605205819607	8515.213478879647	16.19154131749538	16.189517665926587	-2.9284274205565453e-06	3.615494279074482e-06	15.960990343916407	True	Stroma
Patient7a	ROI01	348	388.396	8.07101e-12	8217	8511	8176.2753503082	8510.44730272342	29.8748624682287	Patient7a_TCAGTACTGACCCGCG-1	8176.27535322969	8510.447299115103	15.817252630424363	15.815175059971835	-2.9214897949714214e-06	3.6083165468880902e-06	40.728400002938194	True	Stroma
Patient7a	ROI01	371	150.498	7.89322e-12	8217	8511	8170.41620333344	8535.0286198442	38.4477972402133	Patient7a_TCAGTACTGACCCGCG-1	8170.41620626662	8535.028616234133	16.20182400865387	16.19943919614809	-2.9331804398680106e-06	3.610068233683705e-06	52.41588197758925	True	Stroma
Patient7a	ROI01	372	216.601	8.88889e-12	8217	8511	8195.74605591643	8539.79479961591	26.2519276112432	Patient7a_TCAGTACTGACCCGCG-1	8195.746058856537	8539.794795998676	16.578177223035944	16.575854368973435	-2.940107151516713e-06	3.617233232944273e-06	35.78925291240201	True	Stroma
Patient7a	ROI01	373	799.756	1.09522e-11	8217	8511	8221.07590849941	8544.56097938763	24.7983411956607	Patient7a_TCAGTACTGACCCGCG-1	8221.075911446454	8544.56097576322	16.956041031084457	16.953742858651893	-2.947044777101837e-06	3.624410965130664e-06	33.80757855204208	True	Stroma
Patient7a	ROI01	374	126.403	9.04372e-12	8217	8511	8246.40576108239	8549.32715915934	35.4346607275387	Patient7a_TCAGTACTGACCCGCG-1	8246.405764036372	8549.32715552776	17.33531665230511	17.33300830315739	-2.953982402686961e-06	3.631579602370039e-06	48.30807296984592	True	Stroma
Patient7a	ROI01	385	420.207	1.20496e-11	8217	8511	8240.54661410764	8573.90847628012	49.2707567755462	Patient7a_TCAGTACTGACCCGCG-1	8240.546617073302	8573.908472646792	17.734384136551146	17.731769312509343	-2.965662133647129e-06	3.633327651186846e-06	67.17082271210049	True	Stroma
Patient7a	ROI01	387	53.8143	8.80373e-12	8217	8511	8189.88690894167	8564.37611673669	43.9137388132881	Patient7a_TCAGTACTGACCCGCG-1	8189.886911893467	8564.376113117705	16.9740530977859	16.971405915489	-2.9517968869186006e-06	3.618984919739887e-06	59.86760012415776	True	Stroma
Patient7a	ROI01	319	337.315	9.67683e-12	7857	8439	7909.3652658449	8408.85669099301	44.3199259445716	Patient7a_GAAGCTTGCTGACCGC-1	7909.365268666741	8408.85668746707	11.20388032407149	11.198299858494805	-2.8218410079716705e-06	3.525939973769709e-06	60.421355040233145	True	Stroma
Patient7a	ROI01	320	1510.27	1.48296e-11	7857	8439	7903.50611887014	8433.43800811379	34.3560014092038	Patient7a_GAAGCTTGCTGACCGC-1	7903.506121703671	8433.4380045861	11.519366051682107	11.51352262333894	-2.833530743373558e-06	3.527689841575921e-06	46.83753672115859	True	Stroma
Patient7a	ROI01	359	331.702	1.27459e-11	7857	8439	7897.64697189539	8458.01932523456	32.9176412961374	Patient7a_GAAGCTTGCTGACCGC-1	7897.646974740601	8458.019321705131	11.852308757158468	11.84616780044608	-2.845210474333726e-06	3.5294287954457104e-06	44.87662037901939	True	Stroma
Patient7a	ROI01	360	2163.05	2.6961e-11	7857	8439	7891.78782492064	8482.60064235533	40.9141132465106	Patient7a_GAAGCTTGCTGACCGC-1	7891.787827777531	8482.600638824159	12.20127945107494	12.194809748221877	-2.856891114788596e-06	3.5311713872943078e-06	55.77821058896086	True	Stroma
Patient7a	ROI01	324	1024.42	9.53146e-12	7976	8509	8004.82552920207	8452.50272720064	46.5238498194975	Patient7a_CTAATTCGCACGCGCT-1	8004.82553206334	8452.502723644273	12.902762053918718	12.899298904032674	-2.8612694222829305e-06	3.556366209522821e-06	63.425964458924966	True	Stroma
Patient7a	ROI01	354	124.909	9.29277e-12	7976	8509	8024.2962348103	8481.85022409313	40.6398456213428	Patient7a_CTAATTCGCACGCGCT-1	8024.296237690187	8481.850220527846	13.613485378581846	13.610121015558024	-2.8798867788282223e-06	3.5652847145684063e-06	55.40430153557475	True	Stroma
Patient7a	ROI01	355	587.19	9.15369e-12	7976	8509	7998.96638222732	8477.08404432142	28.8419725539945	Patient7a_CTAATTCGCACGCGCT-1	7998.96638510027	8477.084040763302	13.254735559052827	13.250961905818553	-2.8729500627378e-06	3.558117896318436e-06	39.32026118286114	True	Stroma
Patient7a	ROI01	357	54.6125	1.02711e-11	7976	8509	7948.30667706135	8467.55168477799	36.5646596370061	Patient7a_CTAATTCGCACGCGCT-1	7948.306679920435	8467.551681234216	12.5464577331949	12.54165775982474	-2.8590857255039737e-06	3.5437751648714766e-06	49.8486004831371	True	Stroma
Patient7a	ROI01	364	409.451	7.74769e-12	7976	8509	7993.10723525257	8501.66536144219	13.6531109333648	Patient7a_CTAATTCGCACGCGCT-1	7993.1072381372	8501.665357882332	13.620107546808743	13.615993372653524	-2.884629793697968e-06	3.559858669177629e-06	18.61328613545917	True	Stroma
Patient7a	ROI01	365	44.866	9.68826e-12	7976	8509	8018.43708783555	8506.43154121391	31.185170819344	Patient7a_CTAATTCGCACGCGCT-1	8018.437090727117	8506.431537646875	13.98222544406213	13.978521948573324	-2.8915665097883902e-06	3.567034582374617e-06	42.51474337801015	True	Stroma
Patient7a	ROI01	366	922.138	1.11529e-11	7976	8509	8043.76694041853	8511.19772098562	49.7341507615598	Patient7a_CTAATTCGCACGCGCT-1	8043.766943317034	8511.197717411418	14.34686152888352	14.343507495501507	-2.898504135373514e-06	3.574201400624588e-06	67.80256773322978	True	Stroma
Patient7a	ROI01	394	211.325	1.08174e-11	7976	8509	8012.57794086079	8531.01285833468	31.3143734491336	Patient7a_CTAATTCGCACGCGCT-1	8012.577943764047	8531.012854765904	14.362828457867682	14.358759088311638	-2.9032571546849795e-06	3.568775355233811e-06	42.69088532319388	True	Stroma
Patient7a	ROI01	395	219.469	1.15092e-11	7976	8509	7987.24808827781	8526.24667856297	15.1034027320737	Patient7a_CTAATTCGCACGCGCT-1	7987.2480911741295	8526.246675001361	13.997828873032043	13.993347151401956	-2.896319529099856e-06	3.56160853698384e-06	20.59046894463059	True	Stroma
Patient7a	ROI01	396	55.3139	7.78485e-12	7976	8509	7961.91823569483	8521.48049879125	13.8021373609884	Patient7a_CTAATTCGCACGCGCT-1	7961.918238584212	8521.480495236818	13.635325210118031	13.630366741481458	-2.889381903514732e-06	3.554432623786852e-06	18.81645386423139	True	Stroma
Patient7a	ROI01	397	56.3493	7.63233e-12	7976	8509	7936.58838311184	8516.71431901954	29.4575737195884	Patient7a_CTAATTCGCACGCGCT-1	7936.588385994296	8516.714315472276	13.275521932907523	13.27001739181523	-2.882456101360731e-06	3.547263986547477e-06	40.15951025192346	True	Stroma
Patient7a	ROI01	398	291.488	8.37158e-12	7976	8509	7911.25853052886	8511.94813924782	47.5380030631008	Patient7a_CTAATTCGCACGCGCT-1	7911.258533404378	8511.948135707731	12.918644672525472	12.912519379076675	-2.875517566280905e-06	3.540088073350489e-06	64.80855957593135	True	Stroma
Patient7a	ROI01	340	295.705	9.7312e-12	8337	8581	8378.91417097206	8548.57674089714	38.8697886329082	Patient7a_AGTATAATACTAGGCA-1	8378.914173949028	8548.576737231448	18.851948351903125	18.84937114591252	-2.9769671527901664e-06	3.6656929296441376e-06	52.991182843245646	True	Stroma
Patient7a	ROI01	341	1450.45	7.15596e-11	8337	8581	8353.58431838908	8543.81056112543	29.868481001348	Patient7a_AGTATAATACTAGGCA-1	8353.58432135911	8543.810557466904	18.4681852696002	18.465772528368596	-2.970031346194446e-06	3.658526111394167e-06	40.71970014913784	True	Stroma
Patient7a	ROI01	342	674.462	9.17519e-12	8337	8581	8328.25446580609	8539.04438135371	31.4365277719689	Patient7a_AGTATAATACTAGGCA-1	8328.254468769193	8539.044377702361	18.08552698209721	18.083253263909764	-2.96310281555634e-06	3.651348379207775e-06	42.85741831153389	True	Stroma
Patient7a	ROI01	343	172.463	1.30886e-11	8337	8581	8302.92461322311	8534.278201582	42.4175415536632	Patient7a_AGTATAATACTAGGCA-1	8302.924616179276	8534.278197937818	17.70404512721581	17.701883323762885	-2.95616700896062e-06	3.644181560957804e-06	57.82783440011384	True	Stroma
Patient7a	ROI01	377	371.514	9.07359e-12	8337	8581	8322.39531883134	8563.62569847449	16.6487228889631	Patient7a_AGTATAATACTAGGCA-1	8322.395321806123	8563.62569482139	18.48074356918313	18.478216986018413	-2.974782546516508e-06	3.6531000660033897e-06	22.69720391452461	True	Stroma
Patient7a	ROI01	378	67.7473	1.16802e-11	8337	8581	8347.72517141432	8568.3918782462	12.1416894357943	Patient7a_AGTATAATACTAGGCA-1	8347.72517439604	8568.391874585934	18.864829529352114	18.862173977541683	-2.981720172101632e-06	3.66026688425336e-06	16.552765207819046	True	Stroma
Patient7a	ROI01	379	754.779	1.3432e-11	8337	8581	8373.0550239973	8573.15805801792	27.0651935693442	Patient7a_AGTATAATACTAGGCA-1	8373.055026985958	8573.158054350477	19.24994057267615	19.24713075759294	-2.988657797686756e-06	3.6674427974503487e-06	36.897978393079846	True	Stroma
Patient7a	ROI01	380	474.702	8.93973e-12	8337	8581	8367.19587702255	8597.73937513869	25.3248142362438	Patient7a_AGTATAATACTAGGCA-1	8367.195880022888	8597.739371469506	19.655458177466688	19.65239163776801	-3.000337528646924e-06	3.669183570309542e-06	34.525319248267046	True	Stroma
Patient7a	ROI01	381	630.139	1.10354e-11	8337	8581	8341.86602443957	8592.97319536698	9.48010368918789	Patient7a_AGTATAATACTAGGCA-1	8341.86602743297	8592.973191704963	19.269205689820037	19.266283090660288	-2.9933999030618e-06	3.662016752059571e-06	12.92422535946986	True	Stroma
Patient7a	ROI01	382	390.899	1.0986e-11	8337	8581	8316.53617185658	8588.20701559526	15.9142058515101	Patient7a_AGTATAATACTAGGCA-1	8316.536174843053	8588.20701194042	18.88390977116445	18.88110595910289	-2.986473191413097e-06	3.654840838862583e-06	21.695836837369427	True	Stroma
Patient7a	ROI01	383	216.172	2.25542e-11	8337	8581	8291.2063192736	8583.44083582355	33.6379987793534	Patient7a_AGTATAATACTAGGCA-1	8291.206322253136	8583.440832175878	18.4996301896228	18.49691843017204	-2.979535565827973e-06	3.647672201623209e-06	45.858683735896136	True	Stroma
Patient7a	ROI01	368	699.403	1.16788e-11	8096	8579	8094.4266455845	8520.73008052905	42.7573951327138	Patient7a_TTGATTATGCAGATGA-1	8094.426648496868	8520.730076940505	15.08295648024695	15.08013472351979	-2.9123684726073407e-06	3.5885459510609508e-06	58.29115678443601	True	Stroma
Patient7a	ROI01	369	1321.68	1.94232e-11	8096	8579	8119.75649816748	8525.49626030077	42.9404875742039	Patient7a_TTGATTATGCAGATGA-1	8119.756501086786	8525.496256705046	15.45409037377192	15.451459085754518	-2.919306098192465e-06	3.5957236832473427e-06	58.54076670991286	True	Stroma
Patient7a	ROI01	389	189.727	8.38151e-12	8096	8579	8139.2272037757	8554.84375719326	36.3227733802054	Patient7a_TTGATTATGCAGATGA-1	8139.227206713633	8554.843753588619	16.21932830742069	16.216501435302856	-2.937932549684774e-06	3.604642188292928e-06	49.51883694922616	True	Stroma
Patient7a	ROI01	390	124.966	2.2701e-11	8096	8579	8113.89735119272	8550.07757742154	24.9483472365153	Patient7a_TTGATTATGCAGATGA-1	8113.897354123716	8550.077573824075	15.844318846207091	15.841340392272974	-2.930995833594352e-06	3.597464456106536e-06	34.01208178754374	True	Stroma
Patient7a	ROI01	392	1586.41	1.52274e-11	8096	8579	8063.23764602676	8540.54521787811	37.0562093804646	Patient7a_TTGATTATGCAGATGA-1	8063.237648943881	8540.54521429499	15.099590171535498	15.096170105748635	-2.917121491918806e-06	3.583119905670173e-06	50.51873024839282	True	Stroma
Patient7a	ROI02	0	634.111	1.15563e-11	9067	7480	9014.05972522613	7477.19055303341	38.8870890920875	Patient7a_ATTAGATTGATAGCGG-1	9014.059727926822	7477.190549112012	17.639632744100467	17.637080408188424	-2.700691766222008e-06	3.921397365047596e-06	53.01476855925045	True	Stroma
Patient7a	ROI02	2	1545.93	1.07588e-11	9067	7480	9065.14107649434	7486.81455893087	5.18121840791635	Patient7a_ATTAGATTGATAGCGG-1	9065.141079168894	7486.814554984714	17.788077385641394	17.78574287100462	-2.674554707482457e-06	3.946155629819259e-06	7.063555055508052	True	Stroma
Patient7a	ROI02	3	151.958	9.85839e-12	9067	7480	9090.68175212844	7491.6265618796	19.3514677482675	Patient7a_ATTAGATTGATAGCGG-1	9090.68175478993	7491.626557921065	17.879183330221373	17.876701905298443	-2.661490725586191e-06	3.95853476220509e-06	26.381855981204147	True	Stroma
Patient7a	ROI02	4	550.205	9.39668e-12	9067	7480	9116.22242776255	7496.43856482833	38.0656012037586	Patient7a_ATTAGATTGATAGCGG-1	9116.222430410964	7496.438560857416	17.981323953171188	17.978528643645703	-2.6484140107641e-06	3.970913894590922e-06	51.894834121082376	True	Stroma
Patient7a	ROI02	16	1132.38	8.94511e-12	9067	7480	9084.70270320692	7516.28973895871	29.6173664746298	Patient7a_ATTAGATTGATAGCGG-1	9084.702705881187	7516.28973499706	17.691371498826438	17.689602232052646	-2.674267307156697e-06	3.961649781558663e-06	40.37735571485069	True	Stroma
Patient7a	ROI02	17	471.342	1.39774e-11	9067	7480	9059.16202757282	7511.47773600998	23.79438965208	Patient7a_ATTAGATTGATAGCGG-1	9059.162030260151	7511.477732060709	17.589922419855164	17.588245036555385	-2.6873312890529637e-06	3.949270649172831e-06	32.43889141267324	True	Stroma
Patient7a	ROI02	18	1386.65	1.68025e-11	9067	7480	9033.62135193872	7506.66573306126	31.3374212740482	Patient7a_ATTAGATTGATAGCGG-1	9033.621354639115	7506.665729124358	17.49969802707124	17.49793986290003	-2.7003952709492296e-06	3.93690152122872e-06	42.72230642291144	True	Stroma
Patient7a	ROI02	22	466.952	1.7524e-11	9067	7480	9053.1829786513	7536.1409130891	42.409002600849	Patient7a_ATTAGATTGATAGCGG-1	9053.182981351409	7536.140909136704	17.410052760740406	17.408815444297502	-2.7001078706234694e-06	3.952395672968123e-06	57.81619324573575	True	Stroma
Patient7a	ROI02	6	72.477	9.97151e-12	9187	7550	9167.30377903075	7506.06257072579	35.3188361944304	Patient7a_GCGGGAACCAGGCCCT-1	9167.303781653036	7506.062566730117	18.21794679541871	18.214036715555267	-2.622286046971567e-06	3.995672159362584e-06	48.15016938387417	True	Stroma
Patient7a	ROI02	7	327.185	1.0003e-11	9187	7550	9192.84445466485	7510.87457367452	29.0174816999822	Patient7a_GCGGGAACCAGGCCCT-1	9192.844457274072	7510.874569666468	18.352012021010207	18.347309164597284	-2.6092220650753006e-06	4.0080522012431175e-06	39.55953280158922	True	Stroma
Patient7a	ROI02	8	483.691	1.88558e-11	9187	7550	9218.38513029896	7515.68657662325	34.109891665882	Patient7a_GCGGGAACCAGGCCCT-1	9218.385132895106	7515.686572602819	18.49628124983569	18.490634746517287	-2.596145350253209e-06	4.020431333628949e-06	46.50201530810035	True	Stroma
Patient7a	ROI02	9	350.24	1.25419e-11	9187	7550	9243.92580593306	7520.49857957198	47.0301136068929	Patient7a_GCGGGAACCAGGCCCT-1	9243.925808516142	7520.49857553917	18.650517687235045	18.643781609936	-2.583081368356943e-06	4.03281046601478e-06	64.11615388027604	True	Stroma
Patient7a	ROI02	10	291.362	1.02661e-11	9187	7550	9237.94675701154	7545.16175665109	37.5383094416238	Patient7a_GCGGGAACCAGGCCCT-1	9237.9467596074	7545.161752615165	18.52403224799859	18.51829370071208	-2.5958597689168528e-06	4.035925485368352e-06	51.1759772617593	True	Stroma
Patient7a	ROI02	11	255.71	1.06351e-11	9187	7550	9212.40608137744	7540.34975370236	19.9348102865376	Patient7a_GCGGGAACCAGGCCCT-1	9212.406083986363	7540.349749678814	18.359755594810647	18.355063063662847	-2.6089255698025227e-06	4.023546352982521e-06	27.177126863636325	True	Stroma
Patient7a	ROI02	12	636.325	8.73994e-12	9187	7550	9186.86540574334	7535.53775075363	10.608725548106	Patient7a_GCGGGAACCAGGCCCT-1	9186.86540836533	7535.537746742463	18.20535073412741	18.20155702675804	-2.621989551698789e-06	4.011166311101988e-06	14.462875539742038	True	Stroma
Patient7a	ROI02	13	368.884	1.22705e-11	9187	7550	9161.32473010923	7530.7257478049	23.5493071133615	Patient7a_GCGGGAACCAGGCCCT-1	9161.324732744291	7530.725743806112	18.0610708508419	18.05802358974227	-2.635062628542073e-06	3.998787178716157e-06	32.10477038765709	True	Stroma
Patient7a	ROI02	14	381.902	1.48755e-11	9187	7550	9135.78405447513	7525.91374485617	41.5147092541119	Patient7a_GCGGGAACCAGGCCCT-1	9135.78405712326	7525.913740869762	17.927160407627103	17.924702323305926	-2.648128429427743e-06	3.986408046330325e-06	56.59700312613801	True	Stroma
Patient7a	ROI02	25	108.028	8.4197e-12	9187	7550	9129.80500555361	7550.57692193529	41.9554786606866	Patient7a_GCGGGAACCAGGCCCT-1	9129.805008214516	7550.576917945757	17.778552037796437	17.77669742841955	-2.6609068299876526e-06	3.989532160630915e-06	57.197904058121296	True	Stroma
Patient7a	ROI02	28	287.148	1.36477e-11	9187	7550	9206.42703245592	7565.01293078148	18.0091971176273	Patient7a_GCGGGAACCAGGCCCT-1	9206.427035077622	7565.012926754809	18.24181251042845	18.2378695172501	-2.6217021513730288e-06	4.026670467283111e-06	24.551938430455404	True	Stroma
Patient7a	ROI02	29	569.014	7.83954e-12	9187	7550	9231.96770809003	7569.82493373021	36.0477507419289	Patient7a_GCGGGAACCAGGCCCT-1	9231.967710698658	7569.82492969116	18.416096877031304	18.41115390647612	-2.6086290745297447e-06	4.039050509163644e-06	49.14389858647065	True	Stroma
Patient7a	ROI02	30	41.5499	9.63335e-12	9187	7550	9225.98865916851	7594.48811080932	43.39099629334	Patient7a_GCGGGAACCAGGCCCT-1	9225.988661789916	7594.488106767156	18.32703932390058	18.32268409555056	-2.6214056561002508e-06	4.042163709527813e-06	59.15494524670383	True	Stroma
Patient7a	ROI02	31	271.479	7.28063e-12	9187	7550	9200.4479835344	7589.67610786059	30.7292738027141	Patient7a_GCGGGAACCAGGCCCT-1	9200.44798616888	7589.676103830805	18.142814405884025	18.139410318439623	-2.6344805519329384e-06	4.0297845771419816e-06	41.89321897523044	True	Stroma
Patient7a	ROI02	47	204.9	7.82479e-12	9187	7550	9168.92825897878	7609.52728199098	45.6319285824013	Patient7a_GCGGGAACCAGGCCCT-1	9168.928261639105	7609.52727797045	17.878464759877467	17.876132644982047	-2.6603229343891144e-06	4.02052955905674e-06	62.21000823638957	True	Stroma
Patient7a	ROI02	35	1076.51	1.10811e-11	9066	7618	9098.28528099799	7570.42809606567	42.1718104831058	Patient7a_AAGTAGAAGACCGGGT-1	9098.285283684738	7570.428092085402	17.50486338318054	17.503714464735236	-2.686747393454425e-06	3.980268047598656e-06	57.49282923162114	True	Stroma
Patient7a	ROI02	36	48.6284	6.74356e-12	9066	7618	9072.74460536389	7565.61609311694	38.7415224615397	Patient7a_AAGTAGAAGACCGGGT-1	9072.744608063702	7565.616089149051	17.371475516662116	17.370477037454723	-2.699811375350692e-06	3.967888915212825e-06	52.81631757182385	True	Stroma
Patient7a	ROI02	37	984.102	9.66604e-12	9066	7618	9047.20392972979	7560.80409016821	44.1613624905591	Patient7a_AAGTAGAAGACCGGGT-1	9047.203932442668	7560.8040862127	17.249040444711497	17.24801799038311	-2.7128771762363613e-06	3.955509782826994e-06	60.20518548338613	True	Stroma
Patient7a	ROI02	42	419.072	1.04565e-11	9066	7618	9041.22488080827	7585.46726724733	29.9951305859363	Patient7a_AAGTAGAAGACCGGGT-1	9041.224883533923	7585.467263288696	17.10741792706032	17.106378101013107	-2.725655576796271e-06	3.958633897127584e-06	40.89236152780997	True	Stroma
Patient7a	ROI02	43	1114.74	1.37904e-11	9066	7618	9066.76555644237	7590.27927019606	20.3413033662695	Patient7a_AAGTAGAAGACCGGGT-1	9066.76555915496	7590.279266225047	17.240425423656827	17.239471040954253	-2.712589775910601e-06	3.971013029513415e-06	27.73129887923596	True	Stroma
Patient7a	ROI02	44	277.488	8.2629e-12	9066	7618	9092.30623207648	7595.09127314479	25.5872194186763	Patient7a_AAGTAGAAGACCGGGT-1	9092.306234775995	7595.091269161398	17.384306270926146	17.383260667983368	-2.6995148800779134e-06	3.983392161899246e-06	34.88305623348202	True	Stroma
Patient7a	ROI02	45	201.911	8.61069e-12	9066	7618	9117.84690771058	7599.90327609352	40.2805087317663	Patient7a_AAGTAGAAGACCGGGT-1	9117.846910397033	7599.903272097748	17.538792869783734	17.53748387803368	-2.686450898181647e-06	3.995771294285078e-06	54.91441755401571	True	Stroma
Patient7a	ROI02	54	93.4124	8.49636e-12	9066	7618	9111.86785878906	7624.56645317263	33.9877520286562	Patient7a_AAGTAGAAGACCGGGT-1	9111.867861488288	7624.566449173743	17.448431614843713	17.447053963364624	-2.699227479752153e-06	3.99888631363865e-06	46.33550234066278	True	Stroma
Patient7a	ROI02	55	373.422	6.61611e-12	9066	7618	9086.32718315496	7619.7544502239	14.9657129364151	Patient7a_AAGTAGAAGACCGGGT-1	9086.327185867254	7619.754446237393	17.283600889721907	17.282426350324943	-2.7122950996272266e-06	3.9865071812528186e-06	20.402756446210795	True	Stroma
Patient7a	ROI02	56	728.222	1.29906e-11	9066	7618	9060.78650752086	7614.94244727517	4.43331147095483	Patient7a_AAGTAGAAGACCGGGT-1	9060.786510246218	7614.942443301042	17.129251842612344	17.128106397098648	-2.725359081523493e-06	3.974128048866987e-06	6.043933528355018	True	Stroma
Patient7a	ROI02	57	1734.44	1.61799e-11	9066	7618	9035.24583188675	7610.13044432644	23.2854535852633	Patient7a_AAGTAGAAGACCGGGT-1	9035.245834625182	7610.130440364692	16.985670217427487	16.98437507205771	-2.738432158366777e-06	3.961748006986454e-06	31.74505887279612	True	Stroma
Patient7a	ROI02	58	113.523	1.10691e-11	9066	7618	9009.70515625265	7605.31844137771	42.3278496726913	Patient7a_AAGTAGAAGACCGGGT-1	9009.705159004146	7605.31843742834	16.853131218200826	16.851503317758215	-2.7514961402630438e-06	3.9493697840953246e-06	57.70555745878463	True	Stroma
Patient7a	ROI02	62	1225.33	1.82866e-11	9066	7618	9029.26678296523	7634.79362140555	29.6266671503028	Patient7a_AAGTAGAAGACCGGGT-1	9029.26678571644	7634.793617440686	16.884227257283317	16.882434633580598	-2.7512105589266862e-06	3.964863935834728e-06	40.39003532601231	True	Stroma
Patient7a	ROI02	63	1619.64	1.31507e-11	9066	7618	9054.80745859934	7639.60562435428	17.8483177503562	Patient7a_AAGTAGAAGACCGGGT-1	9054.807461337476	7639.605620377037	17.038343855049085	17.036768280517173	-2.738135663093999e-06	3.97724306822056e-06	24.332611589053457	True	Stroma
Patient7a	ROI02	64	582.12	7.71249e-12	9066	7618	9080.34813423344	7644.41762730301	22.0513468470789	Patient7a_AAGTAGAAGACCGGGT-1	9080.348136958512	7644.4176233133885	17.203095873862775	17.201556539250333	-2.7250716811977327e-06	3.989621291111689e-06	30.06260115661213	True	Stroma
Patient7a	ROI02	74	212.555	1.06786e-11	9066	7618	9099.90976094603	7673.89280733086	47.9534232394552	Patient7a_AAGTAGAAGACCGGGT-1	9099.909763670805	7673.892803325734	17.328285114347956	17.326070749102527	-2.7247751859249547e-06	4.005125447292812e-06	65.37490190234695	True	Stroma
Patient7a	ROI02	75	138.993	7.97845e-12	9066	7618	9074.36908531192	7669.08080438213	37.9680628924421	Patient7a_AAGTAGAAGACCGGGT-1	9074.369088049769	7669.080800389383	17.14307581245903	17.14093381082024	-2.7378482627682388e-06	3.992746314906981e-06	51.76186014126249	True	Stroma
Patient7a	ROI02	76	67.1666	7.62056e-12	9066	7618	9048.82840967782	7664.2688014334	36.2007349427624	Patient7a_AAGTAGAAGACCGGGT-1	9048.828412428731	7664.268797453033	16.968027189229332	16.965780142775966	-2.750912244664505e-06	3.9803671825211495e-06	49.352461947466686	True	Stroma
Patient7a	ROI02	50	162.733	9.56858e-12	9186	7688	9214.03056132547	7643.81446496755	38.3823132904975	Patient7a_CAACTCCTTGATCCCG-1	9214.03056397243	7643.814460919147	18.206607069408825	18.20278589133921	-2.6469606382306665e-06	4.048402843181975e-06	52.32660770893531	True	Stroma
Patient7a	ROI02	52	175.841	8.51052e-12	9186	7688	9162.94921005727	7634.19045907009	42.9391358512341	Patient7a_CAACTCCTTGATCCCG-1	9162.94921273036	7634.190455046445	17.808355433577038	17.8060707012831	-2.6730904210126027e-06	4.0236445784103125e-06	58.53892390599241	True	Stroma
Patient7a	ROI02	67	41.6779	8.17454e-12	9186	7688	9156.97016113575	7658.8536361492	30.1744810102146	Patient7a_CAACTCCTTGATCCCG-1	9156.970163821616	7658.85363212244	17.758109050890848	17.75564606012591	-2.685867002583109e-06	4.026759597763885e-06	41.13686996123467	True	Stroma
Patient7a	ROI02	68	405.505	2.45642e-11	9186	7688	9182.51083676985	7663.66563909793	18.0321526653478	Patient7a_CAACTCCTTGATCCCG-1	9182.510839442652	7663.665635058792	17.9623228922724	17.95922714121535	-2.6728030206868425e-06	4.039137820655014e-06	24.583233728678525	True	Stroma
Patient7a	ROI02	69	67.921	1.07888e-11	9186	7688	9208.05151240396	7668.47764204666	21.6031054810785	Patient7a_CAACTCCTTGATCCCG-1	9208.05151506369	7668.477637995142	18.17561458064897	18.171733864690665	-2.6597299438435584e-06	4.051517862535548e-06	29.45151370236044	True	Stroma
Patient7a	ROI02	70	480.615	1.12081e-11	9186	7688	9202.07246348244	7693.14081912578	12.3777593805429	Patient7a_CAACTCCTTGATCCCG-1	9202.072466154948	7693.140815071138	18.164258380815838	18.160098755448047	-2.6725065254140645e-06	4.0546419768361375e-06	16.874599363491615	True	Stroma
Patient7a	ROI02	72	261.425	7.49324e-12	9186	7688	9150.99111221423	7683.51681322832	25.8892214788354	Patient7a_CAACTCCTTGATCCCG-1	9150.991114912877	7683.516809198436	17.727894505956908	17.725026316513915	-2.6986454031430185e-06	4.029883712064475e-06	35.294775642103886	True	Stroma
Patient7a	ROI02	73	451.454	1.57009e-11	9186	7688	9125.45043658013	7678.70481027959	44.9342612744822	Patient7a_CAACTCCTTGATCCCG-1	9125.45043929184	7678.704806262085	17.523332924180654	17.52087449133091	-2.7117112040286884e-06	4.017504579678644e-06	61.25887839550561	True	Stroma
Patient7a	ROI02	87	127.475	8.69483e-12	9186	7688	9145.01206329272	7708.17999030743	33.511592640217	Patient7a_CAACTCCTTGATCCCG-1	9145.012066004134	7708.179986274432	17.717814281158603	17.714314170890976	-2.7114147087559104e-06	4.032997821923345e-06	45.68635424640511	True	Stroma
Patient7a	ROI02	88	48.4956	8.94146e-12	9186	7688	9170.55273892682	7712.99199325616	21.551063618905	Patient7a_CAACTCCTTGATCCCG-1	9170.552741625168	7712.991989210783	17.940876793353283	17.93687495892652	-2.698347088880837e-06	4.045376954309177e-06	29.38056503164784	True	Stroma
Patient7a	ROI02	89	113.543	1.02968e-11	9186	7688	9196.09341456092	7717.80399620489	23.0812966728019	Patient7a_CAACTCCTTGATCCCG-1	9196.093417246204	7717.803992147134	18.17257528260822	18.16791786863256	-2.68528310698457e-06	4.057756086695008e-06	31.466731754023765	True	Stroma
Patient7a	ROI02	79	764.466	1.29924e-11	8945	7686	8972.20638277551	7649.83279258721	33.1971260616637	Patient7a_CCAATTGAATGTTAAT-1	8972.206385565627	7649.83278864398	16.506984348853628	16.5033071092963	-2.790116923279129e-06	3.943229785363656e-06	45.25764195986515	True	Stroma
Patient7a	ROI02	80	1108.96	2.70769e-11	8945	7686	8966.22733385399	7674.49596966632	17.710115508491	Patient7a_CCAATTGAATGTTAAT-1	8966.227336656884	7674.495965719976	16.426044700916922	16.42122465875325	-2.802893504849635e-06	3.946343895222526e-06	24.1442004727225	True	Stroma
Patient7a	ROI02	81	2534.62	2.4995e-11	8945	7686	8991.7680094881	7679.30797261505	34.6544151173561	Patient7a_CCAATTGAATGTTAAT-1	8991.76801227792	7679.307968656327	16.5793804529393	16.575306288145665	-2.789820428006351e-06	3.958723027608357e-06	47.24436412949075	True	Stroma
Patient7a	ROI02	98	340.317	1.22392e-11	8945	7686	8985.78896056658	7703.97114969417	32.6945133900358	Patient7a_CCAATTGAATGTTAAT-1	8985.788963369178	7703.971145732323	16.53042396484978	16.525037734768606	-2.802597009576857e-06	3.961847141908947e-06	44.57243010463222	True	Stroma
Patient7a	ROI02	99	1369.52	1.75128e-11	8945	7686	8960.24828493248	7699.15914674544	14.7739558633927	Patient7a_CCAATTGAATGTTAAT-1	8960.248287748142	7699.159142795971	16.366558877052537	16.36034445719333	-2.8156609914731234e-06	3.949468919017818e-06	20.14133402856274	True	Stroma
